order_id,customer_id,product,amount,order_date
9001,1211,ThinkPad X1,30249115.98,2026-07-01
9002,1347,Noi chien,4315820.19,2026-05-28
9003,1035,LG OLED,12801186.31,2026-04-14
9004,1039,Robot hut bui,4461969.2,2026-03-12
9005,1349,Oppo Reno,17767971.98,2026-07-07
9006,1391,Sony Bravia,14961402.26,2026-01-19
9007,1411,Robot hut bui,5052181.08,2026-02-23
9008,1018,MacBook Air,33799981.2,2026-06-05
9009,1189,Dell XPS 13,35094157.93,2026-06-15
9010,1300,Noi chien,4375216.84,2026-06-22
9011,1372,Tai nghe,345151.48,2026-06-01
9012,1070,Samsung QLED,16198000.58,2026-07-18
9013,1253,Chuot khong day,430572.39,2026-07-08
9014,1411,Dell XPS 13,35789158.8,2026-06-24
9015,1358,Tai nghe,375093.4,2026-08-20
9016,1190,Sony Bravia,15916500.81,2026-06-03
9017,1139,Sony Bravia,17146827.54,2026-07-14
9018,1407,Noi chien,4467468.65,2026-08-06
9019,1103,MacBook Air,36119015.67,2026-05-22
9020,1309,Robot hut bui,4801371.3,2026-01-10
9021,1066,ThinkPad X1,33939100.52,2026-08-10
9022,1263,Galaxy S24,18444551.87,2026-07-21
9023,1048,Noi chien,5219460.11,2026-04-15
9024,1242,LG OLED,15049860.17,2026-04-24
9025,1213,Samsung QLED,15082306.33,2026-08-28
9026,1375,Xiaomi 14,18416487.12,2026-01-20
9027,1150,Sac nhanh,361386.38,2026-06-01
9028,1226,iPhone 15,18068744.83,2026-01-04
9029,1066,ThinkPad X1,31821196.1,2026-02-22
9030,1318,May loc khong khi,4922043.69,2026-01-02
9031,1193,Chuot khong day,450719.56,2026-04-27
9032,1089,May loc khong khi,5588985.05,2026-08-27
9033,1137,Xiaomi 14,15720444.91,2026-03-27
9034,1192,Chuot khong day,420184.99,2026-03-03
9035,1156,LG OLED,14626289.22,2026-03-02
9036,1110,May loc khong khi,4683436.36,2026-03-01
9037,1400,Dell XPS 13,28500097.18,2026-07-02
9038,1346,Dell XPS 13,27630127.79,2026-03-04
9039,1004,Samsung QLED,14591553.72,2026-01-10
9040,1051,Galaxy S24,17716592.43,2026-05-15
9041,1296,LG OLED,17091621.76,2026-05-07
9042,1151,Xiaomi 14,19112268.09,2026-03-24
9043,1083,Dell XPS 13,32815652.14,2026-06-22
9044,1351,Oppo Reno,19868659.76,2026-02-02
9045,1113,Oppo Reno,19963218.5,2026-08-28
9046,1281,Robot hut bui,4399065.68,2026-01-06
9047,1424,Xiaomi 14,15441252.5,2026-03-11
9048,1330,LG OLED,14973534.36,2026-05-27
9049,1392,iPhone 15,17131200.1,2026-09-24
9050,1434,ThinkPad X1,33997058.57,2026-03-11
9051,1292,LG OLED,13452597.2,2026-08-06
9052,1204,Sac nhanh,407022.23,2026-07-17
9053,1048,Robot hut bui,5395492.68,2026-09-16
9054,1231,Oppo Reno,15849819.95,2026-03-19
9055,1170,May loc khong khi,4646741.63,2026-06-18
9056,1234,Sony Bravia,16709918.9,2026-06-27
9057,1018,Sony Bravia,12764758.1,2026-04-04
9058,1034,ThinkPad X1,35688129.21,2026-07-12
9059,1448,Dell XPS 13,33807006.42,2026-09-23
9060,1231,Noi chien,4604948.19,2026-03-17
9061,1398,Noi chien,4624752.51,2026-09-05
9062,1197,Dell XPS 13,33911611.4,2026-05-17
9063,1366,Robot hut bui,5723053.72,2026-03-27
9064,1160,Sony Bravia,14718396.16,2026-04-03
9065,1153,May loc khong khi,5586425.22,2026-03-15
9066,1300,MacBook Air,31032775.32,2026-04-21
9067,1219,Xiaomi 14,20217444.89,2026-09-28
9068,1350,Chuot khong day,363886.24,2026-02-17
9069,1190,May loc khong khi,5594119.03,2026-07-12
9070,1216,May loc khong khi,5249173.12,2026-01-14
9071,1176,Robot hut bui,4633465.3,2026-03-19
9072,1156,MacBook Air,31082975.19,2026-04-15
9073,1046,Chuot khong day,421223.08,2026-08-13
9074,1311,LG OLED,13138830.05,2026-05-08
9075,1071,Dell XPS 13,35784344.16,2026-05-02
9076,1115,iPhone 15,19987397.57,2026-07-15
9077,1197,ThinkPad X1,33541108.15,2026-09-10
9078,1117,Robot hut bui,5029517.29,2026-04-27
9079,1270,Robot hut bui,4862010.78,2026-05-16
9080,1166,iPhone 15,19167532.01,2026-04-10
9081,1450,MacBook Air,35528002.05,2026-03-10
9082,1053,Robot hut bui,4523765.1,2026-01-18
9083,1278,ThinkPad X1,30991707.02,2026-06-03
9084,1103,iPhone 15,17318747.98,2026-08-03
9085,1056,Sony Bravia,16655322.71,2026-07-11
9086,1309,MacBook Air,36462858.07,2026-05-17
9087,1138,Sac nhanh,347951.94,2026-04-20
9088,1240,May loc khong khi,4824478.04,2026-02-03
9089,1378,Chuot khong day,414791.87,2026-01-06
9090,1359,iPhone 15,20590127.64,2026-02-19
9091,1138,Op lung,441277.57,2026-04-04
9092,1135,Sac nhanh,390219.47,2026-08-06
9093,1289,Robot hut bui,4839540.19,2026-06-09
9094,1276,Chuot khong day,420369.59,2026-02-20
9095,1383,Sony Bravia,16087005.13,2026-02-24
9096,1278,LG OLED,13469202.24,2026-01-04
9097,1153,ThinkPad X1,30947935.83,2026-09-08
9098,1315,LG OLED,15185561.15,2026-04-07
9099,1344,Tai nghe,353994.53,2026-09-07
9100,1264,May loc khong khi,4300761.59,2026-01-24
9101,1177,May loc khong khi,5545557.54,2026-03-14
9102,1331,Sac nhanh,384136.76,2026-08-27
9103,1423,Xiaomi 14,19299622.35,2026-02-10
9104,1046,Dell XPS 13,35697710.35,2026-01-06
9105,1092,ThinkPad X1,35562144.8,2026-07-04
9106,1067,Noi chien,4780692.45,2026-04-27
9107,1397,Dell XPS 13,28310778.51,2026-03-03
9108,1073,ThinkPad X1,34478803.42,2026-09-15
9109,1268,Dell XPS 13,28454248.72,2026-01-22
9110,1072,Dell XPS 13,31090376.66,2026-04-14
9111,1354,Samsung QLED,15616921.03,2026-04-08
9112,1340,Chuot khong day,435763.1,2026-08-24
9113,1203,iPhone 15,15573106.69,2026-02-25
9114,1019,Sony Bravia,16651222.74,2026-06-07
9115,1353,Dell XPS 13,32772665.71,2026-04-16
9116,1119,Op lung,397187.33,2026-08-12
9117,1139,Tai nghe,436135.73,2026-09-03
9118,1299,iPhone 15,19967774.17,2026-08-01
9119,1019,Sony Bravia,13485999.55,2026-07-10
9120,1063,May loc khong khi,4254014.94,2026-01-09
9121,1357,Samsung QLED,17214616.48,2026-05-12
9122,1217,May loc khong khi,4619005.23,2026-04-16
9123,1398,May loc khong khi,5443065.71,2026-03-15
9124,1149,Op lung,401718.11,2026-03-16
9125,1398,iPhone 15,19887401.78,2026-08-27
9126,1422,Op lung,363046.22,2026-09-26
9127,1020,Dell XPS 13,34236504.9,2026-04-22
9128,1381,ThinkPad X1,30515395.94,2026-08-20
9129,1368,Op lung,415445.85,2026-01-18
9130,1325,Dell XPS 13,33440356.32,2026-05-08
9131,1060,Noi chien,4884194.02,2026-07-23
9132,1374,iPhone 15,16937385.58,2026-09-08
9133,1356,Chuot khong day,396900.34,2026-05-05
9134,1128,Galaxy S24,15953679.49,2026-09-03
9135,1399,Robot hut bui,4414813.94,2026-07-18
9136,1403,Tai nghe,387957.37,2026-08-08
9137,1370,Dell XPS 13,33716908.92,2026-06-17
9138,1320,LG OLED,15574425.93,2026-09-22
9139,1345,Oppo Reno,20457790.57,2026-04-22
9140,1148,Dell XPS 13,27420742.14,2026-09-14
9141,1132,MacBook Air,28021996.03,2026-08-05
9142,1388,LG OLED,14273549.59,2026-06-28
9143,1096,Tai nghe,411399.9,2026-03-01
9144,1231,Xiaomi 14,16683138.07,2026-04-27
9145,1229,MacBook Air,31793890.99,2026-08-09
9146,1224,LG OLED,15291765.5,2026-06-22
9147,1266,ThinkPad X1,34378173.63,2026-07-04
9148,1267,Chuot khong day,427761.58,2026-02-08
9149,1029,Tai nghe,347936.63,2026-01-10
9150,1098,Samsung QLED,13478301.37,2026-06-23
9151,1199,LG OLED,15171105.14,2026-07-16
9152,1418,iPhone 15,17537460.91,2026-04-25
9153,1076,May loc khong khi,5445394.08,2026-05-06
9154,1441,iPhone 15,17146990.88,2026-06-03
9155,1288,Sony Bravia,17067890.26,2026-09-28
9156,1352,Tai nghe,354989.95,2026-01-15
9157,1043,LG OLED,15884354.79,2026-02-06
9158,1046,Op lung,435414.51,2026-04-19
9159,1379,Sony Bravia,16003192.46,2026-09-03
9160,1380,Galaxy S24,17178387.13,2026-06-04
9161,1285,May loc khong khi,4664474.79,2026-02-23
9162,1103,Sony Bravia,13990441.07,2026-06-28
9163,1234,Dell XPS 13,29390731.63,2026-08-28
9164,1058,Op lung,445852.37,2026-09-28
9165,1059,MacBook Air,34963981.04,2026-05-15
9166,1015,ThinkPad X1,34403269.79,2026-08-17
9167,1225,Galaxy S24,16144258.58,2026-03-25
9168,1153,Robot hut bui,4788962.64,2026-01-25
9169,1305,Chuot khong day,385974.13,2026-03-25
9170,1171,Op lung,340646.04,2026-07-21
9171,1441,Sac nhanh,370318.7,2026-03-07
9172,1160,Noi chien,5351956.68,2026-01-14
9173,1114,Noi chien,5269473.32,2026-03-22
9174,1049,ThinkPad X1,27729236.38,2026-07-26
9175,1184,Robot hut bui,4364549.57,2026-03-23
9176,1330,MacBook Air,31400317.39,2026-08-27
9177,1422,Samsung QLED,13276815.13,2026-08-03
9178,1398,Xiaomi 14,19317510.75,2026-07-23
9179,1106,Chuot khong day,360098.9,2026-04-09
9180,1246,Noi chien,5357855.56,2026-01-02
9181,1101,Op lung,441530.03,2026-09-21
9182,1058,Xiaomi 14,18973692.08,2026-04-01
9183,1309,iPhone 15,15843519.66,2026-02-03
9184,1159,LG OLED,14212781.11,2026-08-02
9185,1125,Tai nghe,448509.78,2026-08-07
9186,1422,Xiaomi 14,20086327.39,2026-02-14
9187,1173,May loc khong khi,4812261.72,2026-04-22
9188,1272,Noi chien,4696944.65,2026-03-27
9189,1338,iPhone 15,17054639.75,2026-04-22
9190,1436,May loc khong khi,4845819.05,2026-03-16
9191,1393,Dell XPS 13,35382570.56,2026-08-09
9192,1195,ThinkPad X1,31779638.16,2026-03-07
9193,1005,Noi chien,4550578.91,2026-07-08
9194,1367,Dell XPS 13,30042147.45,2026-05-07
9195,1025,Sony Bravia,16259601.49,2026-05-03
9196,1287,May loc khong khi,5368684.81,2026-08-13
9197,1272,May loc khong khi,5486253.54,2026-06-06
9198,1003,ThinkPad X1,28599541.33,2026-03-19
9199,1363,iPhone 15,16652204.88,2026-07-07
9200,1407,ThinkPad X1,31390461.68,2026-02-02
9201,1425,Oppo Reno,19814307.44,2026-03-15
9202,1122,Tai nghe,349586.96,2026-02-26
9203,1005,Noi chien,4625268.91,2026-09-08
9204,1406,Robot hut bui,5214742.26,2026-09-01
9205,1202,ThinkPad X1,34111388.63,2026-08-04
9206,1154,LG OLED,14653753.99,2026-04-22
9207,1125,Chuot khong day,360397.84,2026-01-17
9208,1119,Chuot khong day,425056.0,2026-01-27
9209,1414,Noi chien,5356990.4,2026-05-01
9210,1204,MacBook Air,30868091.22,2026-05-11
9211,1053,Sony Bravia,13874478.14,2026-07-19
9212,1031,Op lung,343716.76,2026-04-15
9213,1341,May loc khong khi,5653506.9,2026-08-28
9214,1276,LG OLED,16468743.49,2026-04-07
9215,1227,Noi chien,5706969.43,2026-07-11
9216,1171,MacBook Air,27759452.11,2026-08-08
9217,1151,May loc khong khi,5532363.41,2026-05-18
9218,1145,Dell XPS 13,36375127.21,2026-01-01
9219,1434,Dell XPS 13,29755217.9,2026-02-12
9220,1180,LG OLED,15360931.39,2026-06-01
9221,1048,LG OLED,15167863.25,2026-01-23
9222,1437,iPhone 15,16915930.71,2026-06-11
9223,1349,LG OLED,13261163.74,2026-08-23
9224,1447,ThinkPad X1,36538027.11,2026-09-18
9225,1335,Robot hut bui,5294811.25,2026-06-06
9226,1347,May loc khong khi,4305823.76,2026-07-23
9227,1399,iPhone 15,16451880.33,2026-05-24
9228,1086,Sac nhanh,440925.75,2026-09-26
9229,1029,Dell XPS 13,27805726.05,2026-06-25
9230,1134,Sac nhanh,451028.53,2026-05-04
9231,1294,Robot hut bui,5304765.89,2026-01-09
9232,1296,May loc khong khi,5133883.37,2026-02-18
9233,1217,Noi chien,5237930.65,2026-09-28
9234,1273,Sony Bravia,16508142.78,2026-07-09
9235,1294,Dell XPS 13,35538060.66,2026-09-25
9236,1294,MacBook Air,35451835.5,2026-01-04
9237,1126,Galaxy S24,19314808.23,2026-08-17
9238,1042,iPhone 15,20205683.25,2026-07-20
9239,1153,Op lung,431895.83,2026-08-24
9240,1146,Tai nghe,424063.6,2026-04-23
9241,1306,Xiaomi 14,15763197.05,2026-07-01
9242,1347,Tai nghe,432312.17,2026-01-04
9243,1161,Dell XPS 13,35501681.21,2026-02-06
9244,1157,LG OLED,14546237.11,2026-03-04
9245,1346,Samsung QLED,15634271.14,2026-08-18
9246,1050,Chuot khong day,387161.8,2026-05-15
9247,1155,iPhone 15,18081595.41,2026-06-11
9248,1154,Sony Bravia,15922199.53,2026-07-23
9249,1093,Galaxy S24,19181706.2,2026-04-01
9250,1015,ThinkPad X1,31661616.45,2026-02-02
9251,1031,ThinkPad X1,33079055.53,2026-05-15
9252,1044,May loc khong khi,4495218.62,2026-07-01
9253,1174,Op lung,441532.06,2026-01-05
9254,1150,Chuot khong day,350417.86,2026-09-13
9255,1300,May loc khong khi,4702375.27,2026-03-01
9256,1246,Noi chien,4258611.25,2026-06-18
9257,1426,Samsung QLED,14706054.87,2026-01-22
9258,1216,MacBook Air,29540248.83,2026-08-07
9259,1328,Samsung QLED,16598735.91,2026-02-19
9260,1078,Robot hut bui,5588926.52,2026-01-13
9261,1260,Robot hut bui,5053875.88,2026-07-26
9262,1371,May loc khong khi,5037897.27,2026-09-13
9263,1129,Xiaomi 14,16903746.63,2026-02-12
9264,1442,Noi chien,5080065.34,2026-03-03
9265,1153,ThinkPad X1,35114910.3,2026-07-28
9266,1333,Xiaomi 14,18961699.18,2026-01-17
9267,1249,MacBook Air,32673694.82,2026-06-13
9268,1444,Xiaomi 14,19614134.14,2026-07-05
9269,1363,Robot hut bui,4841327.35,2026-04-04
9270,1044,Dell XPS 13,32961694.92,2026-07-23
9271,1412,Chuot khong day,417273.04,2026-02-13
9272,1156,Dell XPS 13,27439590.96,2026-01-04
9273,1073,Robot hut bui,5474962.11,2026-08-20
9274,1133,Op lung,406689.74,2026-07-05
9275,1095,Sony Bravia,16330136.61,2026-02-28
9276,1247,Sony Bravia,13922618.8,2026-01-09
9277,1086,Op lung,349971.61,2026-09-04
9278,1224,MacBook Air,30451381.63,2026-05-06
9279,1166,iPhone 15,18231095.86,2026-04-06
9280,1008,LG OLED,14363849.66,2026-06-23
9281,1204,ThinkPad X1,28850238.31,2026-07-27
9282,1254,Galaxy S24,18609441.93,2026-09-25
9283,1115,Noi chien,4292914.77,2026-09-20
9284,1406,Xiaomi 14,17330236.68,2026-02-08
9285,1429,LG OLED,16388944.61,2026-02-23
9286,1109,Sony Bravia,16626647.21,2026-05-26
9287,1019,Samsung QLED,13265776.92,2026-09-16
9288,1076,iPhone 15,20555900.87,2026-05-18
9289,1363,Op lung,448093.34,2026-09-27
9290,1286,Robot hut bui,5224072.41,2026-06-06
9291,1020,ThinkPad X1,34099455.87,2026-04-18
9292,1118,Robot hut bui,5368097.34,2026-08-07
9293,1130,Oppo Reno,20270883.75,2026-02-07
9294,1259,Sac nhanh,456677.96,2026-05-06
9295,1294,Samsung QLED,13540821.83,2026-01-23
9296,1233,Chuot khong day,419482.85,2026-04-21
9297,1392,Robot hut bui,4902794.29,2026-04-25
9298,1167,Op lung,419727.4,2026-04-06
9299,1396,Dell XPS 13,35223375.85,2026-01-20
9300,1292,Galaxy S24,18521133.74,2026-03-23
9301,1264,LG OLED,16110802.37,2026-06-03
9302,1024,Chuot khong day,459461.11,2026-01-05
9303,1010,Robot hut bui,5515764.42,2026-06-19
9304,1403,Op lung,345944.95,2026-03-09
9305,1253,Tai nghe,431798.84,2026-05-04
9306,1439,May loc khong khi,4449408.3,2026-02-26
9307,1096,Galaxy S24,17477485.27,2026-05-24
9308,1317,Noi chien,5377618.22,2026-07-01
9309,1059,Robot hut bui,5677232.64,2026-05-17
9310,1405,Samsung QLED,13998378.93,2026-09-27
9311,1102,Sony Bravia,13961186.36,2026-09-04
9312,1449,Dell XPS 13,28805203.37,2026-04-20
9313,1045,Robot hut bui,4308321.24,2026-03-08
9314,1302,Dell XPS 13,29099044.23,2026-08-06
9315,1072,Dell XPS 13,36466681.83,2026-09-19
9316,1255,LG OLED,14157083.54,2026-07-24
9317,1064,Galaxy S24,16806045.16,2026-06-16
9318,1118,Robot hut bui,4264731.66,2026-01-18
9319,1352,Dell XPS 13,36736251.12,2026-01-19
9320,1384,ThinkPad X1,29493208.75,2026-02-18
9321,1441,Oppo Reno,17745435.13,2026-01-25
9322,1210,Sony Bravia,14146683.09,2026-04-28
9323,1042,LG OLED,15706692.75,2026-07-23
9324,1243,Dell XPS 13,36638328.83,2026-03-16
9325,1064,ThinkPad X1,34418882.95,2026-05-23
9326,1371,May loc khong khi,4856106.96,2026-06-10
9327,1362,Galaxy S24,18533250.75,2026-03-12
9328,1024,Robot hut bui,5341662.62,2026-03-20
9329,1194,LG OLED,15642398.36,2026-06-02
9330,1313,MacBook Air,28182781.5,2026-06-26
9331,1198,Dell XPS 13,30291489.65,2026-04-25
9332,1136,Sony Bravia,14709543.09,2026-05-18
9333,1057,Tai nghe,375272.43,2026-07-20
9334,1397,ThinkPad X1,28538176.2,2026-07-02
9335,1313,Oppo Reno,18805083.27,2026-09-25
9336,1382,Sony Bravia,16026846.07,2026-07-17
9337,1050,Oppo Reno,15434517.62,2026-03-18
9338,1392,Sony Bravia,15287045.29,2026-04-04
9339,1014,Noi chien,4822258.7,2026-05-13
9340,1104,ThinkPad X1,36423970.38,2026-03-07
9341,1137,Dell XPS 13,32594208.32,2026-04-16
9342,1368,May loc khong khi,4912858.72,2026-01-01
9343,1201,Xiaomi 14,19101639.81,2026-09-12
9344,1441,iPhone 15,17886787.5,2026-03-16
9345,1028,Chuot khong day,351297.97,2026-08-08
9346,1250,Xiaomi 14,20619833.65,2026-01-12
9347,1130,iPhone 15,18907913.02,2026-06-19
9348,1212,Noi chien,4793588.19,2026-05-17
9349,1302,Dell XPS 13,33781091.43,2026-06-02
9350,1200,Noi chien,5078322.31,2026-01-07
9351,1271,Galaxy S24,15438962.77,2026-04-17
9352,1250,Xiaomi 14,18919605.08,2026-08-02
9353,1251,ThinkPad X1,27880942.21,2026-01-15
9354,1267,LG OLED,15486697.63,2026-06-23
9355,1353,Noi chien,5641273.08,2026-08-27
9356,1261,Robot hut bui,5058737.86,2026-02-04
9357,1175,Xiaomi 14,16712543.18,2026-09-02
9358,1190,Oppo Reno,16410246.87,2026-08-14
9359,1165,Noi chien,4680298.33,2026-02-28
9360,1227,Oppo Reno,17402863.78,2026-02-19
9361,1263,Noi chien,4357710.89,2026-03-18
9362,1088,LG OLED,16262694.58,2026-04-21
9363,1015,MacBook Air,28090876.02,2026-01-16
9364,1198,ThinkPad X1,29612554.6,2026-03-16
9365,1262,Chuot khong day,392229.44,2026-07-18
9366,1105,Xiaomi 14,15994721.77,2026-03-17
9367,1141,Samsung QLED,13981948.23,2026-08-11
9368,1355,Noi chien,5538200.77,2026-06-17
9369,1448,Sac nhanh,409184.41,2026-08-08
9370,1168,Samsung QLED,12868323.65,2026-03-02
9371,1046,LG OLED,15269650.68,2026-09-05
9372,1158,MacBook Air,29207426.49,2026-02-13
9373,1360,Sony Bravia,14290468.82,2026-06-04
9374,1102,Oppo Reno,18710563.81,2026-07-27
9375,1005,MacBook Air,33681677.42,2026-09-06
9376,1302,Dell XPS 13,33036867.94,2026-04-20
9377,1003,LG OLED,15680021.77,2026-01-24
9378,1108,Xiaomi 14,17536022.67,2026-04-24
9379,1082,Noi chien,5295329.66,2026-04-20
9380,1306,Robot hut bui,5424630.26,2026-03-18
9381,1428,Dell XPS 13,29543504.17,2026-04-12
9382,1285,Oppo Reno,18500660.78,2026-04-13
9383,1107,Sac nhanh,407678.54,2026-05-26
9384,1015,Tai nghe,421601.7,2026-03-13
9385,1411,Dell XPS 13,28951679.33,2026-01-01
9386,1214,ThinkPad X1,28660785.13,2026-05-05
9387,1139,Dell XPS 13,34891893.63,2026-07-02
9388,1281,Sony Bravia,14301546.28,2026-03-25
9389,1029,Dell XPS 13,28371870.24,2026-01-06
9390,1300,Galaxy S24,20131949.36,2026-07-05
9391,1418,Oppo Reno,17305967.86,2026-06-07
9392,1343,MacBook Air,30388571.8,2026-03-14
9393,1101,Chuot khong day,399173.78,2026-03-04
9394,1249,LG OLED,13125228.11,2026-04-25
9395,1102,Noi chien,5257759.92,2026-01-01
9396,1054,LG OLED,13332370.82,2026-02-22
9397,1274,Galaxy S24,19035597.07,2026-04-22
9398,1119,Noi chien,5227659.73,2026-02-28
9399,1389,Galaxy S24,19219774.22,2026-09-18
9400,1057,Robot hut bui,5171908.39,2026-03-19
9401,1371,Xiaomi 14,20363832.48,2026-05-06
9402,1260,Dell XPS 13,33970607.78,2026-05-18
9403,1229,ThinkPad X1,28741572.43,2026-04-16
9404,1434,Oppo Reno,18044209.35,2026-05-16
9405,1300,Op lung,381881.27,2026-06-24
9406,1095,ThinkPad X1,34300067.27,2026-07-18
9407,1263,Robot hut bui,4310218.04,2026-06-06
9408,1042,Chuot khong day,348211.33,2026-05-28
9409,1024,Noi chien,4971073.98,2026-06-12
9410,1376,Samsung QLED,15468451.31,2026-03-26
9411,1046,Op lung,380931.2,2026-09-18
9412,1026,May loc khong khi,5628966.68,2026-07-08
9413,1307,Sony Bravia,14583444.78,2026-09-16
9414,1013,Dell XPS 13,30638548.31,2026-07-28
9415,1062,Samsung QLED,13221273.6,2026-01-18
9416,1239,MacBook Air,36248672.25,2026-06-24
9417,1289,iPhone 15,18958206.13,2026-07-05
9418,1167,Robot hut bui,4814525.25,2026-03-02
9419,1123,Sony Bravia,16177101.04,2026-02-05
9420,1424,Xiaomi 14,19755963.68,2026-08-18
9421,1169,MacBook Air,30804136.81,2026-08-01
9422,1019,Galaxy S24,20164836.7,2026-03-04
9423,1174,MacBook Air,29055482.74,2026-06-16
9424,1198,Xiaomi 14,17876994.45,2026-02-01
9425,1094,Sony Bravia,14383368.29,2026-07-11
9426,1016,Sac nhanh,455094.88,2026-06-04
9427,1303,Sony Bravia,16204836.36,2026-04-14
9428,1133,Oppo Reno,20651148.77,2026-05-11
9429,1269,May loc khong khi,4915368.55,2026-02-19
9430,1205,LG OLED,13097675.52,2026-05-01
9431,1052,Samsung QLED,14500202.73,2026-04-06
9432,1418,May loc khong khi,5499409.91,2026-03-13
9433,1353,Dell XPS 13,27609403.63,2026-08-12
9434,1204,Robot hut bui,4690274.52,2026-09-04
9435,1039,Chuot khong day,421632.17,2026-06-15
9436,1423,LG OLED,16380268.86,2026-09-09
9437,1149,Samsung QLED,13681223.23,2026-02-20
9438,1395,ThinkPad X1,33726127.22,2026-08-02
9439,1137,LG OLED,15815867.0,2026-03-07
9440,1223,LG OLED,15369837.99,2026-02-02
9441,1035,Noi chien,4617910.12,2026-03-08
9442,1138,May loc khong khi,5581228.34,2026-09-01
9443,1214,MacBook Air,30177295.61,2026-03-09
9444,1439,ThinkPad X1,33663284.55,2026-01-25
9445,1165,Samsung QLED,15320400.26,2026-03-02
9446,1319,Chuot khong day,447824.02,2026-04-01
9447,1078,Galaxy S24,18713314.45,2026-09-17
9448,1185,Chuot khong day,353188.05,2026-08-18
9449,1043,Robot hut bui,4434300.09,2026-07-18
9450,1023,iPhone 15,20625251.58,2026-07-27
9451,1302,LG OLED,12886786.01,2026-07-02
9452,1306,Sac nhanh,364400.37,2026-08-01
9453,1323,Robot hut bui,4644959.88,2026-07-08
9454,1348,Dell XPS 13,27619707.43,2026-08-18
9455,1012,Galaxy S24,16732991.96,2026-04-20
9456,1016,May loc khong khi,5073903.13,2026-07-24
9457,1159,Samsung QLED,15239870.85,2026-09-08
9458,1177,Sony Bravia,13908531.53,2026-03-22
9459,1174,Sac nhanh,340839.3,2026-04-23
9460,1142,Sony Bravia,12804492.79,2026-04-03
9461,1371,LG OLED,15347343.04,2026-05-11
9462,1159,Tai nghe,451046.15,2026-01-09
9463,1285,iPhone 15,16019152.43,2026-06-13
9464,1006,Robot hut bui,5443776.51,2026-09-13
9465,1131,Dell XPS 13,32653668.5,2026-04-26
9466,1379,Samsung QLED,13831712.73,2026-04-06
9467,1111,Tai nghe,436222.59,2026-02-16
9468,1213,Sac nhanh,390867.21,2026-01-04
9469,1111,Galaxy S24,19929197.38,2026-07-21
9470,1183,Samsung QLED,14628159.38,2026-04-11
9471,1224,ThinkPad X1,32601784.93,2026-03-15
9472,1061,Dell XPS 13,36251244.69,2026-05-17
9473,1084,Tai nghe,397355.74,2026-09-04
9474,1170,Dell XPS 13,27666481.01,2026-09-11
9475,1276,Robot hut bui,5320077.76,2026-04-20
9476,1015,Noi chien,4794675.27,2026-07-17
9477,1110,MacBook Air,31557992.21,2026-08-15
9478,1067,LG OLED,15963034.05,2026-05-22
9479,1278,Samsung QLED,14126993.9,2026-05-17
9480,1441,Xiaomi 14,18477237.99,2026-01-15
9481,1318,Tai nghe,379967.57,2026-01-22
9482,1353,Galaxy S24,16323733.24,2026-08-21
9483,1296,Samsung QLED,13239557.05,2026-02-20
9484,1262,Samsung QLED,15171665.6,2026-09-20
9485,1024,ThinkPad X1,33413706.55,2026-04-17
9486,1210,Noi chien,5544503.82,2026-03-26
9487,1228,May loc khong khi,5106838.39,2026-05-08
9488,1349,ThinkPad X1,32362532.32,2026-03-02
9489,1285,Robot hut bui,4744389.38,2026-02-25
9490,1194,ThinkPad X1,28360811.68,2026-01-26
9491,1012,Sony Bravia,13100764.77,2026-09-14
9492,1181,Chuot khong day,440783.19,2026-03-24
9493,1387,LG OLED,13080029.29,2026-09-04
9494,1005,Tai nghe,427394.35,2026-06-08
9495,1393,ThinkPad X1,30724628.98,2026-07-24
9496,1125,Tai nghe,352154.67,2026-01-26
9497,1093,Chuot khong day,351239.3,2026-07-08
9498,1297,Xiaomi 14,18569440.02,2026-04-03
9499,1386,ThinkPad X1,34454451.39,2026-01-04
9500,1384,Samsung QLED,17093932.06,2026-06-19
9501,1307,Oppo Reno,19031049.66,2026-04-08
9502,1410,Op lung,345825.8,2026-09-15
9503,1120,MacBook Air,29091959.46,2026-05-24
9504,1337,Sony Bravia,14587046.57,2026-07-28
9505,1299,Robot hut bui,5524002.5,2026-04-23
9506,1057,Noi chien,5609378.28,2026-02-23
9507,1251,Robot hut bui,4838074.8,2026-08-21
9508,1260,Dell XPS 13,30428915.02,2026-04-10
9509,1357,Galaxy S24,18447137.71,2026-08-04
9510,1022,iPhone 15,19660170.26,2026-03-22
9511,1337,Noi chien,4261832.0,2026-01-25
9512,1051,Sony Bravia,15927804.05,2026-08-14
9513,1045,iPhone 15,16682077.54,2026-02-27
9514,1338,Sac nhanh,375571.26,2026-07-05
9515,1378,Sony Bravia,15155470.14,2026-06-26
9516,1266,Galaxy S24,16063473.68,2026-01-06
9517,1056,MacBook Air,28964634.71,2026-01-04
9518,1063,Chuot khong day,410776.32,2026-05-23
9519,1314,Xiaomi 14,15552192.25,2026-05-09
9520,1350,Dell XPS 13,27615317.08,2026-07-24
9521,1113,Robot hut bui,4988496.76,2026-09-04
9522,1327,Samsung QLED,12870073.75,2026-09-13
9523,1215,Sac nhanh,411118.02,2026-02-13
9524,1448,Xiaomi 14,17898512.6,2026-03-28
9525,1033,Oppo Reno,18824969.32,2026-02-21
9526,1151,Dell XPS 13,33913317.77,2026-08-12
9527,1268,LG OLED,14786827.49,2026-08-22
9528,1349,Tai nghe,391727.84,2026-01-18
9529,1352,Dell XPS 13,30408508.45,2026-02-08
9530,1398,Dell XPS 13,29776650.45,2026-08-04
9531,1389,Samsung QLED,13319152.65,2026-06-13
9532,1053,Chuot khong day,361647.38,2026-03-15
9533,1439,Op lung,406406.34,2026-08-14
9534,1227,May loc khong khi,5649811.18,2026-06-22
9535,1449,Sony Bravia,14609465.28,2026-02-07
9536,1334,LG OLED,15097937.16,2026-05-12
9537,1229,Robot hut bui,4926777.26,2026-03-03
9538,1005,LG OLED,16063066.77,2026-04-08
9539,1340,May loc khong khi,4896954.38,2026-05-16
9540,1071,Tai nghe,344929.74,2026-01-12
9541,1189,Robot hut bui,5108323.62,2026-09-12
9542,1033,LG OLED,16548371.09,2026-04-14
9543,1076,Robot hut bui,4770664.55,2026-07-26
9544,1180,MacBook Air,29282175.48,2026-08-05
9545,1081,iPhone 15,18505924.41,2026-04-03
9546,1003,Op lung,387057.42,2026-09-04
9547,1120,MacBook Air,33842502.21,2026-02-28
9548,1294,Samsung QLED,16534929.31,2026-03-10
9549,1223,Sac nhanh,408550.93,2026-07-10
9550,1361,Dell XPS 13,35973020.21,2026-09-04
9551,1170,Chuot khong day,442726.56,2026-03-12
9552,1132,Xiaomi 14,20059624.59,2026-08-17
9553,1022,iPhone 15,18031510.52,2026-06-27
9554,1225,Sony Bravia,12801100.94,2026-01-26
9555,1238,ThinkPad X1,35621167.21,2026-09-10
9556,1127,Tai nghe,348125.39,2026-06-13
9557,1290,ThinkPad X1,31474491.42,2026-09-09
9558,1254,Tai nghe,380071.83,2026-03-10
9559,1210,Dell XPS 13,31689576.57,2026-06-15
9560,1425,Tai nghe,387836.43,2026-08-11
9561,1005,Sony Bravia,15238696.48,2026-02-02
9562,1210,Galaxy S24,18544572.55,2026-08-08
9563,1324,MacBook Air,34797925.16,2026-08-06
9564,1397,LG OLED,16962875.26,2026-07-03
9565,1160,Samsung QLED,14291466.87,2026-05-18
9566,1335,iPhone 15,17788334.91,2026-07-13
9567,1142,iPhone 15,18871177.12,2026-04-20
9568,1016,Sac nhanh,414699.9,2026-02-13
9569,1125,Oppo Reno,17493949.38,2026-02-11
9570,1017,Dell XPS 13,28220304.27,2026-04-11
9571,1294,Noi chien,5712374.99,2026-08-26
9572,1133,Chuot khong day,438285.86,2026-09-01
9573,1086,Xiaomi 14,20620733.51,2026-08-19
9574,1342,Tai nghe,433260.76,2026-08-16
9575,1422,ThinkPad X1,32920915.03,2026-04-17
9576,1437,Op lung,354531.73,2026-09-07
9577,1174,iPhone 15,15637769.01,2026-06-10
9578,1086,Op lung,428195.85,2026-02-26
9579,1392,Xiaomi 14,18453279.22,2026-07-23
9580,1412,Sac nhanh,341654.62,2026-04-20
9581,1414,MacBook Air,29747759.34,2026-07-11
9582,1251,Op lung,389410.3,2026-05-05
9583,1339,ThinkPad X1,33992014.36,2026-08-02
9584,1230,ThinkPad X1,30557840.22,2026-04-04
9585,1105,ThinkPad X1,34631882.33,2026-01-16
9586,1332,Sac nhanh,350258.08,2026-03-22
9587,1071,Op lung,363189.46,2026-06-20
9588,1234,LG OLED,13234281.59,2026-07-12
9589,1071,Sac nhanh,399041.9,2026-06-18
9590,1443,Galaxy S24,20036333.34,2026-01-20
9591,1341,May loc khong khi,4388054.04,2026-08-09
9592,1201,Dell XPS 13,28604927.49,2026-01-03
9593,1074,Samsung QLED,15795746.61,2026-05-12
9594,1066,Noi chien,4308789.47,2026-07-12
9595,1450,Galaxy S24,18908782.59,2026-06-03
9596,1347,Samsung QLED,16028578.71,2026-07-28
9597,1076,Noi chien,4490860.46,2026-03-15
9598,1371,Sony Bravia,16157352.98,2026-06-03
9599,1274,May loc khong khi,4556319.77,2026-02-23
9600,1251,ThinkPad X1,34113959.76,2026-05-27
9601,1045,LG OLED,14018473.05,2026-08-15
9602,1371,Robot hut bui,5635355.24,2026-06-18
9603,1129,ThinkPad X1,31138648.15,2026-02-12
9604,1263,Oppo Reno,18017152.1,2026-02-17
9605,1325,ThinkPad X1,36548881.92,2026-01-06
9606,1193,LG OLED,16622980.43,2026-04-19
9607,1043,Chuot khong day,425451.07,2026-04-27
9608,1411,MacBook Air,30360925.1,2026-07-20
9609,1099,May loc khong khi,5411680.08,2026-01-08
9610,1316,Oppo Reno,16254221.1,2026-08-10
9611,1079,MacBook Air,32154881.34,2026-02-25
9612,1186,LG OLED,16241181.68,2026-01-03
9613,1062,Robot hut bui,5292117.0,2026-06-10
9614,1318,Tai nghe,405917.35,2026-04-20
9615,1260,LG OLED,14730094.07,2026-02-07
9616,1405,Tai nghe,377937.49,2026-05-08
9617,1167,MacBook Air,29943726.53,2026-09-19
9618,1052,May loc khong khi,4385508.77,2026-04-02
9619,1399,MacBook Air,33437426.14,2026-04-28
9620,1194,Noi chien,5097811.91,2026-03-10
9621,1005,Galaxy S24,16041571.76,2026-03-19
9622,1230,Galaxy S24,15422005.15,2026-03-17
9623,1049,Tai nghe,377114.49,2026-05-08
9624,1367,Robot hut bui,5714902.21,2026-09-08
9625,1321,May loc khong khi,4310153.07,2026-07-20
9626,1211,Oppo Reno,19837525.26,2026-08-28
9627,1096,LG OLED,13557827.69,2026-07-08
9628,1056,May loc khong khi,5495522.62,2026-01-23
9629,1312,Tai nghe,346251.74,2026-04-25
9630,1254,Robot hut bui,5065803.99,2026-05-12
9631,1102,ThinkPad X1,34255511.68,2026-03-04
9632,1199,iPhone 15,15369910.63,2026-01-09
9633,1243,ThinkPad X1,28786269.8,2026-03-16
9634,1265,May loc khong khi,4987486.0,2026-05-17
9635,1449,May loc khong khi,5514137.19,2026-02-15
9636,1062,Samsung QLED,14705824.53,2026-06-28
9637,1157,Galaxy S24,17573465.69,2026-09-09
9638,1284,LG OLED,17133463.53,2026-02-24
9639,1442,Xiaomi 14,18684200.64,2026-01-25
9640,1391,Sac nhanh,435659.57,2026-06-25
9641,1210,Sony Bravia,16891896.73,2026-03-23
9642,1380,Sony Bravia,16780905.26,2026-04-06
9643,1085,Samsung QLED,16486212.1,2026-09-15
9644,1088,Robot hut bui,4267276.25,2026-02-01
9645,1317,ThinkPad X1,31333111.92,2026-05-11
9646,1247,Op lung,362771.55,2026-02-16
9647,1256,Tai nghe,423599.21,2026-06-17
9648,1167,May loc khong khi,4363041.9,2026-08-11
9649,1069,Noi chien,5116584.9,2026-05-28
9650,1380,Robot hut bui,4916725.58,2026-03-18
9651,1142,Robot hut bui,4395757.03,2026-01-25
9652,1063,Oppo Reno,15821930.25,2026-03-04
9653,1331,Robot hut bui,5447449.9,2026-02-02
9654,1445,Robot hut bui,5392837.77,2026-08-09
9655,1234,May loc khong khi,4451592.24,2026-09-02
9656,1280,Robot hut bui,4749273.37,2026-08-02
9657,1443,Robot hut bui,4823086.02,2026-05-06
9658,1090,Robot hut bui,4855927.04,2026-05-23
9659,1122,Dell XPS 13,29256083.51,2026-09-23
9660,1222,Dell XPS 13,30865600.82,2026-02-21
9661,1262,May loc khong khi,5096678.91,2026-01-13
9662,1201,Robot hut bui,4273125.71,2026-01-22
9663,1403,Tai nghe,433609.97,2026-07-19
9664,1201,Robot hut bui,5160418.48,2026-02-23
9665,1190,Sac nhanh,412523.93,2026-02-19
9666,1033,Noi chien,5512105.49,2026-06-28
9667,1190,iPhone 15,17934763.56,2026-08-20
9668,1304,Tai nghe,371054.82,2026-02-24
9669,1434,May loc khong khi,5677450.61,2026-03-08
9670,1329,MacBook Air,33117671.11,2026-03-24
9671,1402,Sony Bravia,15335221.05,2026-02-06
9672,1078,Robot hut bui,5125335.93,2026-06-03
9673,1128,Noi chien,5469703.02,2026-05-11
9674,1281,Robot hut bui,5282425.99,2026-03-12
9675,1334,Op lung,368502.02,2026-03-11
9676,1014,Galaxy S24,19877134.56,2026-02-23
9677,1165,Noi chien,5531957.46,2026-08-02
9678,1208,Samsung QLED,13063066.21,2026-02-12
9679,1430,Sony Bravia,16382153.01,2026-06-08
9680,1369,Samsung QLED,16393755.59,2026-01-28
9681,1036,iPhone 15,15561303.25,2026-06-20
9682,1075,ThinkPad X1,28819952.46,2026-01-12
9683,1163,Galaxy S24,18705305.64,2026-04-07
9684,1302,Sac nhanh,420625.68,2026-04-19
9685,1041,Sony Bravia,14322296.46,2026-07-14
9686,1065,Robot hut bui,5747519.24,2026-04-07
9687,1284,Sony Bravia,15627375.3,2026-08-13
9688,1035,ThinkPad X1,31831054.83,2026-05-28
9689,1316,LG OLED,16113173.59,2026-06-02
9690,1379,May loc khong khi,5016932.97,2026-09-27
9691,1011,Sony Bravia,13953064.12,2026-09-01
9692,1230,May loc khong khi,4281622.69,2026-05-17
9693,1363,Chuot khong day,440690.79,2026-03-01
9694,1364,May loc khong khi,5327348.88,2026-01-03
9695,1313,Tai nghe,391308.1,2026-01-09
9696,1110,May loc khong khi,5031357.94,2026-05-01
9697,1349,Xiaomi 14,17466265.7,2026-09-07
9698,1195,Robot hut bui,5549264.82,2026-02-17
9699,1288,LG OLED,13626657.95,2026-08-26
9700,1212,May loc khong khi,5031062.37,2026-08-20
9701,1149,Galaxy S24,19409974.05,2026-06-22
9702,1302,Galaxy S24,15470734.91,2026-03-16
9703,1414,Sony Bravia,13131962.09,2026-05-19
9704,1159,MacBook Air,34375953.59,2026-04-19
9705,1343,Tai nghe,458911.32,2026-01-18
9706,1168,Robot hut bui,4568729.31,2026-04-16
9707,1232,Noi chien,5353351.26,2026-06-28
9708,1070,MacBook Air,33630434.6,2026-09-04
9709,1238,Sony Bravia,14968970.42,2026-07-26
9710,1430,Tai nghe,456116.72,2026-09-10
9711,1354,Dell XPS 13,30734388.45,2026-03-27
9712,1426,LG OLED,14693259.79,2026-05-08
9713,1001,iPhone 15,16253294.88,2026-03-07
9714,1078,Robot hut bui,4849198.49,2026-04-01
9715,1337,LG OLED,16519030.84,2026-08-21
9716,1349,LG OLED,12930679.12,2026-08-28
9717,1095,ThinkPad X1,31088863.93,2026-01-17
9718,1162,Noi chien,5641481.04,2026-05-06
9719,1381,iPhone 15,16059107.16,2026-03-09
9720,1210,Sony Bravia,16703458.0,2026-08-01
9721,1377,Chuot khong day,390437.96,2026-05-08
9722,1234,iPhone 15,16071182.74,2026-02-06
9723,1402,Galaxy S24,18012207.62,2026-01-08
9724,1217,MacBook Air,30042582.27,2026-09-19
9725,1198,iPhone 15,17595381.99,2026-05-22
9726,1272,ThinkPad X1,30372605.61,2026-07-27
9727,1271,Sony Bravia,16591674.16,2026-04-02
9728,1308,Robot hut bui,5633965.97,2026-06-19
9729,1198,MacBook Air,34266405.77,2026-09-20
9730,1144,Robot hut bui,4279201.88,2026-05-20
9731,1399,Xiaomi 14,19422298.17,2026-01-19
9732,1095,Chuot khong day,347313.06,2026-03-01
9733,1220,Chuot khong day,374377.48,2026-01-02
9734,1173,Chuot khong day,363893.07,2026-04-24
9735,1284,ThinkPad X1,30966205.96,2026-09-05
9736,1016,Sac nhanh,347149.48,2026-06-05
9737,1326,Galaxy S24,18396506.34,2026-07-22
9738,1319,MacBook Air,33340812.4,2026-02-04
9739,1284,Chuot khong day,399975.92,2026-06-28
9740,1116,Chuot khong day,458947.47,2026-02-23
9741,1122,MacBook Air,29284814.59,2026-02-12
9742,1443,Noi chien,5608076.22,2026-02-16
9743,1150,Sony Bravia,15373980.19,2026-01-02
9744,1020,iPhone 15,19270735.8,2026-09-10
9745,1003,LG OLED,13208034.69,2026-05-08
9746,1072,Op lung,387896.34,2026-09-27
9747,1213,Dell XPS 13,31650477.94,2026-05-14
9748,1008,LG OLED,14850917.81,2026-07-09
9749,1011,Sac nhanh,458023.19,2026-04-06
9750,1121,Sony Bravia,13588326.76,2026-06-11
9751,1074,Galaxy S24,16602636.33,2026-06-22
9752,1072,Dell XPS 13,31153161.22,2026-01-13
9753,1257,Noi chien,5657684.81,2026-08-02
9754,1180,Xiaomi 14,19227141.29,2026-02-01
9755,1209,Galaxy S24,18849451.76,2026-09-06
9756,1236,iPhone 15,17170890.61,2026-07-19
9757,1219,Oppo Reno,20514107.04,2026-01-13
9758,1449,May loc khong khi,4541579.25,2026-08-25
9759,1217,Oppo Reno,15629112.94,2026-01-18
9760,1276,Noi chien,4790366.78,2026-07-19
9761,1084,Oppo Reno,17768573.88,2026-05-18
9762,1443,May loc khong khi,5139766.84,2026-08-01
9763,1012,Chuot khong day,430335.32,2026-08-16
9764,1146,MacBook Air,34082204.1,2026-08-16
9765,1019,Samsung QLED,13650398.68,2026-03-07
9766,1403,Sony Bravia,16606400.61,2026-05-11
9767,1049,LG OLED,14412796.48,2026-01-14
9768,1086,Chuot khong day,353918.28,2026-07-20
9769,1341,Dell XPS 13,34228900.42,2026-02-27
9770,1219,Oppo Reno,17988300.15,2026-01-05
9771,1282,MacBook Air,34631086.76,2026-08-04
9772,1205,Robot hut bui,4817963.42,2026-05-01
9773,1371,Noi chien,5097333.28,2026-03-16
9774,1221,LG OLED,14276210.03,2026-04-14
9775,1358,Xiaomi 14,16422068.53,2026-05-13
9776,1426,Dell XPS 13,31053354.04,2026-01-16
9777,1224,Samsung QLED,16635355.78,2026-03-01
9778,1065,May loc khong khi,5710604.09,2026-04-25
9779,1442,Chuot khong day,396827.8,2026-03-17
9780,1234,May loc khong khi,4864612.48,2026-07-07
9781,1412,iPhone 15,18351953.97,2026-06-23
9782,1107,ThinkPad X1,31722855.57,2026-05-12
9783,1004,Chuot khong day,371107.87,2026-03-06
9784,1005,ThinkPad X1,29150136.74,2026-06-08
9785,1110,Samsung QLED,15655075.93,2026-03-15
9786,1053,Chuot khong day,421793.78,2026-05-03
9787,1122,LG OLED,13974837.89,2026-09-25
9788,1063,Sony Bravia,15071142.66,2026-04-23
9789,1257,Tai nghe,438612.65,2026-02-14
9790,1408,Tai nghe,436075.83,2026-07-04
9791,1226,ThinkPad X1,31246342.74,2026-01-03
9792,1326,Tai nghe,358610.63,2026-09-26
9793,1017,Sony Bravia,16340079.72,2026-07-24
9794,1172,Noi chien,4648393.99,2026-02-04
9795,1136,iPhone 15,19889616.76,2026-09-03
9796,1410,MacBook Air,30491030.68,2026-02-16
9797,1083,Sony Bravia,14618006.03,2026-05-08
9798,1166,iPhone 15,17226437.68,2026-01-26
9799,1034,Sac nhanh,358786.06,2026-08-14
9800,1345,Noi chien,4531833.93,2026-03-25
9801,1208,Op lung,444691.02,2026-09-18
9802,1160,Chuot khong day,365736.62,2026-05-15
9803,1380,May loc khong khi,5031355.65,2026-06-15
9804,1290,Noi chien,5349403.8,2026-05-25
9805,1253,Chuot khong day,380049.67,2026-06-08
9806,1318,Oppo Reno,20646794.68,2026-08-13
9807,1311,Robot hut bui,5685235.45,2026-09-13
9808,1371,Samsung QLED,15297149.56,2026-09-01
9809,1315,Sony Bravia,17134253.81,2026-05-06
9810,1147,Noi chien,5705454.4,2026-03-04
9811,1042,ThinkPad X1,31004742.52,2026-09-11
9812,1047,Robot hut bui,5536161.37,2026-09-04
9813,1392,Samsung QLED,14425186.83,2026-02-06
9814,1256,MacBook Air,27385498.85,2026-02-28
9815,1135,Chuot khong day,404589.85,2026-06-20
9816,1303,Galaxy S24,17060119.58,2026-02-15
9817,1239,MacBook Air,30974507.32,2026-07-03
9818,1057,Tai nghe,347117.65,2026-02-08
9819,1122,Galaxy S24,17376811.78,2026-01-19
9820,1193,Galaxy S24,20385562.15,2026-08-12
9821,1357,Oppo Reno,20636591.74,2026-08-14
9822,1320,Op lung,444435.95,2026-04-08
9823,1077,Chuot khong day,361584.27,2026-03-02
9824,1271,Noi chien,5109281.0,2026-08-27
9825,1018,Sony Bravia,13488042.96,2026-09-26
9826,1380,Noi chien,4648733.44,2026-05-03
9827,1247,Dell XPS 13,31005153.77,2026-03-06
9828,1185,Robot hut bui,4317000.14,2026-04-24
9829,1235,Robot hut bui,4716119.63,2026-07-07
9830,1312,Robot hut bui,4920108.83,2026-05-07
9831,1346,Robot hut bui,4620530.11,2026-09-23
9832,1390,Xiaomi 14,17293173.09,2026-08-09
9833,1434,Xiaomi 14,18115832.59,2026-04-25
9834,1066,Noi chien,4873898.19,2026-09-10
9835,1193,Chuot khong day,386006.45,2026-06-04
9836,1118,Samsung QLED,13906776.78,2026-06-04
9837,1319,Xiaomi 14,19792833.2,2026-09-02
9838,1094,Tai nghe,387702.2,2026-01-07
9839,1176,Samsung QLED,15536354.09,2026-06-20
9840,1123,LG OLED,16802261.9,2026-02-05
9841,1427,Robot hut bui,5191916.16,2026-04-23
9842,1319,MacBook Air,27422827.68,2026-03-12
9843,1051,Samsung QLED,16163707.1,2026-06-08
9844,1174,MacBook Air,35519374.95,2026-04-08
9845,1042,May loc khong khi,4424445.53,2026-09-27
9846,1317,Noi chien,5743682.52,2026-02-21
9847,1203,Dell XPS 13,33912818.92,2026-09-25
9848,1100,Sac nhanh,453702.0,2026-06-05
9849,1352,Galaxy S24,17216305.91,2026-06-27
9850,1101,Noi chien,4625576.66,2026-07-08
9851,1329,Sac nhanh,381272.81,2026-07-23
9852,1408,Chuot khong day,373293.89,2026-03-06
9853,1381,Dell XPS 13,35375543.38,2026-04-19
9854,1166,Galaxy S24,16871691.52,2026-04-28
9855,1309,Op lung,446966.05,2026-06-18
9856,1283,ThinkPad X1,33176955.66,2026-06-20
9857,1351,Sony Bravia,14913054.23,2026-02-01
9858,1380,LG OLED,13162038.84,2026-05-04
9859,1092,Galaxy S24,16844751.46,2026-05-15
9860,1052,Galaxy S24,19292529.38,2026-04-06
9861,1112,Tai nghe,429372.47,2026-09-24
9862,1148,ThinkPad X1,34793552.34,2026-05-26
9863,1139,Dell XPS 13,27375315.82,2026-01-23
9864,1183,MacBook Air,28977802.98,2026-07-07
9865,1393,Noi chien,4609869.69,2026-04-16
9866,1229,Noi chien,5689114.39,2026-03-21
9867,1201,Samsung QLED,14233967.54,2026-07-17
9868,1183,LG OLED,13684453.76,2026-08-20
9869,1264,Op lung,381767.92,2026-01-10
9870,1269,Dell XPS 13,28479967.64,2026-01-28
9871,1219,Sac nhanh,396480.27,2026-07-18
9872,1449,Samsung QLED,14584043.67,2026-04-10
9873,1291,Noi chien,4335553.74,2026-02-19
9874,1438,Sony Bravia,16855875.62,2026-05-13
9875,1154,Noi chien,4889257.78,2026-01-10
9876,1034,MacBook Air,35125139.46,2026-03-20
9877,1163,Noi chien,4871156.03,2026-06-18
9878,1384,Samsung QLED,17076934.87,2026-01-25
9879,1034,Chuot khong day,455283.72,2026-06-14
9880,1031,Samsung QLED,16046608.14,2026-03-20
9881,1385,Robot hut bui,4656792.26,2026-05-15
9882,1334,ThinkPad X1,36034659.66,2026-05-13
9883,1038,Galaxy S24,17386604.23,2026-05-27
9884,1400,Robot hut bui,4631204.37,2026-02-23
9885,1169,Sony Bravia,15870697.02,2026-09-07
9886,1386,Dell XPS 13,31081362.38,2026-08-03
9887,1339,Op lung,382745.38,2026-09-27
9888,1292,Chuot khong day,345240.13,2026-03-06
9889,1310,ThinkPad X1,27914572.23,2026-02-05
9890,1027,Op lung,349379.07,2026-08-27
9891,1410,Dell XPS 13,30397031.78,2026-02-25
9892,1001,Dell XPS 13,30717321.07,2026-04-24
9893,1013,ThinkPad X1,33114706.5,2026-09-22
9894,1421,MacBook Air,35995976.23,2026-09-26
9895,1292,Samsung QLED,13089418.4,2026-06-28
9896,1074,Robot hut bui,5735234.08,2026-01-12
9897,1082,ThinkPad X1,27464591.63,2026-08-22
9898,1232,May loc khong khi,4838715.62,2026-07-07
9899,1023,Noi chien,4324334.5,2026-05-03
9900,1227,ThinkPad X1,34354894.18,2026-09-13
9901,1257,Noi chien,4814627.13,2026-08-07
9902,1127,iPhone 15,19818232.27,2026-07-01
9903,1221,Robot hut bui,5082545.6,2026-04-03
9904,1387,LG OLED,16288366.02,2026-07-02
9905,1391,Samsung QLED,12846561.63,2026-07-19
9906,1018,LG OLED,14250495.65,2026-07-21
9907,1138,Galaxy S24,19600249.66,2026-02-21
9908,1276,Op lung,392113.92,2026-02-14
9909,1285,Galaxy S24,20122855.91,2026-08-03
9910,1352,Samsung QLED,13182086.45,2026-09-10
9911,1407,Chuot khong day,451281.89,2026-07-11
9912,1431,Galaxy S24,20686917.73,2026-04-25
9913,1040,Xiaomi 14,15515888.07,2026-01-03
9914,1426,Galaxy S24,19896859.29,2026-07-21
9915,1251,iPhone 15,18683169.84,2026-05-21
9916,1331,Xiaomi 14,20147329.49,2026-02-01
9917,1128,Sony Bravia,14477947.28,2026-02-27
9918,1287,Sony Bravia,13552156.15,2026-01-12
9919,1024,Noi chien,5589098.46,2026-06-12
9920,1267,May loc khong khi,4693075.91,2026-02-14
9921,1003,iPhone 15,16744541.76,2026-02-04
9922,1367,Oppo Reno,18954243.68,2026-01-05
9923,1053,May loc khong khi,4536610.15,2026-02-26
9924,1061,ThinkPad X1,35181899.99,2026-01-11
9925,1227,Oppo Reno,17350754.72,2026-02-04
9926,1263,Dell XPS 13,27516486.51,2026-08-26
9927,1065,May loc khong khi,4495031.48,2026-06-15
9928,1115,Op lung,383007.84,2026-06-03
9929,1089,MacBook Air,28475972.8,2026-08-03
9930,1180,Noi chien,5420197.64,2026-02-12
9931,1036,Sac nhanh,452894.76,2026-02-11
9932,1263,Robot hut bui,4786281.02,2026-01-21
9933,1351,iPhone 15,15855580.88,2026-02-17
9934,1167,Chuot khong day,452744.98,2026-08-26
9935,1039,Samsung QLED,16160890.24,2026-01-18
9936,1239,Sac nhanh,352879.96,2026-01-18
9937,1323,Xiaomi 14,16080824.77,2026-06-25
9938,1142,Chuot khong day,417195.88,2026-03-28
9939,1057,Xiaomi 14,18023470.12,2026-05-04
9940,1099,Tai nghe,456032.41,2026-06-05
9941,1354,Robot hut bui,5361270.07,2026-01-03
9942,1289,ThinkPad X1,31566093.59,2026-01-26
9943,1173,Samsung QLED,13610506.12,2026-03-22
9944,1404,May loc khong khi,5523944.89,2026-02-18
9945,1366,Op lung,446060.23,2026-07-11
9946,1448,May loc khong khi,5744630.42,2026-03-12
9947,1390,Samsung QLED,14127516.86,2026-02-28
9948,1434,LG OLED,13082929.85,2026-05-05
9949,1152,LG OLED,13227537.01,2026-09-21
9950,1085,Noi chien,5239401.73,2026-06-12
9951,1183,Noi chien,5505176.79,2026-01-16
9952,1326,Sony Bravia,13981365.19,2026-03-15
9953,1353,Noi chien,4793050.09,2026-06-23
9954,1409,LG OLED,13764068.86,2026-05-15
9955,1426,Sony Bravia,13104442.99,2026-09-14
9956,1011,Sony Bravia,14554929.95,2026-06-05
9957,1071,Chuot khong day,378064.0,2026-07-25
9958,1434,Dell XPS 13,30152908.07,2026-02-16
9959,1256,Chuot khong day,376873.72,2026-09-28
9960,1377,Dell XPS 13,35346070.72,2026-05-02
9961,1317,Samsung QLED,15999520.62,2026-04-12
9962,1038,Noi chien,4251863.66,2026-05-02
9963,1002,May loc khong khi,5239019.69,2026-02-02
9964,1220,Samsung QLED,16185382.26,2026-05-26
9965,1396,Oppo Reno,17619426.13,2026-03-28
9966,1149,ThinkPad X1,29876350.85,2026-06-10
9967,1341,May loc khong khi,4431298.9,2026-07-26
9968,1192,LG OLED,13747952.73,2026-08-05
9969,1086,Op lung,444815.37,2026-08-22
9970,1360,MacBook Air,27657530.52,2026-03-22
9971,1011,Noi chien,4417626.78,2026-03-07
9972,1217,Oppo Reno,17306342.01,2026-03-13
9973,1446,Samsung QLED,14834084.58,2026-07-11
9974,1339,Samsung QLED,15713475.48,2026-03-02
9975,1385,ThinkPad X1,33234963.49,2026-08-17
9976,1392,Oppo Reno,15493459.72,2026-08-12
9977,1210,MacBook Air,29142553.31,2026-04-15
9978,1251,Sony Bravia,16886252.85,2026-04-08
9979,1130,Sac nhanh,355587.82,2026-09-23
9980,1150,Galaxy S24,15322215.36,2026-06-02
9981,1390,May loc khong khi,5530849.38,2026-02-12
9982,1429,MacBook Air,29484297.56,2026-05-19
9983,1030,Op lung,360702.71,2026-06-06
9984,1014,May loc khong khi,4698406.43,2026-07-20
9985,1418,LG OLED,14461931.48,2026-05-11
9986,1310,Tai nghe,381317.95,2026-07-26
9987,1366,Dell XPS 13,30863838.73,2026-02-12
9988,1206,Xiaomi 14,16657599.25,2026-03-02
9989,1085,Chuot khong day,456501.5,2026-04-17
9990,1180,Noi chien,4839321.99,2026-02-06
9991,1389,MacBook Air,31897894.73,2026-03-05
9992,1130,Noi chien,4368350.72,2026-05-18
9993,1267,Oppo Reno,18626541.06,2026-05-20
9994,1095,Chuot khong day,399542.56,2026-02-18
9995,1402,Tai nghe,402522.01,2026-02-08
9996,1304,ThinkPad X1,31029419.71,2026-08-16
9997,1426,May loc khong khi,5195390.28,2026-09-08
9998,1272,Dell XPS 13,36569396.06,2026-03-12
9999,1060,Sac nhanh,416539.45,2026-09-03
10000,1343,Oppo Reno,15572965.24,2026-09-08
10001,1290,Op lung,359640.61,2026-05-05
10002,1078,Sony Bravia,16689646.89,2026-06-14
10003,1291,ThinkPad X1,27265104.8,2026-04-19
10004,1256,ThinkPad X1,28537639.59,2026-02-07
10005,1202,Noi chien,5250346.48,2026-05-14
10006,1108,MacBook Air,30885930.38,2026-06-09
10007,1436,Sony Bravia,15035611.72,2026-03-27
10008,1022,Dell XPS 13,29870608.86,2026-07-15
10009,1326,May loc khong khi,5390505.94,2026-05-21
10010,1059,ThinkPad X1,30027317.44,2026-05-16
10011,1375,Xiaomi 14,18886674.36,2026-04-27
10012,1439,Sac nhanh,343256.36,2026-07-17
10013,1160,Oppo Reno,19208418.79,2026-09-16
10014,1292,Sony Bravia,15008742.24,2026-01-24
10015,1303,Robot hut bui,5479624.96,2026-05-21
10016,1394,Oppo Reno,18071923.16,2026-06-19
10017,1175,Chuot khong day,398104.77,2026-06-05
10018,1214,May loc khong khi,4559544.84,2026-01-26
10019,1212,Sac nhanh,418861.89,2026-08-17
10020,1102,Noi chien,5529420.99,2026-06-11
10021,1168,Dell XPS 13,34649400.85,2026-05-02
10022,1059,LG OLED,14802916.27,2026-06-05
10023,1285,Noi chien,4828504.06,2026-07-17
10024,1180,LG OLED,14649321.76,2026-04-12
10025,1202,MacBook Air,35269233.08,2026-06-12
10026,1114,May loc khong khi,4411884.24,2026-03-23
10027,1099,Galaxy S24,18624443.68,2026-09-05
10028,1191,Oppo Reno,17061728.97,2026-05-02
10029,1382,MacBook Air,32130802.19,2026-03-20
10030,1234,Op lung,414782.86,2026-07-27
10031,1179,LG OLED,13931727.88,2026-01-28
10032,1184,Samsung QLED,14076426.36,2026-01-16
10033,1379,Robot hut bui,5141744.52,2026-07-15
10034,1292,Galaxy S24,19328385.66,2026-07-26
10035,1132,Robot hut bui,4997438.33,2026-07-01
10036,1024,Tai nghe,378765.56,2026-09-12
10037,1240,Samsung QLED,15402288.18,2026-04-10
10038,1388,Robot hut bui,4880031.87,2026-04-04
10039,1006,Noi chien,5274399.96,2026-03-12
10040,1068,Samsung QLED,14061841.98,2026-06-20
10041,1266,ThinkPad X1,31829073.36,2026-02-04
10042,1002,Sony Bravia,14446658.5,2026-06-13
10043,1192,Robot hut bui,4912058.54,2026-04-15
10044,1001,MacBook Air,28152351.3,2026-03-25
10045,1040,ThinkPad X1,33873436.62,2026-08-22
10046,1033,Tai nghe,436891.97,2026-01-04
10047,1258,Dell XPS 13,35495790.27,2026-06-17
10048,1137,Op lung,438260.82,2026-03-19
10049,1171,Sac nhanh,450603.54,2026-01-25
10050,1154,Sony Bravia,13721112.19,2026-08-26
10051,1257,MacBook Air,36116694.13,2026-09-18
10052,1410,Oppo Reno,19931553.26,2026-02-06
10053,1184,Robot hut bui,4843059.2,2026-02-09
10054,1398,ThinkPad X1,35959367.01,2026-01-15
10055,1144,Oppo Reno,18424145.51,2026-07-16
10056,1081,LG OLED,13984299.7,2026-06-03
10057,1316,May loc khong khi,5410599.61,2026-02-19
10058,1359,Sac nhanh,441251.03,2026-01-15
10059,1426,LG OLED,17062601.09,2026-01-22
10060,1290,Chuot khong day,349838.04,2026-03-03
10061,1185,Oppo Reno,18952947.24,2026-01-02
10062,1285,Tai nghe,385778.14,2026-02-03
10063,1255,Dell XPS 13,27838312.74,2026-07-10
10064,1046,May loc khong khi,4789020.09,2026-07-25
10065,1053,iPhone 15,17797299.95,2026-03-12
10066,1315,Xiaomi 14,17797902.79,2026-05-08
10067,1408,Tai nghe,365105.08,2026-02-18
10068,1192,Chuot khong day,447958.17,2026-01-13
10069,1068,Galaxy S24,18267901.18,2026-05-22
10070,1268,Robot hut bui,5503082.45,2026-05-04
10071,1199,Xiaomi 14,15362667.55,2026-03-06
10072,1264,Robot hut bui,4702866.89,2026-06-07
10073,1356,Dell XPS 13,35048026.51,2026-06-21
10074,1231,Tai nghe,375689.71,2026-07-03
10075,1405,LG OLED,14906485.0,2026-03-05
10076,1193,MacBook Air,31211933.57,2026-09-23
10077,1397,May loc khong khi,4702091.59,2026-01-04
10078,1028,Op lung,426478.8,2026-03-14
10079,1153,Sac nhanh,452550.49,2026-02-16
10080,1232,Dell XPS 13,35756053.34,2026-04-27
10081,1348,Xiaomi 14,19273552.36,2026-03-27
10082,1248,Xiaomi 14,19051555.15,2026-04-07
10083,1234,Noi chien,4947759.84,2026-05-19
10084,1172,Samsung QLED,16407102.11,2026-03-10
10085,1375,MacBook Air,35061929.87,2026-04-16
10086,1070,Robot hut bui,5710970.35,2026-09-03
10087,1020,Sony Bravia,13391941.94,2026-04-06
10088,1393,Xiaomi 14,19888585.6,2026-02-11
10089,1389,MacBook Air,27300620.14,2026-01-15
10090,1003,Sac nhanh,367311.47,2026-03-16
10091,1178,Robot hut bui,5027903.02,2026-06-20
10092,1168,Sony Bravia,15119296.19,2026-05-13
10093,1244,MacBook Air,30794468.0,2026-05-02
10094,1308,MacBook Air,30915783.26,2026-02-03
10095,1395,LG OLED,15798687.71,2026-01-07
10096,1037,ThinkPad X1,30670713.88,2026-05-10
10097,1188,Sony Bravia,14471068.9,2026-02-24
10098,1144,Galaxy S24,19239068.46,2026-03-06
10099,1447,Noi chien,5282551.29,2026-05-24
10100,1313,Noi chien,5457986.15,2026-01-09
10101,1224,LG OLED,15946676.36,2026-05-09
10102,1415,Robot hut bui,5606483.38,2026-05-14
10103,1449,Xiaomi 14,20314706.91,2026-05-10
10104,1067,Oppo Reno,18583099.71,2026-07-02
10105,1226,iPhone 15,19521114.03,2026-06-20
10106,1375,LG OLED,12994358.36,2026-06-23
10107,1402,Robot hut bui,4768112.14,2026-09-24
10108,1105,MacBook Air,28030278.32,2026-09-26
10109,1379,MacBook Air,32407409.79,2026-03-03
10110,1301,Sony Bravia,12867594.75,2026-02-11
10111,1030,Sony Bravia,13355949.21,2026-01-11
10112,1231,MacBook Air,34923067.97,2026-09-07
10113,1099,LG OLED,16714934.94,2026-04-25
10114,1180,Oppo Reno,16036590.88,2026-07-20
10115,1412,Dell XPS 13,27544697.42,2026-06-16
10116,1085,May loc khong khi,5051072.52,2026-09-22
10117,1286,Sac nhanh,453695.5,2026-09-19
10118,1034,ThinkPad X1,30385702.62,2026-09-18
10119,1346,Galaxy S24,19276408.33,2026-03-21
10120,1031,iPhone 15,16099799.77,2026-04-04
10121,1011,ThinkPad X1,30698555.13,2026-08-08
10122,1168,Samsung QLED,16174671.99,2026-08-26
10123,1030,MacBook Air,35632316.78,2026-09-10
10124,1019,Tai nghe,375407.16,2026-01-10
10125,1262,Tai nghe,438969.95,2026-02-11
10126,1181,Op lung,408821.54,2026-06-27
10127,1231,May loc khong khi,4317939.01,2026-08-18
10128,1229,Dell XPS 13,35192441.49,2026-05-17
10129,1377,Robot hut bui,5679383.32,2026-04-20
10130,1087,Xiaomi 14,17480468.68,2026-04-25
10131,1409,ThinkPad X1,34078680.12,2026-08-11
10132,1419,Chuot khong day,443262.83,2026-03-07
10133,1039,Dell XPS 13,31406633.32,2026-01-16
10134,1157,Samsung QLED,12756947.67,2026-04-02
10135,1353,LG OLED,15347257.59,2026-07-23
10136,1070,Dell XPS 13,28620503.17,2026-09-24
10137,1225,MacBook Air,30921794.53,2026-06-25
10138,1227,Noi chien,4941689.26,2026-09-18
10139,1378,Samsung QLED,16839067.08,2026-05-21
10140,1162,Dell XPS 13,28697731.53,2026-05-09
10141,1136,LG OLED,13180475.88,2026-01-04
10142,1448,ThinkPad X1,31734850.16,2026-09-01
10143,1242,Dell XPS 13,35706103.84,2026-09-07
10144,1408,iPhone 15,18812483.95,2026-01-03
10145,1147,LG OLED,16324113.5,2026-01-19
10146,1072,Samsung QLED,14216374.66,2026-05-04
10147,1252,Oppo Reno,18091344.76,2026-05-01
10148,1313,Galaxy S24,15983913.75,2026-07-04
10149,1085,Samsung QLED,15879484.21,2026-03-28
10150,1397,Chuot khong day,356962.89,2026-05-25
10151,1242,Galaxy S24,17134375.22,2026-09-12
10152,1141,May loc khong khi,5064157.47,2026-06-18
10153,1360,Oppo Reno,15417124.74,2026-09-14
10154,1113,Dell XPS 13,29490297.15,2026-08-06
10155,1355,Robot hut bui,5128888.64,2026-01-09
10156,1074,iPhone 15,16684568.71,2026-01-06
10157,1099,Chuot khong day,458847.39,2026-09-12
10158,1083,iPhone 15,15982359.91,2026-05-25
10159,1023,Dell XPS 13,28177843.3,2026-03-16
10160,1178,ThinkPad X1,35293860.51,2026-07-14
10161,1117,ThinkPad X1,30746711.69,2026-01-28
10162,1345,Dell XPS 13,28246784.31,2026-04-09
10163,1100,Chuot khong day,391316.89,2026-01-07
10164,1214,Op lung,383275.46,2026-06-02
10165,1086,MacBook Air,32006962.94,2026-01-02
10166,1106,May loc khong khi,5132460.39,2026-03-28
10167,1044,Sony Bravia,16870468.82,2026-06-22
10168,1360,Robot hut bui,5006555.3,2026-03-08
10169,1130,Xiaomi 14,19549319.66,2026-09-21
10170,1339,Galaxy S24,20387037.61,2026-05-19
10171,1014,Op lung,376239.32,2026-01-17
10172,1245,Xiaomi 14,17406913.62,2026-03-05
10173,1149,Galaxy S24,19229956.0,2026-04-22
10174,1007,May loc khong khi,4974515.37,2026-05-19
10175,1163,LG OLED,15716173.34,2026-06-02
10176,1257,ThinkPad X1,28243033.24,2026-04-18
10177,1006,LG OLED,16056767.3,2026-02-17
10178,1394,MacBook Air,35557253.01,2026-08-09
10179,1423,Dell XPS 13,36482307.7,2026-06-24
10180,1018,iPhone 15,17574260.17,2026-04-24
10181,1359,Oppo Reno,18177723.27,2026-07-09
10182,1119,Noi chien,5717229.72,2026-05-20
10183,1217,Tai nghe,390617.46,2026-09-26
10184,1358,ThinkPad X1,33231430.77,2026-09-11
10185,1345,Chuot khong day,358308.88,2026-03-22
10186,1174,Oppo Reno,18014040.41,2026-05-18
10187,1083,Galaxy S24,17082739.12,2026-06-19
10188,1090,Tai nghe,380231.75,2026-08-26
10189,1436,LG OLED,12829891.25,2026-02-06
10190,1282,Xiaomi 14,15545115.57,2026-01-20
10191,1374,Chuot khong day,385309.45,2026-04-02
10192,1303,Galaxy S24,17716031.8,2026-03-25
10193,1107,Robot hut bui,5120197.97,2026-07-22
10194,1343,iPhone 15,16064837.73,2026-08-08
10195,1191,Noi chien,5148794.42,2026-01-15
10196,1268,May loc khong khi,4593459.22,2026-08-18
10197,1106,Xiaomi 14,15944070.94,2026-05-05
10198,1263,iPhone 15,20638418.08,2026-05-05
10199,1151,Galaxy S24,18168965.74,2026-09-25
10200,1431,Sony Bravia,16920540.63,2026-08-28
10201,1195,LG OLED,14797404.03,2026-07-22
10202,1300,iPhone 15,18543881.85,2026-03-11
10203,1419,Sony Bravia,15081396.66,2026-07-21
10204,1046,Galaxy S24,17098390.63,2026-09-22
10205,1353,Op lung,415878.47,2026-04-06
10206,1263,Xiaomi 14,16907461.09,2026-08-19
10207,1380,Chuot khong day,367441.96,2026-05-16
10208,1122,Oppo Reno,16694473.25,2026-02-04
10209,1061,Galaxy S24,16809076.28,2026-09-27
10210,1030,May loc khong khi,4747231.75,2026-06-22
10211,1156,Noi chien,4857361.71,2026-09-02
10212,1437,Noi chien,4706668.71,2026-08-03
10213,1421,Oppo Reno,20672783.52,2026-05-20
10214,1015,Chuot khong day,412369.39,2026-08-24
10215,1117,Galaxy S24,15995062.64,2026-08-11
10216,1275,Galaxy S24,15950145.88,2026-03-28
10217,1215,Robot hut bui,4685081.43,2026-08-09
10218,1307,LG OLED,16474427.44,2026-08-03
10219,1103,Sony Bravia,15018226.44,2026-09-16
10220,1327,Sony Bravia,13691608.09,2026-06-18
10221,1400,Noi chien,5271481.74,2026-04-08
10222,1002,Xiaomi 14,16009425.7,2026-05-05
10223,1284,Noi chien,5287995.59,2026-05-18
10224,1105,Samsung QLED,14769488.01,2026-02-08
10225,1134,May loc khong khi,4980062.87,2026-07-15
10226,1174,ThinkPad X1,33833459.93,2026-04-15
10227,1279,iPhone 15,18607957.99,2026-05-11
10228,1088,ThinkPad X1,31707798.48,2026-01-15
10229,1340,MacBook Air,29636875.57,2026-01-25
10230,1102,ThinkPad X1,34764200.59,2026-01-16
10231,1388,Op lung,424427.92,2026-02-25
10232,1049,iPhone 15,17453076.86,2026-06-03
10233,1418,Oppo Reno,17422891.62,2026-08-06
10234,1297,Sony Bravia,17182092.72,2026-01-19
10235,1052,Sac nhanh,459710.69,2026-03-28
10236,1439,Sony Bravia,14837750.23,2026-04-23
10237,1381,Robot hut bui,4995238.24,2026-01-12
10238,1097,Oppo Reno,17205779.08,2026-04-16
10239,1140,Chuot khong day,456259.12,2026-03-13
10240,1321,ThinkPad X1,31240585.09,2026-02-27
10241,1285,Robot hut bui,5622955.96,2026-08-20
10242,1278,LG OLED,15036325.22,2026-04-26
10243,1392,ThinkPad X1,33673830.29,2026-01-17
10244,1066,Robot hut bui,5186477.82,2026-02-01
10245,1278,Chuot khong day,419089.55,2026-04-01
10246,1106,Samsung QLED,17064078.9,2026-01-01
10247,1150,Dell XPS 13,28149325.04,2026-09-21
10248,1414,Chuot khong day,449242.28,2026-01-08
10249,1155,Xiaomi 14,18172262.16,2026-04-05
10250,1435,Samsung QLED,13341588.78,2026-06-26
10251,1352,Op lung,345618.38,2026-03-02
10252,1180,ThinkPad X1,34986054.21,2026-02-24
10253,1075,LG OLED,15070556.69,2026-07-25
10254,1269,Galaxy S24,20621433.45,2026-06-26
10255,1181,Robot hut bui,5305419.56,2026-06-06
10256,1373,Samsung QLED,13891105.65,2026-06-26
10257,1413,Samsung QLED,13527556.91,2026-03-22
10258,1379,Robot hut bui,5600506.62,2026-03-16
10259,1284,Oppo Reno,18390546.82,2026-04-11
10260,1205,Tai nghe,397226.81,2026-01-23
10261,1143,Xiaomi 14,18864506.1,2026-01-10
10262,1112,Sac nhanh,356573.31,2026-02-28
10263,1228,MacBook Air,32329135.37,2026-04-08
10264,1288,Chuot khong day,351752.91,2026-03-25
10265,1134,Noi chien,5263185.47,2026-04-18
10266,1074,Galaxy S24,15537592.54,2026-02-28
10267,1183,May loc khong khi,4859275.25,2026-07-21
10268,1098,Xiaomi 14,15986152.2,2026-03-21
10269,1047,May loc khong khi,5462983.46,2026-07-03
10270,1229,Robot hut bui,5427634.43,2026-06-02
10271,1121,Sac nhanh,359074.68,2026-02-15
10272,1056,iPhone 15,18899977.38,2026-07-11
10273,1239,Oppo Reno,19951008.74,2026-08-24
10274,1078,Noi chien,4988962.91,2026-07-03
10275,1404,Oppo Reno,18246672.53,2026-01-23
10276,1143,Chuot khong day,389147.04,2026-07-19
10277,1033,MacBook Air,28589467.18,2026-09-10
10278,1405,Robot hut bui,4622882.26,2026-02-28
10279,1095,LG OLED,16278458.02,2026-03-22
10280,1335,Samsung QLED,15270813.7,2026-02-26
10281,1075,MacBook Air,29266860.22,2026-03-02
10282,1041,iPhone 15,17491923.53,2026-02-04
10283,1278,Noi chien,4493595.52,2026-08-02
10284,1310,Sony Bravia,13095251.2,2026-03-07
10285,1209,Oppo Reno,15899970.66,2026-04-21
10286,1044,Op lung,370933.71,2026-01-27
10287,1090,Sac nhanh,359019.32,2026-03-05
10288,1328,Op lung,428554.68,2026-01-18
10289,1056,Dell XPS 13,32551560.59,2026-07-22
10290,1218,Samsung QLED,16274873.95,2026-09-18
10291,1421,Robot hut bui,5601022.59,2026-05-14
10292,1294,May loc khong khi,4652796.44,2026-09-09
10293,1165,Dell XPS 13,32752291.13,2026-04-20
10294,1206,Sac nhanh,359596.27,2026-05-27
10295,1322,Dell XPS 13,33948373.58,2026-08-02
10296,1232,Chuot khong day,440966.4,2026-07-18
10297,1069,Sony Bravia,16722730.71,2026-04-04
10298,1370,ThinkPad X1,36706767.86,2026-04-11
10299,1044,Samsung QLED,12766606.53,2026-04-07
10300,1177,Noi chien,5673023.21,2026-09-23
10301,1313,May loc khong khi,5184195.31,2026-07-28
10302,1239,Dell XPS 13,30105159.36,2026-08-07
10303,1157,Robot hut bui,4269796.82,2026-03-20
10304,1232,Xiaomi 14,16922773.43,2026-04-02
10305,1189,Xiaomi 14,17724145.6,2026-08-12
10306,1286,Dell XPS 13,31647141.42,2026-08-13
10307,1270,Dell XPS 13,31269756.32,2026-04-14
10308,1099,ThinkPad X1,36664053.56,2026-08-21
10309,1372,Galaxy S24,20102465.08,2026-07-16
10310,1244,Noi chien,4546916.48,2026-09-02
10311,1241,MacBook Air,36109648.59,2026-08-26
10312,1332,Robot hut bui,4484320.57,2026-05-06
10313,1430,Robot hut bui,4590225.69,2026-04-08
10314,1150,May loc khong khi,4680481.64,2026-06-23
10315,1414,May loc khong khi,4979679.02,2026-06-13
10316,1233,Robot hut bui,4376705.01,2026-01-10
10317,1163,Oppo Reno,18749543.33,2026-07-13
10318,1020,Noi chien,5535706.74,2026-04-15
10319,1141,ThinkPad X1,29715681.2,2026-06-16
10320,1295,Robot hut bui,4854579.18,2026-06-16
10321,1034,Robot hut bui,5423000.55,2026-04-11
10322,1425,Noi chien,5295991.41,2026-06-01
10323,1293,Sony Bravia,15554253.37,2026-02-21
10324,1050,LG OLED,14019055.63,2026-07-26
10325,1182,Sony Bravia,16245254.38,2026-07-21
10326,1292,Dell XPS 13,27458550.07,2026-08-22
10327,1087,iPhone 15,20012853.44,2026-04-21
10328,1126,Tai nghe,390175.07,2026-09-06
10329,1318,Chuot khong day,374738.85,2026-05-14
10330,1175,May loc khong khi,5246094.94,2026-09-19
10331,1325,Samsung QLED,15854478.12,2026-09-11
10332,1031,Chuot khong day,389987.26,2026-06-07
10333,1335,Oppo Reno,19377255.3,2026-08-22
10334,1366,Noi chien,4989747.53,2026-07-11
10335,1016,Sony Bravia,16699201.87,2026-08-11
10336,1167,Dell XPS 13,30151932.44,2026-01-04
10337,1181,Samsung QLED,13894907.85,2026-06-02
10338,1115,Xiaomi 14,19569441.37,2026-06-21
10339,1227,Sac nhanh,362593.69,2026-04-21
10340,1080,Samsung QLED,16949890.84,2026-04-15
10341,1415,LG OLED,17127372.54,2026-07-19
10342,1086,Samsung QLED,14377016.22,2026-02-18
10343,1345,LG OLED,15199406.35,2026-04-14
10344,1342,Chuot khong day,428084.72,2026-05-15
10345,1398,LG OLED,16355190.39,2026-09-05
10346,1433,Robot hut bui,4401488.83,2026-04-12
10347,1435,ThinkPad X1,31685824.63,2026-01-03
10348,1276,Sac nhanh,445152.33,2026-03-28
10349,1005,Dell XPS 13,30692247.65,2026-08-02
10350,1450,Xiaomi 14,19740543.54,2026-06-11
10351,1282,Robot hut bui,5562769.61,2026-07-11
10352,1294,iPhone 15,18364756.84,2026-08-10
10353,1004,Galaxy S24,17852070.54,2026-07-01
10354,1383,May loc khong khi,4715568.69,2026-07-12
10355,1438,Tai nghe,442690.08,2026-03-02
10356,1189,MacBook Air,34726094.97,2026-04-20
10357,1351,Chuot khong day,442564.11,2026-03-19
10358,1032,Chuot khong day,441933.29,2026-03-15
10359,1241,Noi chien,5560487.09,2026-03-17
10360,1280,Galaxy S24,17418195.85,2026-04-19
10361,1120,Tai nghe,444349.95,2026-03-17
10362,1240,iPhone 15,18901850.42,2026-05-06
10363,1185,Dell XPS 13,35194297.85,2026-02-07
10364,1122,Sony Bravia,15778521.21,2026-01-21
10365,1183,LG OLED,16770229.6,2026-01-01
10366,1399,Sac nhanh,446757.06,2026-06-22
10367,1246,Dell XPS 13,29207135.52,2026-04-01
10368,1306,iPhone 15,19558156.67,2026-08-09
10369,1104,Op lung,369241.46,2026-05-05
10370,1381,May loc khong khi,4547415.38,2026-03-02
10371,1416,iPhone 15,15913479.23,2026-08-15
10372,1324,Op lung,407123.9,2026-07-16
10373,1420,Noi chien,4926419.26,2026-09-26
10374,1400,Galaxy S24,15727027.87,2026-08-24
10375,1071,MacBook Air,35169749.74,2026-08-16
10376,1165,Galaxy S24,19118782.02,2026-07-12
10377,1101,Sac nhanh,403281.3,2026-04-25
10378,1022,May loc khong khi,4271003.16,2026-07-24
10379,1210,Chuot khong day,404767.58,2026-02-24
10380,1215,MacBook Air,35296816.51,2026-09-11
10381,1408,Sac nhanh,356116.35,2026-02-23
10382,1223,Xiaomi 14,16885498.52,2026-04-25
10383,1400,iPhone 15,18873878.92,2026-07-06
10384,1327,May loc khong khi,5024182.86,2026-09-22
10385,1068,ThinkPad X1,27748574.78,2026-03-14
10386,1250,ThinkPad X1,32312167.99,2026-02-19
10387,1047,Xiaomi 14,17111059.34,2026-03-03
10388,1034,MacBook Air,27297743.79,2026-04-05
10389,1277,Op lung,358485.12,2026-03-14
10390,1338,Sony Bravia,16291051.73,2026-06-05
10391,1176,Samsung QLED,15318610.41,2026-03-26
10392,1409,Op lung,344333.87,2026-02-13
10393,1010,Chuot khong day,355398.58,2026-09-07
10394,1380,Sony Bravia,13046003.67,2026-02-21
10395,1203,Dell XPS 13,34588241.9,2026-08-28
10396,1235,MacBook Air,34703666.86,2026-02-09
10397,1136,Sac nhanh,384051.81,2026-06-01
10398,1295,May loc khong khi,5628584.07,2026-01-09
10399,1271,MacBook Air,35045546.08,2026-02-23
10400,1173,ThinkPad X1,27721379.18,2026-04-05
10401,1274,Galaxy S24,17754869.64,2026-02-09
10402,1257,Galaxy S24,15333832.52,2026-07-07
10403,1385,MacBook Air,27745693.91,2026-04-02
10404,1428,MacBook Air,28494802.73,2026-09-20
10405,1081,Samsung QLED,14959425.09,2026-04-13
10406,1289,Sony Bravia,13222406.69,2026-04-04
10407,1146,Sac nhanh,370348.94,2026-07-19
10408,1172,Sony Bravia,17122454.7,2026-01-16
10409,1395,May loc khong khi,5381917.28,2026-02-17
10410,1288,MacBook Air,36232244.01,2026-08-03
10411,1086,Robot hut bui,5148725.31,2026-08-07
10412,1159,Oppo Reno,18413406.26,2026-02-09
10413,1169,Galaxy S24,18311695.47,2026-02-10
10414,1044,Robot hut bui,5138049.51,2026-03-18
10415,1154,ThinkPad X1,29347977.99,2026-02-09
10416,1371,Chuot khong day,394093.26,2026-05-28
10417,1279,Oppo Reno,17237696.08,2026-03-19
10418,1165,Dell XPS 13,27370500.19,2026-04-25
10419,1301,Dell XPS 13,28389355.67,2026-07-04
10420,1012,iPhone 15,16399113.54,2026-08-20
10421,1206,Noi chien,4929348.37,2026-08-06
10422,1442,Galaxy S24,18433936.15,2026-06-05
10423,1118,Chuot khong day,417794.73,2026-07-26
10424,1283,Dell XPS 13,36648020.61,2026-05-01
10425,1215,May loc khong khi,5382226.42,2026-04-25
10426,1382,iPhone 15,20543701.28,2026-03-22
10427,1087,Sony Bravia,14766938.37,2026-08-05
10428,1068,MacBook Air,36417179.03,2026-02-08
10429,1337,Tai nghe,377983.65,2026-07-08
10430,1210,Sac nhanh,356140.19,2026-07-26
10431,1097,Sac nhanh,355388.72,2026-07-05
10432,1106,iPhone 15,16885307.11,2026-02-04
10433,1188,Robot hut bui,5180473.65,2026-07-12
10434,1297,iPhone 15,16265584.89,2026-02-19
10435,1315,Sony Bravia,14342580.91,2026-07-28
10436,1041,Samsung QLED,13856201.16,2026-01-08
10437,1086,MacBook Air,29910115.78,2026-06-26
10438,1281,MacBook Air,29043442.67,2026-06-19
10439,1169,Dell XPS 13,29497101.12,2026-08-05
10440,1256,Sac nhanh,420011.04,2026-08-16
10441,1098,Chuot khong day,436120.49,2026-03-09
10442,1135,Sony Bravia,15354874.28,2026-04-27
10443,1055,Xiaomi 14,15717126.36,2026-01-09
10444,1395,Oppo Reno,20116634.71,2026-01-27
10445,1282,Sac nhanh,364807.03,2026-08-28
10446,1121,Robot hut bui,4687483.32,2026-01-21
10447,1073,May loc khong khi,5608675.92,2026-03-10
10448,1411,Op lung,371349.93,2026-02-27
10449,1321,Chuot khong day,383189.87,2026-04-16
10450,1134,Galaxy S24,17765265.81,2026-08-24
10451,1382,Sony Bravia,15906565.67,2026-03-01
10452,1064,Robot hut bui,5095049.46,2026-02-25
10453,1431,Xiaomi 14,17111800.98,2026-03-15
10454,1083,Noi chien,4930692.39,2026-07-07
10455,1270,Samsung QLED,13535276.82,2026-06-10
10456,1216,May loc khong khi,5145422.39,2026-05-10
10457,1031,ThinkPad X1,36169084.65,2026-06-02
10458,1234,LG OLED,12906006.23,2026-03-25
10459,1099,May loc khong khi,5587169.38,2026-03-10
10460,1099,Tai nghe,352381.29,2026-05-27
10461,1285,Oppo Reno,19777256.81,2026-05-01
10462,1435,iPhone 15,17820692.69,2026-02-26
10463,1419,Xiaomi 14,16620909.87,2026-09-09
10464,1341,iPhone 15,16449296.46,2026-03-12
10465,1327,Noi chien,5196879.81,2026-07-09
10466,1328,LG OLED,13317136.94,2026-04-04
10467,1376,MacBook Air,27770929.74,2026-06-03
10468,1175,Galaxy S24,17222724.83,2026-05-02
10469,1326,iPhone 15,18971073.98,2026-02-06
10470,1398,Noi chien,5622246.65,2026-06-28
10471,1244,Tai nghe,438309.79,2026-06-05
10472,1325,Sony Bravia,15093320.23,2026-09-27
10473,1196,iPhone 15,18442430.92,2026-09-11
10474,1208,ThinkPad X1,28125827.86,2026-07-16
10475,1044,Robot hut bui,4412560.63,2026-07-09
10476,1008,MacBook Air,33776024.28,2026-02-02
10477,1423,LG OLED,13366458.97,2026-01-09
10478,1118,MacBook Air,36650910.55,2026-07-12
10479,1447,Galaxy S24,18475761.79,2026-03-27
10480,1207,Galaxy S24,17774236.05,2026-03-06
10481,1037,Noi chien,4728542.51,2026-02-28
10482,1236,Samsung QLED,12874677.51,2026-01-26
10483,1331,MacBook Air,32640737.45,2026-01-14
10484,1217,ThinkPad X1,32717462.43,2026-06-06
10485,1419,Noi chien,5303101.15,2026-07-25
10486,1068,Robot hut bui,5441963.28,2026-06-18
10487,1225,Robot hut bui,5298992.87,2026-02-03
10488,1265,Galaxy S24,16474540.66,2026-01-24
10489,1043,Sony Bravia,13672602.72,2026-01-19
10490,1192,MacBook Air,29630193.81,2026-03-19
10491,1021,May loc khong khi,4529129.49,2026-08-01
10492,1401,Dell XPS 13,29094030.64,2026-09-03
10493,1403,Robot hut bui,4716241.52,2026-06-27
10494,1069,Oppo Reno,19456515.89,2026-06-23
10495,1219,Xiaomi 14,15561283.74,2026-06-28
10496,1353,Sony Bravia,16511482.06,2026-04-09
10497,1217,Tai nghe,408074.7,2026-05-22
10498,1139,Sony Bravia,14849520.4,2026-01-19
10499,1450,Noi chien,5436307.49,2026-03-16
10500,1213,Xiaomi 14,16927762.75,2026-03-22
10501,1080,Chuot khong day,376136.42,2026-08-18
10502,1360,Xiaomi 14,16553175.74,2026-09-08
10503,1259,Robot hut bui,4527016.8,2026-03-03
10504,1167,ThinkPad X1,32928709.91,2026-03-22
10505,1361,Galaxy S24,18336753.55,2026-06-09
10506,1444,Oppo Reno,17599667.16,2026-04-20
10507,1268,MacBook Air,34897460.35,2026-07-05
10508,1422,Robot hut bui,4443990.06,2026-06-06
10509,1286,Galaxy S24,19417597.87,2026-08-22
10510,1256,iPhone 15,19303767.67,2026-06-11
10511,1124,Robot hut bui,5023413.09,2026-01-07
10512,1291,iPhone 15,20233848.58,2026-05-14
10513,1140,Tai nghe,344860.56,2026-03-19
10514,1190,MacBook Air,34725680.12,2026-04-27
10515,1152,Robot hut bui,5282201.27,2026-03-26
10516,1297,Dell XPS 13,32937784.05,2026-05-04
10517,1307,ThinkPad X1,28952085.43,2026-05-24
10518,1388,Oppo Reno,18091878.88,2026-05-19
10519,1328,Op lung,450456.03,2026-07-09
10520,1254,Chuot khong day,439287.85,2026-05-03
10521,1390,iPhone 15,18789504.7,2026-07-05
10522,1426,MacBook Air,32243988.64,2026-02-04
10523,1425,Noi chien,4541562.75,2026-05-12
10524,1306,Xiaomi 14,19643562.83,2026-04-06
10525,1135,Samsung QLED,15457502.21,2026-07-13
10526,1382,Dell XPS 13,31372709.51,2026-08-26
10527,1230,Dell XPS 13,27466981.57,2026-09-10
10528,1442,Sac nhanh,406885.68,2026-05-20
10529,1107,MacBook Air,35476254.64,2026-06-26
10530,1039,Tai nghe,414272.21,2026-06-14
10531,1124,Noi chien,4689981.11,2026-08-07
10532,1363,Sony Bravia,15594761.82,2026-07-22
10533,1401,Robot hut bui,5663160.07,2026-05-16
10534,1014,Tai nghe,434931.29,2026-01-08
10535,1160,MacBook Air,28755505.93,2026-01-20
10536,1088,MacBook Air,34837361.39,2026-04-13
10537,1271,May loc khong khi,4296330.7,2026-01-01
10538,1030,Robot hut bui,5220122.23,2026-03-22
10539,1089,Op lung,422135.02,2026-06-21
10540,1042,MacBook Air,30740030.08,2026-01-05
10541,1356,Tai nghe,373867.04,2026-05-28
10542,1059,ThinkPad X1,36150257.58,2026-07-08
10543,1021,Samsung QLED,13421036.64,2026-02-16
10544,1427,Samsung QLED,16441849.73,2026-09-01
10545,1098,LG OLED,12768103.64,2026-01-23
10546,1406,LG OLED,15359450.56,2026-08-16
10547,1056,ThinkPad X1,33493225.76,2026-09-28
10548,1391,MacBook Air,31461662.12,2026-06-09
10549,1345,May loc khong khi,5432221.78,2026-09-17
10550,1184,Robot hut bui,5567000.24,2026-03-24
10551,1067,Sony Bravia,16516737.87,2026-03-07
10552,1019,MacBook Air,35890329.17,2026-03-27
10553,1067,Sony Bravia,17007592.59,2026-04-23
10554,1138,May loc khong khi,5463446.29,2026-08-10
10555,1184,Noi chien,5564238.85,2026-05-17
10556,1182,MacBook Air,28462353.99,2026-08-07
10557,1334,Dell XPS 13,35705149.15,2026-04-04
10558,1050,Robot hut bui,4539032.48,2026-01-18
10559,1443,Sony Bravia,16238142.9,2026-05-04
10560,1385,Sony Bravia,15797329.33,2026-08-20
10561,1016,Galaxy S24,18970326.89,2026-02-22
10562,1427,May loc khong khi,5274003.8,2026-02-06
10563,1217,LG OLED,14211456.04,2026-09-22
10564,1412,Sac nhanh,351080.76,2026-03-14
10565,1203,Dell XPS 13,33899380.43,2026-07-21
10566,1090,MacBook Air,33826652.63,2026-04-21
10567,1410,Op lung,411784.26,2026-01-19
10568,1242,Chuot khong day,366035.14,2026-06-25
10569,1304,Samsung QLED,13934281.52,2026-01-01
10570,1399,Chuot khong day,427314.2,2026-04-17
10571,1218,Oppo Reno,16455243.23,2026-09-04
10572,1434,Oppo Reno,19258591.27,2026-07-11
10573,1329,Op lung,354888.09,2026-05-09
10574,1201,Samsung QLED,17038429.13,2026-08-19
10575,1379,Dell XPS 13,33375329.75,2026-05-09
10576,1408,Noi chien,4568045.37,2026-07-22
10577,1242,Sony Bravia,16727938.9,2026-04-19
10578,1162,Samsung QLED,14748302.33,2026-07-10
10579,1403,Xiaomi 14,18435147.88,2026-08-18
10580,1247,Robot hut bui,5670716.41,2026-02-02
10581,1171,Xiaomi 14,19224098.13,2026-03-12
10582,1390,Op lung,391446.25,2026-02-21
10583,1101,Op lung,427953.71,2026-06-19
10584,1111,MacBook Air,31481195.24,2026-06-05
10585,1326,iPhone 15,19634255.71,2026-04-27
10586,1181,ThinkPad X1,28294913.92,2026-07-09
10587,1176,Oppo Reno,16384840.35,2026-04-20
10588,1424,Sac nhanh,400959.38,2026-08-24
10589,1319,Oppo Reno,17492805.64,2026-02-23
10590,1025,Sony Bravia,17015102.17,2026-07-17
10591,1042,iPhone 15,18503479.69,2026-06-01
10592,1174,Op lung,427807.66,2026-01-08
10593,1415,Noi chien,4413996.15,2026-08-01
10594,1280,Robot hut bui,4877633.74,2026-06-16
10595,1102,May loc khong khi,5556996.55,2026-06-06
10596,1035,May loc khong khi,4696394.48,2026-06-21
10597,1116,Samsung QLED,13776959.24,2026-08-16
10598,1413,LG OLED,14567330.74,2026-06-15
10599,1227,iPhone 15,15332781.61,2026-05-02
10600,1058,Noi chien,5443775.12,2026-04-07
10601,1418,May loc khong khi,4464776.93,2026-09-28
10602,1331,LG OLED,14462366.25,2026-09-08
10603,1066,Tai nghe,441144.37,2026-08-19
10604,1250,Op lung,438125.28,2026-04-22
10605,1105,Samsung QLED,14436466.7,2026-09-22
10606,1002,Dell XPS 13,28775597.73,2026-07-09
10607,1347,Robot hut bui,5112997.09,2026-07-03
10608,1328,iPhone 15,15373249.68,2026-06-18
10609,1448,Chuot khong day,349784.33,2026-08-03
10610,1404,Oppo Reno,16284078.44,2026-05-26
10611,1356,Sac nhanh,367409.4,2026-04-14
10612,1032,May loc khong khi,4774711.33,2026-01-06
10613,1408,Robot hut bui,5067584.26,2026-05-27
10614,1248,Xiaomi 14,18427687.87,2026-04-18
10615,1175,Xiaomi 14,18604391.53,2026-05-15
10616,1305,May loc khong khi,4874623.0,2026-09-17
10617,1004,Tai nghe,352368.95,2026-08-25
10618,1041,Tai nghe,437955.35,2026-03-20
10619,1195,Dell XPS 13,31108282.43,2026-01-08
10620,1357,LG OLED,14078302.8,2026-04-27
10621,1286,May loc khong khi,4415081.91,2026-06-14
10622,1095,Oppo Reno,17846697.71,2026-03-27
10623,1057,Noi chien,4736889.16,2026-09-10
10624,1314,Samsung QLED,14369173.32,2026-09-20
10625,1130,LG OLED,13155944.99,2026-07-15
10626,1446,Tai nghe,404095.57,2026-02-17
10627,1184,May loc khong khi,4728631.93,2026-01-12
10628,1245,May loc khong khi,4542033.98,2026-09-02
10629,1344,ThinkPad X1,35013432.76,2026-03-06
10630,1091,May loc khong khi,4731680.18,2026-06-03
10631,1387,Tai nghe,359541.01,2026-08-18
10632,1061,Galaxy S24,18262824.31,2026-01-04
10633,1238,Op lung,450028.97,2026-08-17
10634,1066,Tai nghe,364513.21,2026-07-13
10635,1342,Op lung,448500.29,2026-07-25
10636,1199,Sac nhanh,363546.04,2026-08-25
10637,1318,Galaxy S24,16614696.1,2026-02-21
10638,1231,Tai nghe,369268.51,2026-05-18
10639,1009,Dell XPS 13,30470426.2,2026-08-28
10640,1274,LG OLED,14315402.88,2026-01-10
10641,1242,Sony Bravia,13316289.42,2026-05-02
10642,1223,Robot hut bui,4648522.75,2026-08-17
10643,1145,Op lung,409157.19,2026-07-09
10644,1134,Noi chien,4698781.24,2026-01-14
10645,1123,Tai nghe,441373.45,2026-07-07
10646,1284,Samsung QLED,13686324.41,2026-08-13
10647,1084,Op lung,436235.48,2026-04-22
10648,1069,May loc khong khi,5363168.5,2026-05-11
10649,1093,Op lung,402199.9,2026-04-04
10650,1352,Tai nghe,396466.74,2026-07-12
10651,1323,Chuot khong day,415872.99,2026-07-22
10652,1309,LG OLED,15252400.6,2026-02-04
10653,1368,Oppo Reno,17200728.23,2026-08-12
10654,1193,Op lung,450156.44,2026-02-26
10655,1334,Dell XPS 13,31590362.82,2026-02-10
10656,1393,Samsung QLED,14586921.06,2026-07-15
10657,1136,LG OLED,16208336.26,2026-04-02
10658,1301,Galaxy S24,19536534.89,2026-05-05
10659,1322,Tai nghe,393326.07,2026-05-27
10660,1087,Samsung QLED,15498551.96,2026-06-01
10661,1191,Sac nhanh,390991.83,2026-05-22
10662,1218,Tai nghe,351471.09,2026-05-25
10663,1105,Sony Bravia,13155713.78,2026-06-28
10664,1056,May loc khong khi,5616357.44,2026-06-12
10665,1224,iPhone 15,20007827.51,2026-03-02
10666,1190,Op lung,425963.18,2026-05-19
10667,1378,May loc khong khi,5583740.61,2026-04-01
10668,1031,LG OLED,17086052.01,2026-09-10
10669,1347,Sac nhanh,440754.57,2026-03-02
10670,1102,Oppo Reno,20480789.14,2026-06-16
10671,1039,Dell XPS 13,27613326.73,2026-09-17
10672,1435,Dell XPS 13,32951060.33,2026-07-22
10673,1060,Oppo Reno,17822222.54,2026-01-25
10674,1006,Chuot khong day,416199.46,2026-06-04
10675,1154,Noi chien,5743356.14,2026-07-20
10676,1099,MacBook Air,33169179.16,2026-05-15
10677,1359,MacBook Air,33964280.43,2026-02-08
10678,1114,iPhone 15,19761053.51,2026-06-02
10679,1369,Op lung,414318.29,2026-01-18
10680,1163,MacBook Air,33944402.79,2026-09-13
10681,1403,Samsung QLED,14182824.55,2026-06-19
10682,1384,Sony Bravia,17014565.5,2026-03-22
10683,1308,May loc khong khi,4586181.41,2026-06-13
10684,1015,Chuot khong day,389400.68,2026-05-27
10685,1302,Dell XPS 13,31381344.61,2026-06-07
10686,1226,May loc khong khi,4297556.14,2026-09-27
10687,1213,MacBook Air,28560885.21,2026-03-03
10688,1279,Sac nhanh,360492.3,2026-04-01
10689,1369,May loc khong khi,4823871.44,2026-04-27
10690,1323,Sony Bravia,15779100.03,2026-05-19
10691,1120,Chuot khong day,370005.32,2026-06-28
10692,1092,Dell XPS 13,36314013.55,2026-01-23
10693,1109,Robot hut bui,5593978.48,2026-09-16
10694,1284,Tai nghe,413022.53,2026-09-15
10695,1374,May loc khong khi,4727003.73,2026-07-05
10696,1199,Samsung QLED,13896068.39,2026-02-15
10697,1134,iPhone 15,17403822.8,2026-08-22
10698,1005,Galaxy S24,16285245.4,2026-08-21
10699,1163,Sony Bravia,16675495.04,2026-07-09
10700,1137,LG OLED,15007285.47,2026-02-25
10701,1151,MacBook Air,28029446.51,2026-05-25
10702,1079,Noi chien,5273991.94,2026-07-19
10703,1257,LG OLED,13815627.8,2026-02-16
10704,1229,Robot hut bui,5642792.91,2026-07-06
10705,1048,Xiaomi 14,20235813.96,2026-02-08
10706,1199,LG OLED,14969785.28,2026-05-10
10707,1298,Robot hut bui,4688727.27,2026-09-24
10708,1017,Samsung QLED,13677062.2,2026-08-17
10709,1317,Op lung,375183.78,2026-04-11
10710,1089,Noi chien,4945166.28,2026-09-16
10711,1305,May loc khong khi,4943190.43,2026-06-03
10712,1212,Galaxy S24,17134093.18,2026-09-18
10713,1418,ThinkPad X1,33506564.94,2026-02-28
10714,1406,ThinkPad X1,27852223.63,2026-02-17
10715,1254,Noi chien,4338007.06,2026-04-22
10716,1399,LG OLED,16843339.18,2026-04-26
10717,1409,LG OLED,12993422.3,2026-09-17
10718,1202,Dell XPS 13,27555928.98,2026-02-07
10719,1035,May loc khong khi,5573397.83,2026-06-17
10720,1238,May loc khong khi,4941094.5,2026-07-07
10721,1003,ThinkPad X1,33381991.63,2026-04-19
10722,1293,Xiaomi 14,16830835.65,2026-05-27
10723,1316,Robot hut bui,5704571.48,2026-01-19
10724,1112,ThinkPad X1,29543240.86,2026-04-07
10725,1155,iPhone 15,16900729.7,2026-06-21
10726,1354,MacBook Air,34794217.25,2026-02-20
10727,1388,Xiaomi 14,17708000.87,2026-04-13
10728,1442,Sony Bravia,13286566.28,2026-01-28
10729,1237,Chuot khong day,358955.07,2026-08-18
10730,1206,Op lung,430054.85,2026-09-20
10731,1045,MacBook Air,33778330.72,2026-08-08
10732,1216,Galaxy S24,17147517.07,2026-01-05
10733,1095,LG OLED,15426109.09,2026-01-24
10734,1265,Galaxy S24,16041996.97,2026-02-01
10735,1274,Samsung QLED,15680363.76,2026-02-22
10736,1217,Oppo Reno,15305722.72,2026-05-02
10737,1203,Xiaomi 14,17933622.05,2026-01-27
10738,1352,Sony Bravia,14702972.67,2026-03-02
10739,1397,Noi chien,5712759.0,2026-09-22
10740,1083,Samsung QLED,15987301.69,2026-06-10
10741,1440,ThinkPad X1,30307808.48,2026-07-02
10742,1146,Galaxy S24,18891969.23,2026-04-18
10743,1051,Op lung,451677.57,2026-06-01
10744,1434,Noi chien,5615285.07,2026-09-02
10745,1387,Dell XPS 13,30520972.56,2026-04-01
10746,1065,May loc khong khi,4841670.93,2026-09-23
10747,1161,iPhone 15,18519559.62,2026-06-15
10748,1032,LG OLED,13977833.51,2026-03-28
10749,1087,Samsung QLED,14765229.63,2026-01-07
10750,1274,Sony Bravia,16945456.79,2026-01-11
10751,1085,Robot hut bui,5690895.62,2026-07-17
10752,1013,Noi chien,4701103.27,2026-06-08
10753,1405,Chuot khong day,343986.68,2026-09-22
10754,1232,Samsung QLED,15813465.01,2026-06-19
10755,1123,Xiaomi 14,18608936.43,2026-07-16
10756,1413,Samsung QLED,16737333.62,2026-04-13
10757,1069,May loc khong khi,4591844.51,2026-05-26
10758,1269,Galaxy S24,15794236.93,2026-07-04
10759,1050,Chuot khong day,432209.25,2026-09-24
10760,1011,Chuot khong day,432252.21,2026-05-21
10761,1201,Noi chien,5605831.11,2026-09-10
10762,1173,Sony Bravia,16146034.3,2026-06-07
10763,1300,LG OLED,15943420.63,2026-09-20
10764,1197,Xiaomi 14,19554621.43,2026-04-26
10765,1275,Dell XPS 13,28671732.41,2026-03-04
10766,1410,Sac nhanh,356319.09,2026-07-19
10767,1449,May loc khong khi,4514330.19,2026-04-16
10768,1171,Galaxy S24,20343492.69,2026-02-08
10769,1049,iPhone 15,17858079.33,2026-06-01
10770,1222,May loc khong khi,4887788.42,2026-04-16
10771,1079,LG OLED,12928803.92,2026-08-15
10772,1245,LG OLED,17181777.62,2026-03-28
10773,1335,Sony Bravia,15770236.79,2026-01-21
10774,1267,Chuot khong day,348981.27,2026-01-25
10775,1422,iPhone 15,17538261.3,2026-05-22
10776,1369,Op lung,415856.31,2026-04-27
10777,1428,iPhone 15,18731719.37,2026-06-17
10778,1257,May loc khong khi,4372139.85,2026-08-28
10779,1151,Xiaomi 14,16958354.04,2026-03-12
10780,1298,May loc khong khi,5660065.92,2026-07-21
10781,1412,LG OLED,13940045.68,2026-08-06
10782,1312,MacBook Air,27593716.08,2026-03-05
10783,1157,Dell XPS 13,32043249.14,2026-04-17
10784,1124,Xiaomi 14,20203335.51,2026-09-27
10785,1203,Op lung,437798.18,2026-04-04
10786,1397,Sony Bravia,14731545.03,2026-07-18
10787,1292,Oppo Reno,16707904.8,2026-03-04
10788,1244,LG OLED,15431040.18,2026-02-10
10789,1376,Robot hut bui,4625814.74,2026-04-23
10790,1371,ThinkPad X1,36047567.92,2026-02-08
10791,1282,Oppo Reno,20593250.4,2026-08-24
10792,1188,Robot hut bui,4591594.34,2026-08-02
10793,1185,Tai nghe,340909.48,2026-06-03
10794,1156,LG OLED,14672872.16,2026-07-01
10795,1196,Chuot khong day,451448.01,2026-09-26
10796,1282,May loc khong khi,5298807.12,2026-09-15
10797,1189,Robot hut bui,5690892.14,2026-08-27
10798,1241,ThinkPad X1,34019771.36,2026-09-02
10799,1132,MacBook Air,29244313.88,2026-05-06
10800,1276,Robot hut bui,5671140.75,2026-03-08
10801,1160,Dell XPS 13,30235988.89,2026-08-14
10802,1127,Sac nhanh,433054.99,2026-07-20
10803,1335,Chuot khong day,340234.09,2026-02-11
10804,1353,Galaxy S24,18388184.85,2026-06-06
10805,1075,LG OLED,13127269.27,2026-01-07
10806,1249,MacBook Air,33979907.24,2026-08-02
10807,1313,Robot hut bui,4863757.82,2026-04-06
10808,1013,Oppo Reno,20603166.82,2026-07-10
10809,1324,Samsung QLED,15602314.9,2026-01-27
10810,1117,Oppo Reno,15823236.88,2026-04-13
10811,1288,Dell XPS 13,27806709.88,2026-09-28
10812,1034,Galaxy S24,17473641.52,2026-06-03
10813,1138,Xiaomi 14,15626487.18,2026-03-11
10814,1112,Chuot khong day,384254.29,2026-08-22
10815,1155,MacBook Air,30547284.55,2026-06-14
10816,1417,LG OLED,14904869.89,2026-06-14
10817,1332,LG OLED,16318509.41,2026-06-17
10818,1447,Samsung QLED,12855192.28,2026-04-02
10819,1232,Robot hut bui,5350555.31,2026-07-18
10820,1378,May loc khong khi,4629422.2,2026-08-06
10821,1008,May loc khong khi,4511026.1,2026-01-09
10822,1403,iPhone 15,16714021.49,2026-07-04
10823,1443,Sac nhanh,436138.76,2026-03-05
10824,1255,Galaxy S24,16861665.57,2026-08-26
10825,1429,Xiaomi 14,20224420.36,2026-01-09
10826,1441,Dell XPS 13,29517423.19,2026-08-13
10827,1163,Tai nghe,423041.7,2026-01-06
10828,1291,iPhone 15,20630465.01,2026-06-13
10829,1035,Xiaomi 14,17907315.42,2026-07-22
10830,1255,Noi chien,4688394.87,2026-08-04
10831,1098,Dell XPS 13,35740869.21,2026-05-19
10832,1222,Xiaomi 14,18795131.62,2026-03-27
10833,1380,ThinkPad X1,33153046.51,2026-03-14
10834,1162,iPhone 15,16565098.63,2026-05-09
10835,1246,Oppo Reno,20048902.24,2026-09-21
10836,1136,Xiaomi 14,15761529.04,2026-03-23
10837,1205,LG OLED,15460361.05,2026-07-24
10838,1399,May loc khong khi,4719234.97,2026-09-20
10839,1089,LG OLED,16262499.03,2026-03-03
10840,1201,iPhone 15,15517628.53,2026-08-09
10841,1370,Dell XPS 13,35967925.44,2026-02-25
10842,1212,Xiaomi 14,17157789.96,2026-08-19
10843,1006,MacBook Air,31423746.74,2026-05-25
10844,1085,Op lung,422611.53,2026-02-28
10845,1116,Dell XPS 13,28295054.39,2026-08-13
10846,1407,Robot hut bui,4558066.51,2026-05-22
10847,1352,Sac nhanh,373929.86,2026-03-02
10848,1170,ThinkPad X1,27845401.41,2026-06-27
10849,1282,Samsung QLED,17058214.99,2026-04-24
10850,1225,Sony Bravia,14347827.43,2026-04-23
10851,1219,Robot hut bui,5090276.48,2026-02-27
10852,1021,ThinkPad X1,32251109.36,2026-02-17
10853,1085,Oppo Reno,16934019.13,2026-06-20
10854,1114,Samsung QLED,15206266.94,2026-09-27
10855,1437,May loc khong khi,5437523.97,2026-06-20
10856,1224,Xiaomi 14,18866992.26,2026-02-24
10857,1217,Xiaomi 14,15925725.61,2026-05-15
10858,1047,Oppo Reno,19329889.3,2026-03-05
10859,1131,Galaxy S24,17352168.42,2026-03-21
10860,1333,Sony Bravia,13610524.91,2026-06-21
10861,1131,Tai nghe,386278.74,2026-05-06
10862,1441,May loc khong khi,5023937.58,2026-02-16
10863,1345,Samsung QLED,12992003.41,2026-04-16
10864,1012,Dell XPS 13,34795780.0,2026-09-09
10865,1385,MacBook Air,27868970.55,2026-05-24
10866,1160,Tai nghe,435281.65,2026-04-10
10867,1143,May loc khong khi,4703814.61,2026-02-07
10868,1158,Robot hut bui,5497630.69,2026-06-03
10869,1228,Noi chien,4727342.53,2026-09-02
10870,1431,Tai nghe,399293.62,2026-09-07
10871,1023,LG OLED,16984685.69,2026-02-15
10872,1235,Sony Bravia,13820076.16,2026-02-03
10873,1090,Sony Bravia,13716911.77,2026-03-15
10874,1257,Tai nghe,430660.99,2026-05-28
10875,1443,MacBook Air,32925948.8,2026-04-13
10876,1358,Op lung,414751.7,2026-08-22
10877,1154,ThinkPad X1,29473514.26,2026-07-15
10878,1399,Oppo Reno,16808526.23,2026-06-06
10879,1219,Tai nghe,393477.14,2026-09-01
10880,1274,Tai nghe,416351.8,2026-03-01
10881,1269,Robot hut bui,4659115.21,2026-04-25
10882,1125,Samsung QLED,16381682.99,2026-01-09
10883,1387,May loc khong khi,5543281.74,2026-08-28
10884,1366,LG OLED,14850343.74,2026-03-20
10885,1282,Robot hut bui,4749366.24,2026-07-18
10886,1084,Galaxy S24,16014604.54,2026-04-20
10887,1109,Noi chien,4794311.76,2026-01-15
10888,1354,Xiaomi 14,17035390.38,2026-01-20
10889,1333,ThinkPad X1,32270246.18,2026-07-11
10890,1387,Samsung QLED,14825404.65,2026-04-21
10891,1094,Robot hut bui,5066011.26,2026-02-27
10892,1178,MacBook Air,29655587.95,2026-06-18
10893,1432,Galaxy S24,15980369.58,2026-09-07
10894,1127,Xiaomi 14,19183176.07,2026-06-27
10895,1158,Robot hut bui,5164205.11,2026-01-25
10896,1022,Sac nhanh,449087.44,2026-05-03
10897,1008,iPhone 15,15807857.89,2026-06-10
10898,1061,MacBook Air,29065044.75,2026-01-28
10899,1434,Xiaomi 14,19993077.44,2026-07-12
10900,1325,May loc khong khi,4713943.71,2026-03-09
10901,1108,Sony Bravia,13344370.73,2026-07-12
10902,1388,Xiaomi 14,18606193.52,2026-08-08
10903,1034,Robot hut bui,5450052.61,2026-08-06
10904,1166,Noi chien,5185478.13,2026-06-20
10905,1018,Robot hut bui,4602052.81,2026-09-10
10906,1242,MacBook Air,31101858.01,2026-01-18
10907,1263,May loc khong khi,4661587.55,2026-06-27
10908,1153,Oppo Reno,20544852.74,2026-08-03
10909,1251,ThinkPad X1,33310291.4,2026-06-02
10910,1051,Chuot khong day,342175.39,2026-02-27
10911,1293,Dell XPS 13,32584360.03,2026-07-12
10912,1375,Robot hut bui,5358503.69,2026-01-03
10913,1221,Dell XPS 13,35996732.28,2026-07-15
10914,1395,Op lung,421242.86,2026-06-27
10915,1337,Sony Bravia,13437374.31,2026-06-17
10916,1174,Galaxy S24,16622015.55,2026-06-05
10917,1236,May loc khong khi,4865282.55,2026-08-07
10918,1183,May loc khong khi,4881277.8,2026-06-02
10919,1312,Sony Bravia,14633149.05,2026-06-07
10920,1426,Tai nghe,349753.99,2026-09-13
10921,1046,May loc khong khi,5199719.35,2026-04-12
10922,1413,Xiaomi 14,20211938.95,2026-02-07
10923,1062,Sac nhanh,345042.02,2026-09-12
10924,1113,Sony Bravia,13743779.36,2026-07-24
10925,1029,Tai nghe,457654.42,2026-09-13
10926,1358,MacBook Air,35313356.12,2026-09-12
10927,1180,Tai nghe,349272.3,2026-09-28
10928,1007,Xiaomi 14,18220985.83,2026-06-11
10929,1090,Tai nghe,365551.34,2026-02-28
10930,1222,ThinkPad X1,34091326.84,2026-08-12
10931,1152,Samsung QLED,14382827.36,2026-07-14
10932,1450,Noi chien,4507856.43,2026-02-03
10933,1192,Galaxy S24,17109204.28,2026-03-09
10934,1147,Sac nhanh,347238.87,2026-02-25
10935,1234,Dell XPS 13,29486335.58,2026-05-20
10936,1183,Oppo Reno,20668155.53,2026-05-03
10937,1444,MacBook Air,36002141.9,2026-01-20
10938,1272,Noi chien,4695723.46,2026-02-16
10939,1258,Oppo Reno,19350116.01,2026-04-07
10940,1440,iPhone 15,20073899.25,2026-06-04
10941,1085,Sony Bravia,13056005.12,2026-03-07
10942,1396,Chuot khong day,361388.14,2026-04-27
10943,1448,Op lung,434774.29,2026-02-27
10944,1351,Op lung,345863.98,2026-02-15
10945,1192,Xiaomi 14,16942618.77,2026-08-26
10946,1202,Xiaomi 14,15589879.26,2026-02-17
10947,1195,ThinkPad X1,30876382.48,2026-09-23
10948,1410,Robot hut bui,5406541.39,2026-05-04
10949,1255,MacBook Air,31510789.4,2026-03-09
10950,1129,Sac nhanh,376765.96,2026-02-15
10951,1437,Samsung QLED,14586499.23,2026-07-07
10952,1413,Dell XPS 13,29669795.95,2026-09-22
10953,1163,Sac nhanh,413245.39,2026-05-08
10954,1440,Oppo Reno,17024881.42,2026-04-07
10955,1188,ThinkPad X1,36352763.68,2026-02-22
10956,1327,Op lung,382630.09,2026-04-15
10957,1137,Robot hut bui,4557550.85,2026-08-05
10958,1187,Samsung QLED,14076382.11,2026-04-22
10959,1044,Samsung QLED,15797266.0,2026-05-20
10960,1056,Galaxy S24,16299709.02,2026-06-01
10961,1215,iPhone 15,18421690.87,2026-06-11
10962,1247,MacBook Air,30324311.3,2026-08-24
10963,1162,Samsung QLED,17013676.94,2026-03-22
10964,1379,Robot hut bui,4494341.54,2026-01-16
10965,1226,Chuot khong day,434080.71,2026-02-24
10966,1270,iPhone 15,15671200.55,2026-04-06
10967,1430,MacBook Air,27474032.37,2026-04-18
10968,1024,Sac nhanh,367225.81,2026-05-25
10969,1346,iPhone 15,20202823.85,2026-04-28
10970,1041,Op lung,353147.73,2026-04-04
10971,1279,iPhone 15,19509180.0,2026-02-23
10972,1450,Samsung QLED,13491845.68,2026-07-18
10973,1140,Dell XPS 13,29951912.08,2026-01-07
10974,1012,Chuot khong day,385494.07,2026-06-05
10975,1102,Oppo Reno,19066814.92,2026-07-07
10976,1020,MacBook Air,29867635.59,2026-06-28
10977,1367,Robot hut bui,5636655.08,2026-08-08
10978,1180,Robot hut bui,4644404.85,2026-09-17
10979,1168,ThinkPad X1,36246300.43,2026-03-06
10980,1433,Sony Bravia,15257289.12,2026-03-28
10981,1301,iPhone 15,20355781.07,2026-08-23
10982,1195,Dell XPS 13,35344108.58,2026-04-06
10983,1018,Chuot khong day,348433.83,2026-04-24
10984,1444,Sony Bravia,13794848.46,2026-05-11
10985,1305,LG OLED,15843033.27,2026-08-28
10986,1372,Galaxy S24,20358286.74,2026-04-13
10987,1233,Samsung QLED,14468898.61,2026-09-10
10988,1405,Xiaomi 14,17269593.42,2026-09-02
10989,1028,Samsung QLED,15496534.93,2026-03-15
10990,1061,Robot hut bui,4690294.38,2026-07-13
10991,1081,Sac nhanh,454527.04,2026-05-01
10992,1160,Noi chien,4264074.57,2026-01-02
10993,1180,Op lung,375068.92,2026-08-28
10994,1255,Sony Bravia,14438343.21,2026-01-15
10995,1205,MacBook Air,28821514.06,2026-09-08
10996,1196,May loc khong khi,4330152.01,2026-02-05
10997,1339,Galaxy S24,19240559.65,2026-01-17
10998,1434,Sony Bravia,16892295.29,2026-09-06
10999,1323,Chuot khong day,458640.29,2026-04-05
11000,1395,Chuot khong day,366271.39,2026-01-09
11001,1443,Op lung,391356.24,2026-05-03
11002,1335,Xiaomi 14,18352239.16,2026-09-02
11003,1187,Samsung QLED,16423831.68,2026-04-15
11004,1249,Sony Bravia,16969070.52,2026-05-05
11005,1070,Noi chien,5016109.19,2026-03-12
11006,1365,May loc khong khi,4693322.04,2026-09-10
11007,1332,Tai nghe,364373.64,2026-02-14
11008,1051,ThinkPad X1,34261560.25,2026-03-01
11009,1446,Xiaomi 14,19642346.69,2026-03-09
11010,1280,LG OLED,16711085.51,2026-07-25
11011,1027,May loc khong khi,5213974.97,2026-01-02
11012,1254,Noi chien,5112519.07,2026-01-27
11013,1048,ThinkPad X1,36434153.4,2026-04-15
11014,1431,iPhone 15,15882965.2,2026-04-12
11015,1110,Dell XPS 13,28595562.77,2026-07-10
11016,1407,Sac nhanh,424557.66,2026-08-05
11017,1353,Tai nghe,367334.81,2026-08-22
11018,1268,Robot hut bui,4843279.58,2026-08-22
11019,1299,Noi chien,4684648.39,2026-04-12
11020,1026,Robot hut bui,5680818.88,2026-01-03
11021,1261,Noi chien,4910970.78,2026-09-02
11022,1389,MacBook Air,34977518.52,2026-07-20
11023,1161,Noi chien,4257193.15,2026-04-14
11024,1325,Oppo Reno,15327191.85,2026-08-19
11025,1223,Robot hut bui,5322199.22,2026-01-10
11026,1439,Robot hut bui,4753693.83,2026-09-28
11027,1437,Chuot khong day,430755.3,2026-05-17
11028,1006,Sony Bravia,17165838.69,2026-03-01
11029,1203,Sac nhanh,361778.66,2026-08-23
11030,1222,Galaxy S24,20197004.58,2026-09-19
11031,1046,LG OLED,15406457.82,2026-03-16
11032,1097,Robot hut bui,4714729.22,2026-03-26
11033,1177,Dell XPS 13,30461470.46,2026-01-19
11034,1036,ThinkPad X1,28991033.69,2026-02-19
11035,1174,Chuot khong day,458107.69,2026-05-07
11036,1213,Oppo Reno,19899116.11,2026-05-04
11037,1271,ThinkPad X1,35840573.48,2026-02-06
11038,1046,MacBook Air,32897014.13,2026-01-08
11039,1039,Noi chien,5675611.98,2026-07-25
11040,1182,Sac nhanh,358422.66,2026-06-16
11041,1303,Oppo Reno,19357248.02,2026-03-07
11042,1080,Samsung QLED,15123799.03,2026-01-12
11043,1182,iPhone 15,16568108.01,2026-03-27
11044,1232,May loc khong khi,4763966.72,2026-07-21
11045,1179,MacBook Air,30375143.77,2026-06-21
11046,1407,Chuot khong day,411950.42,2026-02-06
11047,1282,Sony Bravia,14847360.31,2026-07-06
11048,1431,May loc khong khi,4541015.03,2026-06-08
11049,1213,Robot hut bui,5343028.55,2026-01-12
11050,1449,Chuot khong day,406715.23,2026-07-19
11051,1147,Dell XPS 13,33827279.67,2026-03-26
11052,1228,Robot hut bui,5014596.22,2026-07-05
11053,1046,ThinkPad X1,28059252.26,2026-04-22
11054,1270,Oppo Reno,18913675.99,2026-01-16
11055,1123,LG OLED,13575759.91,2026-08-21
11056,1183,Galaxy S24,19299059.85,2026-03-08
11057,1045,Sony Bravia,13683273.7,2026-05-16
11058,1449,Xiaomi 14,18404281.53,2026-04-17
11059,1292,Noi chien,4332055.45,2026-04-04
11060,1061,MacBook Air,30443592.17,2026-03-03
11061,1165,Samsung QLED,13781965.78,2026-08-25
11062,1441,Chuot khong day,382981.74,2026-08-20
11063,1232,Tai nghe,393817.47,2026-01-13
11064,1005,Dell XPS 13,34111505.69,2026-02-05
11065,1376,ThinkPad X1,30670129.17,2026-03-11
11066,1351,Sac nhanh,382099.93,2026-01-26
11067,1173,Xiaomi 14,16276805.61,2026-02-15
11068,1388,Chuot khong day,418812.67,2026-01-27
11069,1326,Oppo Reno,17938313.33,2026-05-21
11070,1423,Noi chien,4543552.67,2026-07-10
11071,1403,Sac nhanh,448888.55,2026-06-02
11072,1267,Xiaomi 14,19928197.14,2026-06-25
11073,1090,May loc khong khi,5416127.18,2026-09-10
11074,1174,Chuot khong day,371913.08,2026-05-26
11075,1114,Tai nghe,402504.76,2026-07-15
11076,1219,Dell XPS 13,29136669.46,2026-09-06
11077,1207,Dell XPS 13,34328709.64,2026-02-02
11078,1027,Oppo Reno,16356415.02,2026-01-08
11079,1357,Chuot khong day,385595.67,2026-05-06
11080,1394,MacBook Air,33443532.06,2026-06-20
11081,1201,Sony Bravia,16566552.66,2026-01-20
11082,1079,MacBook Air,27362260.79,2026-08-10
11083,1305,Xiaomi 14,17342013.39,2026-08-15
11084,1011,Oppo Reno,19499580.37,2026-06-24
11085,1418,Samsung QLED,14949379.19,2026-01-15
11086,1298,Oppo Reno,17760948.26,2026-02-05
11087,1433,MacBook Air,27407157.45,2026-04-22
11088,1448,LG OLED,15250547.32,2026-09-02
11089,1424,MacBook Air,35474447.41,2026-07-24
11090,1295,MacBook Air,32144728.61,2026-08-23
11091,1224,Robot hut bui,4713757.12,2026-08-28
11092,1109,Dell XPS 13,28518275.92,2026-02-16
11093,1048,Sony Bravia,15311877.41,2026-09-10
11094,1188,Noi chien,5075958.28,2026-04-27
11095,1212,Op lung,448856.62,2026-05-19
11096,1382,Samsung QLED,17024891.23,2026-03-09
11097,1447,Chuot khong day,382877.75,2026-08-04
11098,1257,May loc khong khi,5666282.23,2026-06-01
11099,1318,Xiaomi 14,16779424.18,2026-06-05
11100,1143,iPhone 15,18567067.18,2026-03-11
11101,1203,Samsung QLED,13449732.07,2026-08-04
11102,1292,Dell XPS 13,29538771.99,2026-05-13
11103,1152,MacBook Air,29805079.75,2026-09-08
11104,1139,iPhone 15,16088209.93,2026-09-08
11105,1082,Robot hut bui,4545153.8,2026-05-17
11106,1335,Xiaomi 14,19081967.99,2026-05-02
11107,1034,Oppo Reno,15677667.45,2026-02-01
11108,1061,Dell XPS 13,34268161.54,2026-03-18
11109,1261,iPhone 15,15610486.26,2026-03-08
11110,1014,Robot hut bui,5442118.61,2026-07-04
11111,1099,ThinkPad X1,33621452.84,2026-07-02
11112,1157,Robot hut bui,4941792.23,2026-05-23
11113,1242,MacBook Air,31594964.31,2026-04-11
11114,1124,LG OLED,13254469.66,2026-03-11
11115,1270,Chuot khong day,402365.11,2026-05-25
11116,1248,Sac nhanh,392961.27,2026-02-04
11117,1434,Sony Bravia,13182558.26,2026-04-17
11118,1019,Chuot khong day,414913.35,2026-03-04
11119,1420,Galaxy S24,17204920.68,2026-09-24
11120,1055,Robot hut bui,5511054.03,2026-01-10
11121,1336,Op lung,407675.75,2026-06-15
11122,1153,Noi chien,5453968.73,2026-03-23
11123,1259,Robot hut bui,4683507.54,2026-08-02
11124,1421,Sac nhanh,355431.64,2026-05-19
11125,1068,Samsung QLED,15081821.92,2026-05-08
11126,1291,LG OLED,13599092.17,2026-09-19
11127,1369,Oppo Reno,16674678.93,2026-03-17
11128,1258,Dell XPS 13,35458811.45,2026-03-17
11129,1185,iPhone 15,19988706.34,2026-09-01
11130,1197,Dell XPS 13,30816836.68,2026-04-09
11131,1138,Oppo Reno,19088463.38,2026-06-04
11132,1187,LG OLED,16413740.0,2026-06-24
11133,1400,Oppo Reno,18846586.45,2026-08-05
11134,1359,Chuot khong day,440042.62,2026-08-03
11135,1135,Sony Bravia,13312245.44,2026-03-03
11136,1142,LG OLED,15196091.03,2026-08-16
11137,1044,Galaxy S24,19246954.11,2026-01-08
11138,1258,Tai nghe,415813.57,2026-02-28
11139,1119,Sony Bravia,13893737.06,2026-05-15
11140,1159,iPhone 15,17946810.64,2026-09-07
11141,1305,Dell XPS 13,36671060.73,2026-03-13
11142,1197,Xiaomi 14,20342366.89,2026-07-12
11143,1145,Samsung QLED,12984265.09,2026-06-26
11144,1147,May loc khong khi,5417066.99,2026-07-08
11145,1119,May loc khong khi,5045883.65,2026-01-10
11146,1306,MacBook Air,35837585.19,2026-04-02
11147,1299,Dell XPS 13,35885016.69,2026-04-12
11148,1265,ThinkPad X1,27771743.5,2026-09-18
11149,1430,MacBook Air,32977156.64,2026-05-13
11150,1048,Sony Bravia,14296951.04,2026-07-10
11151,1143,ThinkPad X1,33585705.91,2026-04-09
11152,1380,Tai nghe,347755.99,2026-07-25
11153,1342,Robot hut bui,4735485.64,2026-03-21
11154,1096,Robot hut bui,5417976.14,2026-08-01
11155,1153,Tai nghe,381304.75,2026-09-24
11156,1179,LG OLED,12762103.07,2026-07-07
11157,1180,Chuot khong day,412944.83,2026-01-19
11158,1124,Xiaomi 14,17044691.55,2026-06-07
11159,1339,Op lung,361902.43,2026-03-18
11160,1282,Op lung,388572.38,2026-05-15
11161,1031,May loc khong khi,4848822.72,2026-03-26
11162,1012,Galaxy S24,19213349.54,2026-02-21
11163,1039,May loc khong khi,5196080.02,2026-09-08
11164,1347,Sac nhanh,368651.68,2026-01-27
11165,1156,Dell XPS 13,27496299.27,2026-09-17
11166,1004,Sony Bravia,14817444.38,2026-07-13
11167,1395,LG OLED,16276861.62,2026-05-05
11168,1281,Tai nghe,374534.92,2026-04-05
11169,1280,Robot hut bui,4982165.96,2026-01-18
11170,1045,Tai nghe,454148.77,2026-07-13
11171,1443,MacBook Air,28184749.06,2026-08-05
11172,1096,Sony Bravia,14066398.3,2026-05-27
11173,1307,Xiaomi 14,19391849.3,2026-03-17
11174,1409,Sac nhanh,441651.89,2026-03-28
11175,1200,Noi chien,4940203.25,2026-04-16
11176,1156,Chuot khong day,447643.55,2026-05-04
11177,1356,Robot hut bui,5086015.68,2026-09-17
11178,1089,Op lung,455747.99,2026-06-16
11179,1040,May loc khong khi,4514207.49,2026-09-08
11180,1013,Robot hut bui,4752383.98,2026-01-03
11181,1020,Robot hut bui,5145340.99,2026-01-05
11182,1298,Oppo Reno,16326200.43,2026-09-22
11183,1092,May loc khong khi,4834486.71,2026-06-18
11184,1400,Xiaomi 14,16567063.23,2026-03-17
11185,1407,iPhone 15,17695242.49,2026-02-12
11186,1022,Oppo Reno,15876042.22,2026-06-18
11187,1382,Robot hut bui,5024212.65,2026-08-20
11188,1248,Sac nhanh,456091.09,2026-04-16
11189,1351,Oppo Reno,17130438.07,2026-09-07
11190,1068,Chuot khong day,458241.42,2026-04-18
11191,1437,Sac nhanh,384269.73,2026-06-13
11192,1158,May loc khong khi,4919391.14,2026-04-02
11193,1076,MacBook Air,35602536.33,2026-03-18
11194,1213,Sony Bravia,13219656.03,2026-04-26
11195,1258,iPhone 15,18856407.79,2026-02-03
11196,1122,May loc khong khi,5484385.04,2026-09-28
11197,1415,Sac nhanh,388130.38,2026-07-26
11198,1344,ThinkPad X1,33000862.38,2026-08-26
11199,1396,Galaxy S24,15712649.75,2026-01-18
11200,1416,Xiaomi 14,17344735.83,2026-06-04
11201,1102,Dell XPS 13,29995374.64,2026-09-04
11202,1278,Sony Bravia,13822645.4,2026-08-04
11203,1323,May loc khong khi,4326937.97,2026-06-26
11204,1341,Sac nhanh,400597.08,2026-03-09
11205,1329,Oppo Reno,20401606.96,2026-06-06
11206,1335,Tai nghe,411978.38,2026-01-25
11207,1089,Tai nghe,432353.06,2026-06-27
11208,1048,Dell XPS 13,27561544.33,2026-09-12
11209,1369,Dell XPS 13,27622737.31,2026-08-17
11210,1390,Noi chien,4543658.23,2026-02-02
11211,1067,iPhone 15,18675266.05,2026-04-25
11212,1245,MacBook Air,28778353.05,2026-02-03
11213,1364,Op lung,408548.8,2026-04-22
11214,1078,MacBook Air,28531473.34,2026-06-18
11215,1212,Samsung QLED,15288367.55,2026-03-26
11216,1006,Galaxy S24,16083583.74,2026-06-06
11217,1146,ThinkPad X1,33365726.75,2026-06-25
11218,1319,Dell XPS 13,31155008.11,2026-08-10
11219,1254,Sony Bravia,13196739.01,2026-09-22
11220,1338,LG OLED,16267117.16,2026-07-21
11221,1368,ThinkPad X1,29753847.41,2026-09-09
11222,1365,Xiaomi 14,20668344.02,2026-02-13
11223,1260,Galaxy S24,19842638.26,2026-05-15
11224,1132,Sony Bravia,13809466.09,2026-04-10
11225,1049,Oppo Reno,17457337.58,2026-09-19
11226,1273,Robot hut bui,5349332.26,2026-03-12
11227,1291,MacBook Air,34917365.71,2026-03-17
11228,1423,Oppo Reno,19180315.19,2026-05-22
11229,1430,ThinkPad X1,30045874.98,2026-04-05
11230,1302,May loc khong khi,4432202.09,2026-03-07
11231,1415,Dell XPS 13,28201050.3,2026-04-14
11232,1094,ThinkPad X1,29410151.55,2026-05-08
11233,1357,Sony Bravia,15733709.53,2026-03-25
11234,1263,ThinkPad X1,35757297.47,2026-04-11
11235,1072,Op lung,364729.49,2026-03-23
11236,1182,May loc khong khi,5713178.72,2026-08-20
11237,1002,iPhone 15,17177336.55,2026-08-17
11238,1017,iPhone 15,18983688.71,2026-03-06
11239,1113,May loc khong khi,4355762.56,2026-07-25
11240,1249,Samsung QLED,14211182.84,2026-05-07
11241,1287,Tai nghe,395024.8,2026-09-24
11242,1026,Xiaomi 14,17000968.03,2026-02-10
11243,1332,Sony Bravia,17041442.53,2026-05-20
11244,1150,Xiaomi 14,17253447.92,2026-07-16
11245,1224,MacBook Air,32041242.71,2026-09-18
11246,1359,Galaxy S24,20124095.36,2026-06-05
11247,1171,Samsung QLED,14126732.63,2026-08-03
11248,1039,Sac nhanh,433136.09,2026-01-09
11249,1336,Dell XPS 13,28329710.05,2026-05-18
11250,1088,Sony Bravia,15213032.79,2026-08-01
11251,1289,Sony Bravia,15704918.7,2026-06-14
11252,1124,LG OLED,14696841.2,2026-06-07
11253,1211,Robot hut bui,4427512.21,2026-01-06
11254,1257,LG OLED,15337467.93,2026-03-14
11255,1092,Xiaomi 14,18733152.43,2026-04-10
11256,1193,MacBook Air,27381283.6,2026-02-12
11257,1028,Sony Bravia,17102872.33,2026-03-05
11258,1139,Xiaomi 14,15700676.89,2026-06-06
11259,1395,ThinkPad X1,31914920.71,2026-09-03
11260,1235,Xiaomi 14,19739191.0,2026-02-18
11261,1073,May loc khong khi,4639747.62,2026-08-09
11262,1042,Xiaomi 14,18706955.74,2026-06-22
11263,1088,Xiaomi 14,19078029.87,2026-09-19
11264,1217,Xiaomi 14,19599271.07,2026-08-26
11265,1370,Galaxy S24,18752533.76,2026-07-24
11266,1308,LG OLED,13745549.67,2026-08-21
11267,1255,Galaxy S24,15337788.55,2026-04-10
11268,1418,Chuot khong day,369512.41,2026-03-04
11269,1292,Robot hut bui,5308979.37,2026-03-05
11270,1132,Samsung QLED,16292531.2,2026-06-11
11271,1014,Sac nhanh,350741.04,2026-02-19
11272,1292,Oppo Reno,18562034.34,2026-04-01
11273,1090,May loc khong khi,5127667.44,2026-01-13
11274,1411,Tai nghe,354678.88,2026-06-24
11275,1267,Robot hut bui,4876332.63,2026-06-10
11276,1018,Sony Bravia,17155713.48,2026-01-06
11277,1097,Dell XPS 13,33060272.74,2026-03-20
11278,1401,Noi chien,4807910.83,2026-09-26
11279,1428,Robot hut bui,4960162.02,2026-05-16
11280,1303,Galaxy S24,18092033.44,2026-09-27
11281,1173,Dell XPS 13,31271000.74,2026-05-11
11282,1257,Oppo Reno,20054381.71,2026-05-21
11283,1172,iPhone 15,18976144.37,2026-01-28
11284,1010,Op lung,400216.62,2026-02-26
11285,1275,Chuot khong day,453251.48,2026-07-08
11286,1145,Sony Bravia,13704988.79,2026-09-03
11287,1366,Tai nghe,349047.56,2026-07-20
11288,1395,Sac nhanh,440538.47,2026-04-22
11289,1149,Sony Bravia,15289599.35,2026-02-23
11290,1214,Dell XPS 13,34521900.65,2026-06-07
11291,1404,LG OLED,15807317.32,2026-06-09
11292,1380,Xiaomi 14,17810933.97,2026-06-10
11293,1159,LG OLED,15994927.48,2026-05-15
11294,1446,Oppo Reno,17270165.74,2026-01-05
11295,1047,Xiaomi 14,17931757.93,2026-09-10
11296,1386,Dell XPS 13,27945283.16,2026-04-17
11297,1387,Dell XPS 13,34982742.83,2026-02-27
11298,1273,Op lung,405776.23,2026-02-14
11299,1293,Sac nhanh,407813.62,2026-06-15
11300,1001,ThinkPad X1,34438157.71,2026-05-19
11301,1104,Chuot khong day,428346.37,2026-06-18
11302,1173,LG OLED,16648821.26,2026-08-10
11303,1375,iPhone 15,19777124.97,2026-07-03
11304,1302,Sony Bravia,13404968.65,2026-03-11
11305,1054,Op lung,403172.4,2026-06-24
11306,1357,Op lung,422928.07,2026-04-05
11307,1212,Chuot khong day,402152.67,2026-02-13
11308,1441,Op lung,386649.3,2026-06-26
11309,1032,Robot hut bui,4419030.78,2026-08-22
11310,1021,Samsung QLED,14713552.95,2026-05-24
11311,1082,Op lung,456841.55,2026-06-24
11312,1386,Galaxy S24,20477364.29,2026-09-28
11313,1345,Noi chien,5547337.15,2026-07-15
11314,1276,LG OLED,15599570.31,2026-03-01
11315,1303,Xiaomi 14,20291400.04,2026-07-13
11316,1226,Sac nhanh,346366.19,2026-07-23
11317,1224,Sony Bravia,14640994.15,2026-04-03
11318,1347,Samsung QLED,13762165.94,2026-06-05
11319,1002,Op lung,367113.91,2026-03-13
11320,1047,Galaxy S24,18585330.46,2026-01-19
11321,1419,Galaxy S24,16303004.14,2026-01-08
11322,1348,May loc khong khi,5186141.07,2026-02-20
11323,1431,Sac nhanh,397770.17,2026-09-13
11324,1316,Tai nghe,411394.66,2026-02-18
11325,1253,Robot hut bui,5277652.03,2026-07-26
11326,1106,Sac nhanh,458415.97,2026-05-24
11327,1204,LG OLED,17123743.02,2026-07-17
11328,1294,Noi chien,4455585.55,2026-05-20
11329,1050,Chuot khong day,358978.28,2026-05-22
11330,1095,Sac nhanh,383362.03,2026-09-23
11331,1183,Chuot khong day,347166.84,2026-08-21
11332,1082,Tai nghe,383912.65,2026-09-21
11333,1303,Dell XPS 13,35970411.57,2026-04-19
11334,1101,Xiaomi 14,17488325.16,2026-08-21
11335,1365,Noi chien,5424720.68,2026-07-06
11336,1175,Oppo Reno,15465931.08,2026-09-18
11337,1129,Robot hut bui,5426517.37,2026-02-06
11338,1387,May loc khong khi,5088709.32,2026-06-04
11339,1260,Sac nhanh,424818.23,2026-04-03
11340,1393,Samsung QLED,16600854.45,2026-08-06
11341,1060,MacBook Air,36173927.18,2026-04-24
11342,1301,Galaxy S24,20660217.38,2026-08-10
11343,1229,Chuot khong day,412432.01,2026-09-04
11344,1343,Chuot khong day,445593.53,2026-05-02
11345,1350,Samsung QLED,14176896.13,2026-05-28
11346,1217,LG OLED,13706697.75,2026-05-21
11347,1096,Samsung QLED,16359383.0,2026-09-25
11348,1330,Dell XPS 13,29063814.43,2026-02-03
11349,1193,Noi chien,5174475.98,2026-05-28
11350,1343,Dell XPS 13,31060713.02,2026-02-22
11351,1241,Xiaomi 14,20178666.39,2026-02-13
11352,1080,LG OLED,15320013.13,2026-06-19
11353,1292,Oppo Reno,19382089.9,2026-01-25
11354,1269,Oppo Reno,19965194.18,2026-08-04
11355,1445,Sony Bravia,12782473.35,2026-05-09
11356,1372,MacBook Air,33600645.69,2026-07-02
11357,1417,Sac nhanh,410222.68,2026-04-18
11358,1258,ThinkPad X1,33974366.41,2026-01-27
11359,1048,Galaxy S24,18376582.94,2026-03-23
11360,1418,iPhone 15,18420394.47,2026-09-06
11361,1007,iPhone 15,16713552.3,2026-04-26
11362,1089,Op lung,436826.88,2026-08-11
11363,1136,Sony Bravia,16920893.45,2026-04-21
11364,1335,Sac nhanh,385108.42,2026-01-20
11365,1150,LG OLED,15171988.39,2026-09-08
11366,1206,May loc khong khi,5132795.74,2026-01-27
11367,1005,May loc khong khi,5699179.75,2026-03-05
11368,1179,iPhone 15,17443950.44,2026-07-08
11369,1387,Robot hut bui,5578853.85,2026-05-13
11370,1294,Sony Bravia,16779483.39,2026-02-19
11371,1219,LG OLED,15748987.88,2026-02-11
11372,1436,Sony Bravia,14565636.71,2026-09-07
11373,1119,MacBook Air,35310498.07,2026-02-26
11374,1270,Noi chien,4544292.25,2026-05-15
11375,1091,Noi chien,5590113.31,2026-08-08
11376,1330,May loc khong khi,4409961.99,2026-02-17
11377,1429,Noi chien,4559319.72,2026-02-08
11378,1356,LG OLED,13220164.22,2026-09-14
11379,1168,May loc khong khi,4521369.32,2026-06-26
11380,1123,Noi chien,5444147.78,2026-03-05
11381,1359,Sony Bravia,13833806.85,2026-04-01
11382,1324,Sony Bravia,13664882.14,2026-04-26
11383,1095,Op lung,377715.68,2026-03-12
11384,1358,Noi chien,5056188.79,2026-08-02
11385,1399,Op lung,375999.86,2026-02-27
11386,1110,Sac nhanh,448618.58,2026-06-18
11387,1324,May loc khong khi,4820843.6,2026-02-27
11388,1139,Dell XPS 13,36204110.64,2026-03-20
11389,1150,Sony Bravia,16338465.9,2026-05-14
11390,1005,Galaxy S24,19293569.01,2026-01-06
11391,1440,Op lung,388890.16,2026-06-08
11392,1442,Noi chien,5121567.56,2026-06-17
11393,1271,iPhone 15,16999546.24,2026-07-24
11394,1235,Galaxy S24,20662674.75,2026-07-15
11395,1115,Sony Bravia,13144568.83,2026-02-28
11396,1283,Robot hut bui,5588746.1,2026-08-17
11397,1123,Dell XPS 13,33843836.96,2026-06-21
11398,1378,Op lung,346722.87,2026-09-04
11399,1044,Sony Bravia,14869916.21,2026-06-28
11400,1099,Robot hut bui,5375212.83,2026-03-05
11401,1250,Noi chien,5387623.14,2026-04-28
11402,1192,LG OLED,17011105.17,2026-02-01
11403,1074,Dell XPS 13,36414428.68,2026-03-16
11404,1388,Sony Bravia,14952524.62,2026-06-21
11405,1373,ThinkPad X1,30297644.0,2026-05-19
11406,1369,ThinkPad X1,31705965.75,2026-06-19
11407,1021,Sony Bravia,15522572.73,2026-02-11
11408,1220,Galaxy S24,19323570.39,2026-03-18
11409,1111,Tai nghe,410501.48,2026-03-01
11410,1082,May loc khong khi,4569429.45,2026-02-17
11411,1181,Noi chien,5487487.96,2026-04-28
11412,1144,Samsung QLED,15923649.21,2026-07-18
11413,1437,Op lung,412941.29,2026-03-24
11414,1167,Noi chien,5048186.03,2026-06-05
11415,1241,Oppo Reno,18077842.96,2026-01-06
11416,1384,May loc khong khi,5469473.05,2026-04-25
11417,1217,Xiaomi 14,18768343.1,2026-03-08
11418,1166,Chuot khong day,420612.94,2026-07-14
11419,1235,Tai nghe,353824.72,2026-09-14
11420,1415,Noi chien,4656243.76,2026-09-15
11421,1053,LG OLED,14763742.41,2026-02-27
11422,1235,Dell XPS 13,29665964.81,2026-07-10
11423,1077,MacBook Air,30024801.0,2026-07-07
11424,1215,Dell XPS 13,31968308.09,2026-02-08
11425,1411,Samsung QLED,16728832.09,2026-07-28
11426,1200,iPhone 15,16148640.18,2026-04-23
11427,1165,Galaxy S24,16075990.52,2026-06-14
11428,1242,Tai nghe,386739.28,2026-05-18
11429,1105,Tai nghe,425996.36,2026-06-01
11430,1070,Robot hut bui,5177680.23,2026-02-11
11431,1264,Samsung QLED,14088791.78,2026-04-19
11432,1054,iPhone 15,19406763.77,2026-01-07
11433,1061,Tai nghe,394029.81,2026-06-02
11434,1246,Sac nhanh,379363.78,2026-07-13
11435,1350,LG OLED,17178614.18,2026-09-02
11436,1434,Noi chien,4443766.96,2026-01-21
11437,1133,Sac nhanh,442981.75,2026-08-14
11438,1405,Sac nhanh,411118.17,2026-03-17
11439,1324,Galaxy S24,19528721.01,2026-09-21
11440,1274,ThinkPad X1,36113571.87,2026-07-17
11441,1046,Chuot khong day,414549.27,2026-06-20
11442,1283,Op lung,442194.14,2026-06-13
11443,1142,Op lung,425412.5,2026-07-15
11444,1127,LG OLED,15967422.28,2026-05-27
11445,1148,Dell XPS 13,27924239.55,2026-07-24
11446,1020,iPhone 15,16776187.35,2026-01-11
11447,1134,May loc khong khi,4697478.51,2026-01-17
11448,1099,Oppo Reno,17329148.42,2026-01-13
11449,1053,Sony Bravia,16111965.56,2026-05-10
11450,1267,MacBook Air,27581040.61,2026-02-02
11451,1062,ThinkPad X1,34687396.08,2026-06-21
11452,1304,Xiaomi 14,18987596.37,2026-07-24
11453,1321,Tai nghe,341421.92,2026-04-26
11454,1065,Samsung QLED,15247817.58,2026-08-12
11455,1278,iPhone 15,16203250.84,2026-01-02
11456,1260,Op lung,454222.6,2026-09-25
11457,1310,Oppo Reno,15688228.67,2026-01-15
11458,1179,Sac nhanh,344744.01,2026-02-24
11459,1072,Galaxy S24,16451088.02,2026-06-09
11460,1033,Galaxy S24,20391981.65,2026-02-12
11461,1056,Sac nhanh,421861.41,2026-06-03
11462,1450,Samsung QLED,16027867.53,2026-09-03
11463,1084,Dell XPS 13,30902086.13,2026-03-21
11464,1332,May loc khong khi,5202538.21,2026-01-24
11465,1211,Oppo Reno,15840907.52,2026-08-15
11466,1275,Noi chien,5387599.24,2026-02-05
11467,1145,Op lung,415988.77,2026-03-26
11468,1276,Dell XPS 13,35099200.77,2026-01-05
11469,1421,Op lung,357202.42,2026-01-08
11470,1435,Chuot khong day,428338.53,2026-06-12
11471,1354,Op lung,440541.69,2026-03-06
11472,1160,Dell XPS 13,36474432.69,2026-01-22
11473,1035,Op lung,351505.1,2026-01-09
11474,1003,Sony Bravia,13381079.72,2026-09-13
11475,1420,Tai nghe,366579.5,2026-06-20
11476,1315,Dell XPS 13,35709365.93,2026-05-18
11477,1238,Robot hut bui,4565651.67,2026-06-05
11478,1259,Sony Bravia,17110405.87,2026-08-04
11479,1286,Sony Bravia,14746199.59,2026-01-27
11480,1071,Sony Bravia,16678660.52,2026-02-19
11481,1062,Noi chien,5283785.7,2026-06-27
11482,1154,May loc khong khi,4877341.77,2026-06-22
11483,1211,May loc khong khi,5728663.11,2026-04-14
11484,1117,Op lung,405165.99,2026-01-25
11485,1198,iPhone 15,20388781.04,2026-09-01
11486,1096,Galaxy S24,15380786.78,2026-09-10
11487,1314,ThinkPad X1,29340195.96,2026-04-19
11488,1005,Robot hut bui,5138966.22,2026-09-15
11489,1084,Robot hut bui,5394398.66,2026-03-21
11490,1355,Xiaomi 14,17138997.16,2026-08-21
11491,1444,May loc khong khi,5136287.71,2026-01-17
11492,1093,May loc khong khi,5177122.11,2026-05-02
11493,1256,MacBook Air,32336037.18,2026-07-03
11494,1416,Noi chien,4531957.62,2026-02-16
11495,1390,Op lung,413296.12,2026-07-11
11496,1249,Tai nghe,419111.25,2026-05-23
11497,1041,Samsung QLED,13943520.61,2026-07-23
11498,1053,iPhone 15,17071578.13,2026-01-17
11499,1234,Sony Bravia,13713546.95,2026-04-05
11500,1031,ThinkPad X1,32657732.58,2026-04-17
