category,product,quantity,revenue
Phu kien,Tai nghe,1,398055.6
Phu kien,Sac nhanh,3,1253378.37
Gia dung,May loc khong khi,5,25137939.71
Gia dung,May loc khong khi,4,19108905.87
Gia dung,Robot hut bui,1,4920042.89
Gia dung,Noi chien,4,18624619.75
Phu kien,Sac nhanh,2,714942.4
Gia dung,Noi chien,0,0.0
Phu kien,Op lung,2,915447.29
Laptop,ThinkPad X1,1,33122830.68
Phu kien,Op lung,3,1201674.28
Tivi,Sony Bravia,2,28471823.53
Gia dung,Noi chien,3,15492084.21
Tivi,Samsung QLED,1,16174942.62
Tivi,Samsung QLED,4,65631960.8
Tivi,Sony Bravia,5,69038486.95
Laptop,Dell XPS 13,3,106647957.49
Phu kien,Sac nhanh,1,427977.53
Laptop,Dell XPS 13,2,59057626.65
Phu kien,Op lung,2,727078.17
Dien thoai,Galaxy S24,1,16092160.58
Dien thoai,iPhone 15,4,65897409.27
Laptop,Dell XPS 13,2,57270086.18
Laptop,ThinkPad X1,4,128406217.84
Dien thoai,Galaxy S24,5,96452548.35
Dien thoai,iPhone 15,1,17649206.84
Phu kien,Op lung,4,1780541.54
Dien thoai,Galaxy S24,2,40661701.69
Phu kien,Tai nghe,2,881897.99
Dien thoai,iPhone 15,2,30758817.7
Tivi,Samsung QLED,4,58125354.4
Gia dung,Noi chien,3,15204291.64
Gia dung,May loc khong khi,4,21224739.33
Laptop,Dell XPS 13,3,107006973.09
Laptop,Dell XPS 13,5,179250386.7
Phu kien,Op lung,4,1729676.01
Laptop,Dell XPS 13,4,110281714.53
Tivi,Sony Bravia,4,63017334.44
Tivi,Sony Bravia,5,72460571.57
Tivi,Samsung QLED,0,0.0
Phu kien,Chuot khong day,0,0.0
Tivi,Samsung QLED,2,31303050.2
Tivi,LG OLED,5,75531769.0
Tivi,Sony Bravia,1,16924109.12
Tivi,LG OLED,2,33943265.44
Laptop,Dell XPS 13,5,183812125.26
Tivi,Samsung QLED,4,53094046.11
Laptop,Dell XPS 13,2,57807324.0
Laptop,ThinkPad X1,1,28843313.85
Gia dung,Noi chien,1,5394868.09
Tivi,LG OLED,4,64997747.57
Dien thoai,Oppo Reno,0,0.0
Dien thoai,iPhone 15,5,97938906.1
Tivi,Samsung QLED,3,42759143.27
Gia dung,Robot hut bui,2,10284879.75
Tivi,Samsung QLED,5,66506199.96
Dien thoai,Galaxy S24,2,37466755.0
Phu kien,Chuot khong day,3,1244892.19
Laptop,MacBook Air,5,167699625.32
Tivi,Sony Bravia,5,80479576.19
Laptop,MacBook Air,4,114452762.42
Gia dung,May loc khong khi,1,4549031.25
Dien thoai,iPhone 15,1,19911198.86
Phu kien,Tai nghe,4,1747128.11
Dien thoai,iPhone 15,3,54204715.96
Phu kien,Op lung,2,789883.01
Gia dung,Noi chien,3,13881092.51
Tivi,Samsung QLED,5,72259095.65
Gia dung,Robot hut bui,5,28701092.45
Laptop,Dell XPS 13,2,71399008.86
Tivi,LG OLED,4,67037533.05
Gia dung,Robot hut bui,3,14102762.87
Gia dung,Noi chien,4,18018425.36
Tivi,Samsung QLED,1,16079790.08
Phu kien,Chuot khong day,5,2034803.92
Dien thoai,Xiaomi 14,4,73255821.2
Tivi,LG OLED,2,29451883.64
Dien thoai,Oppo Reno,2,35384344.5
Phu kien,Chuot khong day,1,350525.2
Tivi,LG OLED,5,82470236.67
Laptop,ThinkPad X1,5,137548021.7
Dien thoai,Galaxy S24,4,76800190.05
Phu kien,Sac nhanh,0,0.0
Dien thoai,iPhone 15,3,61417220.21
Gia dung,May loc khong khi,1,4788857.89
Dien thoai,Oppo Reno,3,53090482.46
Laptop,MacBook Air,0,0.0
Phu kien,Tai nghe,3,1177507.26
Tivi,Samsung QLED,3,44014581.32
Phu kien,Chuot khong day,5,1796145.13
Laptop,Dell XPS 13,1,28071332.26
Gia dung,Noi chien,5,23935864.41
Dien thoai,Galaxy S24,5,96930871.37
Phu kien,Chuot khong day,5,2113628.89
Phu kien,Sac nhanh,1,350443.67
Tivi,Sony Bravia,3,41836483.58
Laptop,MacBook Air,1,27892963.66
Phu kien,Tai nghe,4,1384133.69
Dien thoai,Xiaomi 14,5,81183547.35
Laptop,ThinkPad X1,2,65849589.7
Phu kien,Sac nhanh,5,1907942.16
Phu kien,Chuot khong day,0,0.0
Gia dung,Noi chien,4,22408674.87
Gia dung,Robot hut bui,2,10653268.17
Gia dung,May loc khong khi,1,5427781.51
Tivi,LG OLED,4,65855104.49
Tivi,Sony Bravia,4,63783294.5
Tivi,Sony Bravia,3,41583245.23
Dien thoai,Galaxy S24,3,54774291.63
Phu kien,Op lung,4,1708101.4
Laptop,Dell XPS 13,5,170468419.52
Dien thoai,iPhone 15,5,82663226.12
Dien thoai,iPhone 15,4,71547615.51
Phu kien,Chuot khong day,5,1705649.14
Dien thoai,Xiaomi 14,1,16868966.64
Gia dung,Robot hut bui,1,4314285.64
Laptop,Dell XPS 13,0,0.0
Tivi,LG OLED,5,71728181.94
Tivi,Samsung QLED,4,51843338.52
Dien thoai,Xiaomi 14,2,34522771.7
Phu kien,Op lung,5,1708484.88
Gia dung,May loc khong khi,0,0.0
Tivi,Samsung QLED,1,14527125.94
Dien thoai,Xiaomi 14,5,94908528.14
Tivi,Sony Bravia,5,67149192.21
Tivi,Sony Bravia,4,57971113.44
Dien thoai,Galaxy S24,4,74752824.71
Gia dung,Noi chien,4,20494760.77
Tivi,Samsung QLED,1,13684159.16
Dien thoai,Xiaomi 14,1,16129763.26
Phu kien,Op lung,4,1482362.1
Gia dung,Noi chien,5,24102830.9
Laptop,Dell XPS 13,2,60698715.83
Gia dung,May loc khong khi,4,21578172.35
Tivi,LG OLED,1,15755819.31
Dien thoai,Galaxy S24,3,55117614.97
Dien thoai,Xiaomi 14,1,16018992.17
Gia dung,Robot hut bui,2,11095846.95
Phu kien,Op lung,3,1295858.42
Laptop,MacBook Air,4,110456870.62
Phu kien,Op lung,3,1129001.58
Tivi,Samsung QLED,3,49407848.65
Gia dung,Noi chien,5,27488776.2
Phu kien,Op lung,1,392859.51
Gia dung,Noi chien,5,27183488.84
Gia dung,May loc khong khi,1,4881304.56
Tivi,Sony Bravia,5,79131746.84
Gia dung,Robot hut bui,5,25089156.56
Gia dung,May loc khong khi,4,22557204.14
Gia dung,Robot hut bui,5,27370904.92
Tivi,LG OLED,1,13328488.28
Tivi,Samsung QLED,4,59686032.34
Gia dung,Robot hut bui,2,11407405.12
Dien thoai,Xiaomi 14,2,35135197.72
Laptop,MacBook Air,4,138373817.98
Dien thoai,Xiaomi 14,1,20614333.72
Tivi,LG OLED,3,49786647.34
Phu kien,Tai nghe,2,843507.56
Gia dung,Noi chien,4,20313400.94
Dien thoai,Galaxy S24,5,103305747.18
Phu kien,Tai nghe,1,364646.25
Dien thoai,Galaxy S24,2,35938600.44
Gia dung,Noi chien,3,15716453.35
Laptop,MacBook Air,3,83230590.93
Phu kien,Chuot khong day,3,1111380.64
Gia dung,Robot hut bui,2,11322692.2
Tivi,LG OLED,1,13024570.79
Dien thoai,Oppo Reno,2,37342407.75
Dien thoai,Oppo Reno,1,16359973.33
Tivi,Sony Bravia,2,26218958.92
Laptop,MacBook Air,1,33968874.55
Phu kien,Tai nghe,1,423859.62
Tivi,LG OLED,4,55837811.73
Phu kien,Op lung,1,395268.46
Laptop,MacBook Air,4,109761630.01
Dien thoai,Oppo Reno,2,38887776.52
Phu kien,Chuot khong day,1,344548.99
Laptop,ThinkPad X1,2,63571002.88
Phu kien,Op lung,3,1190806.98
Tivi,LG OLED,1,15370575.36
Dien thoai,Xiaomi 14,4,69545285.96
Phu kien,Sac nhanh,3,1186508.78
Dien thoai,Oppo Reno,2,33280956.79
Tivi,LG OLED,5,70193964.88
Dien thoai,Xiaomi 14,1,17589709.97
Dien thoai,Galaxy S24,5,81645609.71
Dien thoai,Oppo Reno,1,20075083.85
Phu kien,Tai nghe,3,1292399.2
Phu kien,Op lung,5,1833360.0
Dien thoai,Xiaomi 14,4,69576791.93
Tivi,Sony Bravia,4,65974077.18
Phu kien,Sac nhanh,2,818663.01
Dien thoai,Galaxy S24,3,58331652.57
Gia dung,Robot hut bui,2,9475604.08
Laptop,MacBook Air,3,92344631.27
Tivi,LG OLED,1,13999601.27
Dien thoai,Xiaomi 14,1,16628934.8
Laptop,MacBook Air,4,140426381.97
Tivi,Samsung QLED,5,71666027.17
Phu kien,Sac nhanh,3,1083631.67
Gia dung,Robot hut bui,1,5025389.2
Laptop,ThinkPad X1,4,129548722.78
Laptop,MacBook Air,1,28423870.56
Phu kien,Op lung,3,1245380.22
Dien thoai,Oppo Reno,5,80122827.61
Dien thoai,Galaxy S24,3,50646510.26
Phu kien,Chuot khong day,5,1955115.56
Dien thoai,iPhone 15,5,76558326.04
Laptop,Dell XPS 13,3,101387622.1
Laptop,Dell XPS 13,1,32505777.49
Dien thoai,iPhone 15,4,68452463.1
Tivi,LG OLED,3,46335846.24
Gia dung,Robot hut bui,1,5156848.73
Dien thoai,iPhone 15,1,17059195.22
Dien thoai,Galaxy S24,3,56328643.23
Laptop,Dell XPS 13,2,59914770.82
Phu kien,Tai nghe,4,1621993.74
Gia dung,Robot hut bui,5,28725394.29
Laptop,ThinkPad X1,4,134727118.32
Dien thoai,Oppo Reno,5,88232853.69
Gia dung,Robot hut bui,4,19856033.44
Tivi,LG OLED,1,15687368.1
Laptop,ThinkPad X1,1,35003556.66
Laptop,MacBook Air,1,32143071.45
Tivi,Samsung QLED,2,31685594.45
Tivi,Samsung QLED,4,59594294.68
Gia dung,May loc khong khi,5,25847415.12
Dien thoai,iPhone 15,2,37285403.93
Dien thoai,Oppo Reno,2,34403420.85
Phu kien,Op lung,1,419588.3
Tivi,LG OLED,3,49409692.9
Tivi,Sony Bravia,0,0.0
Laptop,MacBook Air,3,94547584.33
Phu kien,Chuot khong day,5,1838739.01
Laptop,Dell XPS 13,2,70001782.41
Phu kien,Sac nhanh,2,914112.79
Phu kien,Op lung,5,2103277.47
Tivi,Sony Bravia,1,14280554.54
Phu kien,Op lung,3,1158284.44
Gia dung,May loc khong khi,3,13040227.41
Tivi,Samsung QLED,1,16900578.19
Phu kien,Op lung,5,2028237.4
Phu kien,Chuot khong day,1,342115.24
Phu kien,Chuot khong day,4,1741427.68
Phu kien,Op lung,3,1342884.43
Phu kien,Tai nghe,1,388328.79
Dien thoai,Oppo Reno,1,18135429.39
Laptop,MacBook Air,5,176848516.04
Dien thoai,iPhone 15,5,99911275.43
Tivi,LG OLED,5,85162005.89
Dien thoai,iPhone 15,5,81023618.62
Dien thoai,Oppo Reno,2,38364284.85
Dien thoai,iPhone 15,4,76781746.83
Dien thoai,iPhone 15,4,82150616.76
Gia dung,Noi chien,2,9001602.06
Gia dung,Robot hut bui,4,20235183.5
Phu kien,Op lung,3,1118233.07
Phu kien,Op lung,3,1061141.94
Tivi,Samsung QLED,4,55487822.01
Phu kien,Op lung,2,889420.05
Dien thoai,Oppo Reno,3,61605978.67
Dien thoai,iPhone 15,4,63858086.69
Phu kien,Op lung,1,360040.97
Tivi,LG OLED,2,29046591.03
Dien thoai,Galaxy S24,4,68509704.08
Gia dung,Robot hut bui,2,9882096.29
Phu kien,Tai nghe,2,782190.41
Laptop,Dell XPS 13,5,183635295.26
Laptop,ThinkPad X1,1,27232763.35
Dien thoai,Xiaomi 14,5,99077101.07
Phu kien,Sac nhanh,3,1027425.44
Phu kien,Chuot khong day,4,1815687.07
Gia dung,May loc khong khi,3,15654156.87
Dien thoai,Galaxy S24,2,39529164.52
Gia dung,Robot hut bui,3,16293627.02
Laptop,MacBook Air,1,28628339.63
Phu kien,Chuot khong day,2,760562.63
Gia dung,Robot hut bui,2,10468034.93
Dien thoai,iPhone 15,1,19650933.28
Gia dung,Robot hut bui,3,16405918.85
Gia dung,Robot hut bui,2,10491013.52
Tivi,Sony Bravia,4,54370374.28
Phu kien,Chuot khong day,2,863476.73
Dien thoai,Oppo Reno,3,49990310.42
Gia dung,Robot hut bui,5,21284557.32
Tivi,LG OLED,5,85762971.39
Phu kien,Sac nhanh,5,2051967.87
Gia dung,Noi chien,1,5092234.44
Laptop,MacBook Air,3,107540442.2
Gia dung,Robot hut bui,3,13605423.23
Tivi,LG OLED,4,64760692.74
Laptop,MacBook Air,4,123308916.94
Gia dung,Robot hut bui,4,21941345.98
Tivi,Sony Bravia,2,25575462.98
Phu kien,Sac nhanh,1,403609.71
Phu kien,Tai nghe,5,2252968.7
Tivi,Samsung QLED,1,15412404.37
Gia dung,May loc khong khi,1,5373894.53
Laptop,Dell XPS 13,1,32756382.45
Laptop,Dell XPS 13,5,162676990.69
Phu kien,Op lung,5,2097896.29
Tivi,Sony Bravia,1,16484330.99
Phu kien,Op lung,5,2237591.59
Laptop,ThinkPad X1,4,124307602.8
Gia dung,May loc khong khi,5,27816970.98
Gia dung,May loc khong khi,5,26216354.65
Gia dung,Robot hut bui,3,16321782.61
Laptop,ThinkPad X1,2,67883671.41
Tivi,Sony Bravia,1,15778000.97
Laptop,ThinkPad X1,3,96516660.46
Gia dung,May loc khong khi,1,5579521.84
Gia dung,Robot hut bui,1,5261067.81
Tivi,Samsung QLED,3,43409989.0
Tivi,LG OLED,0,0.0
Gia dung,Noi chien,1,4886151.2
Phu kien,Op lung,4,1728099.27
Tivi,LG OLED,2,29706848.66
Gia dung,May loc khong khi,4,20879738.01
Dien thoai,iPhone 15,5,82499015.09
Gia dung,Noi chien,1,4571805.24
Tivi,Samsung QLED,4,57400306.95
Phu kien,Sac nhanh,5,1916934.51
Gia dung,Robot hut bui,2,9221587.82
Gia dung,Robot hut bui,5,23927834.56
Tivi,LG OLED,5,75666905.35
Phu kien,Tai nghe,2,874946.38
Dien thoai,iPhone 15,5,84624525.0
Phu kien,Sac nhanh,5,1879961.49
Tivi,Samsung QLED,1,16322069.27
Tivi,Sony Bravia,1,15572192.68
Tivi,Sony Bravia,1,14915208.46
Laptop,Dell XPS 13,1,35931370.8
Tivi,Samsung QLED,5,85065047.61
Tivi,Samsung QLED,1,15827834.12
Dien thoai,Galaxy S24,3,54345722.65
Gia dung,Noi chien,1,5720038.66
Laptop,MacBook Air,1,34108758.05
Gia dung,Robot hut bui,4,22018249.16
Tivi,LG OLED,4,56248976.11
Laptop,MacBook Air,1,34799115.57
Gia dung,May loc khong khi,2,9003766.41
Tivi,LG OLED,4,57268693.68
Dien thoai,Oppo Reno,0,0.0
Tivi,LG OLED,5,76207875.65
Tivi,LG OLED,5,74600180.63
Gia dung,Robot hut bui,3,15054277.83
Phu kien,Chuot khong day,1,412573.34
Laptop,Dell XPS 13,5,176666928.96
Phu kien,Chuot khong day,4,1764825.97
Laptop,ThinkPad X1,1,29001491.87
Phu kien,Sac nhanh,5,1997758.06
Dien thoai,Oppo Reno,3,49032578.16
Tivi,Sony Bravia,3,46366489.69
Gia dung,May loc khong khi,4,18858868.06
Tivi,LG OLED,1,13402369.58
Phu kien,Chuot khong day,2,773001.84
Tivi,Samsung QLED,4,63920036.96
Tivi,Sony Bravia,2,30321983.21
Dien thoai,iPhone 15,4,77380085.02
Phu kien,Op lung,4,1513819.57
Phu kien,Tai nghe,5,2228850.32
Tivi,Samsung QLED,4,66424892.15
Tivi,Sony Bravia,2,27573367.16
Laptop,Dell XPS 13,3,105048583.9
Gia dung,Noi chien,4,21772817.58
Tivi,Sony Bravia,2,33116407.08
Gia dung,Robot hut bui,1,4693854.78
Dien thoai,Xiaomi 14,4,80511854.09
Gia dung,Noi chien,0,0.0
Phu kien,Op lung,5,1841512.54
Tivi,Samsung QLED,1,14744243.98
Phu kien,Chuot khong day,5,1827722.9
Laptop,MacBook Air,1,29755578.28
Phu kien,Tai nghe,3,1165732.2
Gia dung,Noi chien,4,21509245.22
Gia dung,Noi chien,5,24694067.12
Tivi,Sony Bravia,1,16928691.08
Gia dung,May loc khong khi,5,23363608.78
Phu kien,Tai nghe,5,1847295.15
Dien thoai,Xiaomi 14,4,81727833.92
Dien thoai,Oppo Reno,5,94675219.5
Phu kien,Sac nhanh,1,421757.52
Phu kien,Op lung,5,2175055.28
Dien thoai,iPhone 15,3,52644509.99
Phu kien,Tai nghe,1,403716.03
Laptop,MacBook Air,4,136005729.64
Tivi,Samsung QLED,1,14539022.88
Gia dung,Noi chien,2,9875484.22
Tivi,Sony Bravia,4,52675059.2
Phu kien,Sac nhanh,4,1368225.96
Tivi,Sony Bravia,0,0.0
Dien thoai,iPhone 15,1,16682528.56
Laptop,MacBook Air,4,142704465.05
Laptop,Dell XPS 13,4,137254982.16
Phu kien,Op lung,1,368467.64
Dien thoai,Xiaomi 14,4,81996318.79
Phu kien,Sac nhanh,3,1173488.44
Dien thoai,Galaxy S24,5,80460439.77
Dien thoai,Oppo Reno,5,102211912.67
Gia dung,Noi chien,2,11176469.67
Dien thoai,Xiaomi 14,4,74536361.89
Gia dung,Robot hut bui,5,23323329.89
Tivi,Sony Bravia,2,27202124.29
Tivi,LG OLED,2,30388178.87
Phu kien,Tai nghe,2,684446.22
Gia dung,Noi chien,3,17022894.26
Phu kien,Tai nghe,3,1362373.94
Tivi,Sony Bravia,1,16460905.02
Phu kien,Chuot khong day,2,734460.08
Dien thoai,Galaxy S24,5,78539205.12
Dien thoai,Galaxy S24,4,74876527.91
Laptop,MacBook Air,3,86499906.57
Tivi,Samsung QLED,4,66834850.55
Phu kien,Sac nhanh,2,757649.6
Gia dung,May loc khong khi,2,9609330.68
Dien thoai,Oppo Reno,4,62428252.45
Gia dung,Robot hut bui,1,5664881.37
Gia dung,Robot hut bui,1,5098843.24
Laptop,Dell XPS 13,4,128175031.02
Laptop,ThinkPad X1,3,95723137.44
Gia dung,Noi chien,4,21690541.64
Gia dung,Robot hut bui,5,21636102.77
Tivi,Samsung QLED,2,33956445.27
Dien thoai,Galaxy S24,2,40732390.14
Laptop,MacBook Air,4,114614110.57
Phu kien,Op lung,5,2081306.29
Phu kien,Chuot khong day,4,1594688.38
Laptop,MacBook Air,1,34188597.03
Gia dung,Robot hut bui,3,16684447.35
Laptop,Dell XPS 13,5,153187080.93
Tivi,LG OLED,3,49947683.45
Dien thoai,Oppo Reno,2,41083184.0
Tivi,Samsung QLED,2,31272722.66
Phu kien,Op lung,1,352666.44
Tivi,LG OLED,1,16730075.18
Gia dung,Robot hut bui,2,11100821.84
Dien thoai,Oppo Reno,1,19756118.6
Phu kien,Sac nhanh,3,1132345.44
Laptop,Dell XPS 13,1,27439007.63
Phu kien,Sac nhanh,0,0.0
Gia dung,Noi chien,1,5679275.03
Gia dung,Robot hut bui,5,26096727.2
Tivi,Sony Bravia,1,14964663.97
Laptop,Dell XPS 13,5,156978205.99
Gia dung,May loc khong khi,4,22608806.6
Gia dung,May loc khong khi,3,16850583.38
Phu kien,Sac nhanh,5,2296316.72
Laptop,Dell XPS 13,2,64730124.33
Gia dung,May loc khong khi,2,9284601.0
Laptop,MacBook Air,2,64565959.1
Tivi,Samsung QLED,4,59296085.47
Dien thoai,Oppo Reno,1,15458549.19
Dien thoai,Xiaomi 14,2,30735974.47
Dien thoai,iPhone 15,1,18266360.88
Tivi,Sony Bravia,1,14121717.74
Gia dung,Robot hut bui,4,17620156.47
Laptop,Dell XPS 13,5,160241049.98
Phu kien,Sac nhanh,4,1531621.75
Phu kien,Sac nhanh,1,446637.71
Laptop,ThinkPad X1,5,177954111.38
Dien thoai,Oppo Reno,3,47360830.69
Gia dung,May loc khong khi,2,8895816.09
Laptop,Dell XPS 13,5,139793784.4
Laptop,MacBook Air,2,57440413.29
Dien thoai,Oppo Reno,5,96202189.93
Gia dung,Noi chien,3,14302841.19
Tivi,LG OLED,4,57855463.94
Tivi,Sony Bravia,4,68594835.3
Laptop,ThinkPad X1,1,31931769.36
Gia dung,Robot hut bui,1,4906456.89
Dien thoai,iPhone 15,5,94484468.21
Laptop,MacBook Air,3,91514052.77
Gia dung,Robot hut bui,3,13489674.89
Phu kien,Chuot khong day,3,1025187.36
Tivi,LG OLED,1,14914868.11
Gia dung,May loc khong khi,5,27306164.29
Laptop,Dell XPS 13,3,90875042.98
Laptop,MacBook Air,4,109630170.83
Gia dung,Robot hut bui,3,14343489.16
Dien thoai,iPhone 15,5,79338620.19
Gia dung,Noi chien,3,15828528.06
Tivi,Samsung QLED,5,76608753.71
Dien thoai,Galaxy S24,1,17577480.86
Phu kien,Tai nghe,2,874788.61
Gia dung,May loc khong khi,2,8868640.26
Gia dung,Robot hut bui,5,26334034.21
Gia dung,Noi chien,3,13483436.38
Tivi,LG OLED,1,13294674.82
Dien thoai,Oppo Reno,3,55551733.57
Phu kien,Tai nghe,5,2264702.89
Tivi,Samsung QLED,1,15726308.42
Tivi,LG OLED,1,14963548.36
Phu kien,Sac nhanh,0,0.0
Tivi,Samsung QLED,3,41023568.67
Tivi,Samsung QLED,4,61243388.01
Phu kien,Chuot khong day,3,1172932.38
Dien thoai,Oppo Reno,3,57647558.97
Gia dung,Robot hut bui,1,5103419.28
Tivi,Sony Bravia,1,14147154.55
Gia dung,Noi chien,4,22977367.15
Dien thoai,Xiaomi 14,4,78702707.77
Gia dung,May loc khong khi,4,22084293.27
Gia dung,May loc khong khi,2,9284332.11
Laptop,Dell XPS 13,5,158822992.34
Dien thoai,Oppo Reno,4,68410868.75
Gia dung,May loc khong khi,3,13573078.11
Tivi,Samsung QLED,4,51954317.61
Gia dung,Robot hut bui,5,24233917.74
Laptop,Dell XPS 13,4,111355568.29
Phu kien,Sac nhanh,4,1394647.7
Laptop,MacBook Air,2,55224778.92
Laptop,ThinkPad X1,1,33617172.02
Dien thoai,Galaxy S24,2,32337944.2
Dien thoai,Galaxy S24,5,98500036.47
Tivi,LG OLED,5,77121914.74
Phu kien,Op lung,3,1309262.69
Tivi,Sony Bravia,5,70413125.6
Tivi,LG OLED,3,48926297.09
Laptop,ThinkPad X1,2,68848128.31
Gia dung,Robot hut bui,5,24795970.2
Laptop,Dell XPS 13,1,33128129.02
Dien thoai,Oppo Reno,2,38200095.46
Dien thoai,Galaxy S24,4,71920682.41
Dien thoai,Galaxy S24,3,59787496.53
Phu kien,Tai nghe,3,1302772.28
Gia dung,Noi chien,1,5007318.69
Phu kien,Chuot khong day,3,1341969.79
Tivi,LG OLED,4,53794441.06
Dien thoai,Oppo Reno,5,91697407.26
Phu kien,Op lung,3,1229468.67
Gia dung,Noi chien,5,23774847.26
Tivi,LG OLED,1,16654451.27
Laptop,ThinkPad X1,3,99158705.26
Dien thoai,Oppo Reno,3,61607288.31
Dien thoai,iPhone 15,2,39052207.22
Dien thoai,Oppo Reno,2,32861116.61
Gia dung,Robot hut bui,1,5500796.78
Laptop,ThinkPad X1,2,71141303.46
Laptop,MacBook Air,4,127994056.31
Gia dung,May loc khong khi,2,10207572.34
Tivi,Samsung QLED,1,17239128.27
Phu kien,Sac nhanh,1,349828.97
Laptop,ThinkPad X1,5,141361798.72
Phu kien,Chuot khong day,4,1506865.26
Tivi,Samsung QLED,3,51691550.74
Dien thoai,iPhone 15,0,0.0
Dien thoai,Xiaomi 14,0,0.0
Laptop,ThinkPad X1,4,123538536.88
Phu kien,Tai nghe,3,1099393.01
Gia dung,May loc khong khi,3,14185931.62
Gia dung,Robot hut bui,2,11391545.98
Gia dung,May loc khong khi,5,25132809.72
Phu kien,Chuot khong day,1,451782.0
Phu kien,Op lung,5,1748119.28
Laptop,Dell XPS 13,2,62595106.26
Dien thoai,iPhone 15,5,81116992.98
Phu kien,Sac nhanh,2,708255.63
Tivi,LG OLED,4,66565293.48
Phu kien,Sac nhanh,4,1431841.98
Laptop,ThinkPad X1,3,82311520.0
Dien thoai,Oppo Reno,3,59278713.39
Phu kien,Sac nhanh,5,1987685.05
Laptop,MacBook Air,5,137434459.87
Laptop,Dell XPS 13,5,167414180.67
Phu kien,Tai nghe,3,1167496.67
Phu kien,Op lung,2,884557.14
Gia dung,Robot hut bui,2,11479153.2
Gia dung,Noi chien,4,20135171.8
Gia dung,Noi chien,2,9027858.95
Phu kien,Sac nhanh,5,2043373.11
Phu kien,Tai nghe,5,2238320.84
Dien thoai,Xiaomi 14,2,31592128.62
Tivi,Samsung QLED,5,79850454.17
Laptop,Dell XPS 13,4,127863514.27
Gia dung,May loc khong khi,5,25093936.95
Gia dung,Noi chien,4,20156155.86
Tivi,Samsung QLED,5,82448843.33
Dien thoai,Galaxy S24,3,54192074.71
Tivi,LG OLED,0,0.0
Dien thoai,iPhone 15,4,70245555.34
Laptop,MacBook Air,3,97419793.64
Gia dung,May loc khong khi,4,18283260.94
Dien thoai,Xiaomi 14,3,56778948.47
Phu kien,Chuot khong day,3,1234202.73
Laptop,ThinkPad X1,5,139957014.96
Gia dung,Robot hut bui,3,16623372.75
Dien thoai,Oppo Reno,1,18972301.15
Laptop,ThinkPad X1,5,178158216.67
Phu kien,Sac nhanh,1,358470.94
Phu kien,Op lung,3,1286593.11
Gia dung,Robot hut bui,4,21701900.53
Phu kien,Sac nhanh,2,844058.84
Phu kien,Tai nghe,5,1946893.14
Gia dung,Noi chien,4,21099051.1
Laptop,Dell XPS 13,2,73301513.82
Laptop,MacBook Air,1,34059719.27
Laptop,Dell XPS 13,3,105399755.35
Dien thoai,Oppo Reno,5,96951135.53
Dien thoai,Galaxy S24,2,31443604.66
Tivi,Sony Bravia,3,49682916.65
Laptop,Dell XPS 13,3,84790747.95
Phu kien,Op lung,1,424859.3
Gia dung,May loc khong khi,5,21614133.45
Laptop,ThinkPad X1,5,137689146.89
Gia dung,Robot hut bui,1,4442599.98
Phu kien,Tai nghe,2,903083.04
Phu kien,Op lung,1,375588.22
Gia dung,Noi chien,1,5735916.31
Dien thoai,Galaxy S24,3,55875330.73
Phu kien,Chuot khong day,3,1024427.25
Phu kien,Tai nghe,2,804967.27
Phu kien,Chuot khong day,5,2073910.11
Phu kien,Op lung,2,913524.54
Laptop,ThinkPad X1,4,139051957.67
Dien thoai,iPhone 15,3,52144138.04
Phu kien,Op lung,4,1434868.96
Tivi,Samsung QLED,0,0.0
Phu kien,Chuot khong day,0,0.0
Gia dung,Robot hut bui,4,21838588.94
Phu kien,Chuot khong day,4,1674444.66
Dien thoai,Xiaomi 14,3,48899963.44
Tivi,LG OLED,2,28727679.61
Tivi,Sony Bravia,1,13385958.7
Tivi,LG OLED,3,45645358.09
Dien thoai,Xiaomi 14,2,35067016.54
Laptop,Dell XPS 13,3,82818861.8
Phu kien,Sac nhanh,5,2052189.84
Laptop,Dell XPS 13,2,65297294.93
Gia dung,Robot hut bui,5,27984736.13
Tivi,Samsung QLED,2,34080175.69
Dien thoai,Galaxy S24,1,17633494.75
Tivi,Sony Bravia,4,66391760.25
Tivi,Samsung QLED,3,40036456.21
Phu kien,Tai nghe,2,769761.12
Dien thoai,Oppo Reno,3,58065208.48
Laptop,ThinkPad X1,5,156840902.99
Tivi,LG OLED,3,46554306.36
Laptop,ThinkPad X1,2,70776894.2
Gia dung,May loc khong khi,5,23905812.11
Laptop,MacBook Air,3,99407226.65
Dien thoai,Oppo Reno,0,0.0
Gia dung,Robot hut bui,2,10352818.05
Tivi,Samsung QLED,4,67193503.32
Laptop,Dell XPS 13,3,104551412.85
Gia dung,Noi chien,0,0.0
Dien thoai,Galaxy S24,2,35206478.04
Phu kien,Sac nhanh,0,0.0
Phu kien,Chuot khong day,5,2091060.54
Phu kien,Op lung,3,1196765.38
Dien thoai,Xiaomi 14,2,36903336.54
Tivi,Samsung QLED,2,33568175.31
Dien thoai,Oppo Reno,1,18436756.09
Laptop,MacBook Air,5,165073537.59
Dien thoai,Xiaomi 14,2,36248308.18
Dien thoai,Oppo Reno,3,61347623.51
Gia dung,Robot hut bui,4,17997007.2
Laptop,MacBook Air,1,33911295.35
Gia dung,Noi chien,5,27357728.5
Dien thoai,iPhone 15,2,36451273.69
Laptop,Dell XPS 13,4,113943633.5
Dien thoai,Oppo Reno,1,20361053.51
Dien thoai,Oppo Reno,0,0.0
Tivi,Sony Bravia,5,84410566.17
Phu kien,Chuot khong day,1,351965.7
Dien thoai,iPhone 15,3,61129298.82
Tivi,Sony Bravia,2,29752707.91
Tivi,Sony Bravia,5,70354950.97
Dien thoai,Xiaomi 14,5,85658215.84
Tivi,LG OLED,2,31222042.74
Gia dung,May loc khong khi,1,4572974.73
Laptop,ThinkPad X1,2,55023094.12
Phu kien,Tai nghe,5,1796093.83
Gia dung,Robot hut bui,4,17389473.43
Phu kien,Tai nghe,3,1186885.04
Tivi,Sony Bravia,2,30265276.98
Laptop,Dell XPS 13,4,117125559.42
Laptop,MacBook Air,0,0.0
Gia dung,Robot hut bui,2,9319314.89
Laptop,MacBook Air,2,59504241.68
Laptop,Dell XPS 13,1,33798499.88
Dien thoai,iPhone 15,1,18517042.37
Tivi,Sony Bravia,4,56714317.13
Dien thoai,Galaxy S24,5,94367454.44
Tivi,Sony Bravia,1,13693044.17
Dien thoai,Xiaomi 14,1,19494484.3
Gia dung,May loc khong khi,4,22702051.35
Tivi,Samsung QLED,5,64647260.33
Laptop,ThinkPad X1,5,168433847.01
Dien thoai,iPhone 15,1,19619951.86
Laptop,Dell XPS 13,3,93288632.65
Laptop,ThinkPad X1,1,36557149.71
Tivi,Sony Bravia,5,76693893.12
Laptop,Dell XPS 13,2,67556924.88
Dien thoai,Galaxy S24,5,100679172.2
Gia dung,Noi chien,5,25607292.7
Phu kien,Chuot khong day,4,1470947.75
Laptop,ThinkPad X1,4,145339662.92
Phu kien,Chuot khong day,1,386229.84
Tivi,Sony Bravia,4,58532979.62
Gia dung,Noi chien,5,27845100.47
Tivi,LG OLED,2,32963180.1
Phu kien,Chuot khong day,4,1522060.14
Dien thoai,Galaxy S24,3,53858242.01
Tivi,Sony Bravia,3,38608935.78
Laptop,ThinkPad X1,4,145489929.55
Phu kien,Sac nhanh,1,429162.25
Phu kien,Op lung,2,685815.94
Dien thoai,Galaxy S24,1,18600052.66
Laptop,Dell XPS 13,1,32795594.74
Dien thoai,Oppo Reno,4,63168531.11
Dien thoai,Oppo Reno,4,65564632.37
Laptop,ThinkPad X1,0,0.0
Dien thoai,Xiaomi 14,4,71512468.97
Laptop,Dell XPS 13,3,108413882.81
Laptop,ThinkPad X1,4,134193255.84
Laptop,Dell XPS 13,0,0.0
Laptop,MacBook Air,2,54516860.86
Dien thoai,iPhone 15,2,39129076.78
Tivi,Samsung QLED,4,62973240.84
Dien thoai,Oppo Reno,3,49235135.62
Dien thoai,Galaxy S24,1,17552009.57
Laptop,ThinkPad X1,1,35773486.18
Tivi,Sony Bravia,2,29236698.2
Gia dung,May loc khong khi,1,5144066.18
Laptop,Dell XPS 13,5,157880634.98
Gia dung,Robot hut bui,4,20202348.04
Tivi,Samsung QLED,5,71415602.2
Phu kien,Sac nhanh,1,417155.94
Laptop,Dell XPS 13,3,107590772.19
Tivi,Sony Bravia,1,16787073.81
Phu kien,Tai nghe,4,1643802.91
Dien thoai,Xiaomi 14,1,18197789.82
Dien thoai,Galaxy S24,5,92193953.81
Phu kien,Tai nghe,1,406473.27
Gia dung,Robot hut bui,4,18898768.46
Dien thoai,Galaxy S24,4,79099270.23
Gia dung,Noi chien,3,14932496.75
Dien thoai,Xiaomi 14,4,73351976.47
Laptop,MacBook Air,2,59542517.44
Laptop,Dell XPS 13,4,139846433.31
Dien thoai,iPhone 15,5,80742529.45
Tivi,LG OLED,3,49863481.9
Laptop,MacBook Air,5,137654217.59
Gia dung,May loc khong khi,4,22614974.41
Gia dung,Noi chien,3,14905334.62
Dien thoai,Xiaomi 14,5,96217227.15
Laptop,Dell XPS 13,1,28163589.56
Phu kien,Tai nghe,3,1289415.07
Phu kien,Chuot khong day,3,1045028.75
Tivi,LG OLED,2,32308239.29
Phu kien,Op lung,2,885944.25
Gia dung,Robot hut bui,5,21772931.68
Phu kien,Op lung,0,0.0
Tivi,LG OLED,2,29121115.49
Tivi,Sony Bravia,3,40786924.64
Phu kien,Op lung,4,1371232.1
Gia dung,Noi chien,2,9612698.04
Phu kien,Op lung,0,0.0
Laptop,MacBook Air,3,89211059.76
Tivi,Samsung QLED,1,13417568.45
Dien thoai,Galaxy S24,1,18391915.0
Tivi,Sony Bravia,4,53026021.28
Laptop,MacBook Air,4,111457852.21
Gia dung,May loc khong khi,2,8569779.92
Laptop,Dell XPS 13,5,147975341.35
Dien thoai,Galaxy S24,1,17839251.83
Laptop,ThinkPad X1,1,32283195.15
Phu kien,Tai nghe,2,806979.0
Dien thoai,Oppo Reno,4,71161119.97
Dien thoai,Xiaomi 14,1,18584925.34
Dien thoai,iPhone 15,2,37035919.11
Dien thoai,Xiaomi 14,3,54673247.85
Tivi,LG OLED,2,33197646.71
Phu kien,Chuot khong day,1,346113.69
Phu kien,Op lung,1,448402.82
Dien thoai,Xiaomi 14,4,78806367.14
Gia dung,May loc khong khi,1,4718424.5
Laptop,Dell XPS 13,5,159242923.56
Phu kien,Op lung,1,391337.33
Gia dung,May loc khong khi,1,4489141.12
Dien thoai,Oppo Reno,0,0.0
Phu kien,Op lung,3,1137608.87
Gia dung,Robot hut bui,5,28424846.23
Laptop,Dell XPS 13,2,68611280.56
Phu kien,Op lung,3,1323609.61
Tivi,LG OLED,4,68640561.14
Dien thoai,iPhone 15,1,20469963.06
Laptop,MacBook Air,2,58597281.83
Laptop,ThinkPad X1,2,61018347.39
Tivi,LG OLED,4,58443434.04
Phu kien,Tai nghe,1,388928.44
Tivi,Sony Bravia,2,30857632.32
Dien thoai,iPhone 15,1,20268768.16
Dien thoai,iPhone 15,0,0.0
Laptop,Dell XPS 13,1,28365706.45
Laptop,MacBook Air,1,34077118.62
Phu kien,Chuot khong day,1,371843.53
Dien thoai,Galaxy S24,1,16718665.49
Laptop,Dell XPS 13,5,169840598.27
Phu kien,Sac nhanh,3,1209439.17
Phu kien,Sac nhanh,5,2139675.08
Gia dung,Noi chien,3,14899326.38
Laptop,MacBook Air,4,131132686.15
Laptop,MacBook Air,4,145080135.88
Dien thoai,Xiaomi 14,5,88542273.44
Gia dung,Noi chien,1,5377017.2
Dien thoai,Oppo Reno,1,18369464.32
Laptop,Dell XPS 13,2,68065001.37
Laptop,Dell XPS 13,2,71521372.45
Laptop,ThinkPad X1,3,107123217.11
Tivi,LG OLED,1,15822536.6
Gia dung,Robot hut bui,3,14438265.09
Phu kien,Sac nhanh,3,1068173.43
Laptop,MacBook Air,2,70552893.07
Dien thoai,Xiaomi 14,3,53629044.61
Dien thoai,Xiaomi 14,5,81171805.27
Laptop,Dell XPS 13,3,102756503.48
Laptop,Dell XPS 13,1,32315808.04
Dien thoai,Xiaomi 14,3,49851455.11
Gia dung,Noi chien,5,28531539.75
Tivi,Sony Bravia,4,60759283.1
Tivi,Sony Bravia,3,39943351.88
Dien thoai,Oppo Reno,2,32948056.21
Laptop,ThinkPad X1,5,179093832.4
Laptop,ThinkPad X1,3,109216543.74
Gia dung,May loc khong khi,2,9643727.99
Dien thoai,Galaxy S24,2,32470072.29
Phu kien,Chuot khong day,3,1268399.26
Laptop,Dell XPS 13,4,126579285.96
Gia dung,Robot hut bui,1,5674930.34
Tivi,Sony Bravia,1,17173593.77
Dien thoai,Galaxy S24,2,36129264.48
Phu kien,Op lung,1,446469.9
Laptop,Dell XPS 13,1,29150323.26
Gia dung,May loc khong khi,1,5099173.51
Phu kien,Op lung,5,2105983.07
Laptop,Dell XPS 13,5,179360071.22
Laptop,MacBook Air,0,0.0
Tivi,LG OLED,5,68687523.93
Phu kien,Chuot khong day,2,739183.45
Tivi,Sony Bravia,5,72763310.32
Gia dung,Robot hut bui,0,0.0
Laptop,MacBook Air,1,30005373.0
Laptop,ThinkPad X1,4,136794519.96
Tivi,Samsung QLED,3,46499184.34
Gia dung,Noi chien,2,9498432.58
Gia dung,Robot hut bui,2,10135611.46
Tivi,LG OLED,5,77262360.85
Laptop,Dell XPS 13,3,84055754.4
Dien thoai,Oppo Reno,1,17180440.34
Gia dung,Noi chien,5,26755255.4
Dien thoai,Oppo Reno,4,66700498.41
Gia dung,May loc khong khi,2,9734636.13
Gia dung,May loc khong khi,0,0.0
Phu kien,Op lung,1,378121.02
Dien thoai,Galaxy S24,2,32848601.89
Phu kien,Tai nghe,2,901571.0
Tivi,Samsung QLED,2,31681221.32
Phu kien,Op lung,1,422292.47
Tivi,Sony Bravia,3,47852607.88
Tivi,Samsung QLED,3,47862992.23
Tivi,Samsung QLED,5,75889174.58
Phu kien,Sac nhanh,2,838922.22
Gia dung,May loc khong khi,1,4511656.37
Phu kien,Chuot khong day,2,695337.98
Laptop,ThinkPad X1,2,67325006.62
Laptop,ThinkPad X1,1,34470476.6
Phu kien,Sac nhanh,4,1699219.86
Dien thoai,Oppo Reno,3,49736236.94
Dien thoai,iPhone 15,5,79271710.94
Laptop,MacBook Air,4,128947802.58
Dien thoai,Xiaomi 14,1,17170205.31
Phu kien,Chuot khong day,1,432212.29
Dien thoai,Xiaomi 14,0,0.0
Tivi,Sony Bravia,1,15350630.81
Gia dung,Noi chien,4,20119061.96
Dien thoai,iPhone 15,4,72913381.71
Phu kien,Tai nghe,4,1535503.18
Gia dung,Robot hut bui,4,19464438.66
Tivi,LG OLED,5,68642722.6
Laptop,Dell XPS 13,4,119986450.81
Laptop,Dell XPS 13,4,130754118.25
Dien thoai,iPhone 15,1,16221357.61
Phu kien,Tai nghe,3,1137630.94
Phu kien,Tai nghe,1,441497.33
Gia dung,May loc khong khi,1,5625380.59
Laptop,ThinkPad X1,4,143928775.48
Tivi,Sony Bravia,4,68303776.19
Gia dung,Robot hut bui,5,25927284.2
Gia dung,May loc khong khi,2,10345834.16
Phu kien,Op lung,3,1223091.48
Gia dung,Robot hut bui,4,19701806.65
Gia dung,Robot hut bui,1,5113745.89
Laptop,Dell XPS 13,5,165045697.01
Tivi,LG OLED,5,74575508.75
Laptop,Dell XPS 13,2,64737845.77
Phu kien,Chuot khong day,5,2145915.08
Tivi,LG OLED,3,49016807.22
Tivi,Samsung QLED,1,13477172.26
Tivi,Samsung QLED,1,15912389.92
Dien thoai,Oppo Reno,1,19738135.6
Gia dung,May loc khong khi,3,15563818.4
Phu kien,Op lung,3,1291325.2
Gia dung,Noi chien,5,26092944.92
Laptop,Dell XPS 13,3,91440775.31
Laptop,MacBook Air,2,63902358.46
Laptop,ThinkPad X1,2,64902268.48
Tivi,LG OLED,4,56659844.59
Phu kien,Tai nghe,3,1182602.8
Gia dung,May loc khong khi,4,19795770.66
Laptop,Dell XPS 13,3,96659931.93
Gia dung,Noi chien,5,28102392.47
Laptop,ThinkPad X1,2,64972548.47
Tivi,Sony Bravia,5,63949881.31
Phu kien,Sac nhanh,5,1917079.99
Tivi,Sony Bravia,2,29633229.25
Gia dung,Robot hut bui,3,16778585.75
Dien thoai,Galaxy S24,5,99645192.51
Laptop,Dell XPS 13,5,155868051.05
Gia dung,Robot hut bui,3,16685352.45
Tivi,Sony Bravia,3,49375130.79
Tivi,Samsung QLED,4,68899562.21
Tivi,LG OLED,4,58017125.59
Laptop,ThinkPad X1,1,34387246.52
Phu kien,Chuot khong day,2,900330.6
Dien thoai,Oppo Reno,1,16989046.3
Gia dung,Noi chien,3,12790641.56
Dien thoai,Oppo Reno,5,80684628.5
Laptop,MacBook Air,4,130597873.65
Phu kien,Chuot khong day,1,373595.04
Phu kien,Tai nghe,1,416333.38
Gia dung,Robot hut bui,3,13224918.93
Tivi,LG OLED,2,27547327.36
Gia dung,Noi chien,1,5626775.21
Phu kien,Tai nghe,4,1557290.84
Laptop,MacBook Air,3,97290804.67
Laptop,ThinkPad X1,2,69958734.14
Dien thoai,iPhone 15,3,62004080.61
Tivi,Sony Bravia,1,14631222.2
Phu kien,Op lung,0,0.0
Gia dung,Noi chien,1,5473149.92
Phu kien,Sac nhanh,4,1474683.71
Dien thoai,Galaxy S24,4,72374263.29
Dien thoai,Oppo Reno,1,15760417.13
Phu kien,Sac nhanh,1,363841.55
Tivi,Sony Bravia,1,14334538.63
Laptop,ThinkPad X1,3,98350923.58
Tivi,LG OLED,5,81676861.48
Tivi,LG OLED,1,17048684.63
Tivi,LG OLED,2,28391580.28
Phu kien,Op lung,3,1028598.04
Dien thoai,Oppo Reno,1,17647991.41
Laptop,Dell XPS 13,5,144253218.3
Gia dung,Noi chien,3,14347669.99
Dien thoai,iPhone 15,5,101948915.59
Gia dung,Robot hut bui,3,14143917.1
Dien thoai,iPhone 15,1,17285611.38
Phu kien,Op lung,1,415443.6
Tivi,Sony Bravia,5,73995842.16
Dien thoai,iPhone 15,4,65847853.57
Laptop,Dell XPS 13,3,101204719.92
Gia dung,Robot hut bui,1,4496012.54
Tivi,Samsung QLED,1,14980241.33
Gia dung,May loc khong khi,0,0.0
Laptop,MacBook Air,1,34160332.52
Phu kien,Chuot khong day,5,1807583.45
Laptop,ThinkPad X1,5,154192302.54
Laptop,Dell XPS 13,2,55887590.24
Gia dung,Noi chien,2,9680487.55
Tivi,LG OLED,2,27645507.1
Gia dung,Robot hut bui,5,24739781.98
Phu kien,Sac nhanh,4,1775078.6
Dien thoai,Galaxy S24,0,0.0
Gia dung,May loc khong khi,2,10457134.64
Dien thoai,Galaxy S24,5,83069271.43
Gia dung,Noi chien,5,23839454.15
Dien thoai,Galaxy S24,2,39009108.25
Phu kien,Op lung,1,377548.77
Gia dung,Robot hut bui,5,25881916.46
Dien thoai,Xiaomi 14,3,49236760.8
Phu kien,Chuot khong day,4,1518667.44
Phu kien,Tai nghe,2,748314.24
Dien thoai,Oppo Reno,5,100011050.95
Gia dung,May loc khong khi,5,27997862.36
Laptop,ThinkPad X1,3,93259476.44
Gia dung,May loc khong khi,3,16708698.2
Phu kien,Tai nghe,5,2181349.78
Laptop,ThinkPad X1,5,163115759.27
Laptop,MacBook Air,4,141516791.38
Dien thoai,Oppo Reno,1,16764918.12
Phu kien,Tai nghe,5,1854314.12
Laptop,ThinkPad X1,5,157024767.46
Laptop,MacBook Air,3,87067809.49
Phu kien,Chuot khong day,5,2289662.6
Phu kien,Chuot khong day,5,1916372.44
Gia dung,May loc khong khi,1,5416339.12
Gia dung,Noi chien,1,4571975.9
Laptop,MacBook Air,3,92908778.5
Gia dung,May loc khong khi,1,5598690.17
Gia dung,May loc khong khi,1,5595105.3
Phu kien,Tai nghe,4,1525349.12
Laptop,Dell XPS 13,4,116093160.91
Dien thoai,Galaxy S24,4,67766820.34
Gia dung,May loc khong khi,4,17548194.9
Phu kien,Op lung,3,1094343.27
Laptop,ThinkPad X1,3,91991550.44
Gia dung,Robot hut bui,4,18346688.53
Gia dung,Noi chien,2,10553460.8
Laptop,Dell XPS 13,5,176184316.86
Gia dung,Robot hut bui,2,8511439.06
Gia dung,Robot hut bui,4,22172967.81
Tivi,Samsung QLED,3,45434850.81
Phu kien,Chuot khong day,5,2000179.89
Laptop,MacBook Air,2,57264895.8
Phu kien,Op lung,1,456174.67
Laptop,Dell XPS 13,4,110772950.5
Dien thoai,Galaxy S24,1,20604941.71
Tivi,Sony Bravia,2,26872223.83
Phu kien,Sac nhanh,3,1282227.31
Laptop,Dell XPS 13,5,155059954.53
Laptop,Dell XPS 13,5,156781148.02
Dien thoai,Oppo Reno,1,15568195.34
Phu kien,Chuot khong day,3,1362376.0
Gia dung,Noi chien,4,21855888.95
Dien thoai,Oppo Reno,3,55802048.8
Laptop,Dell XPS 13,1,28765008.95
Laptop,MacBook Air,5,181512475.58
Laptop,Dell XPS 13,5,162608397.75
Laptop,MacBook Air,1,32924850.7
Dien thoai,Oppo Reno,2,32448541.91
Phu kien,Tai nghe,2,893837.66
Laptop,ThinkPad X1,2,57024123.69
Laptop,MacBook Air,2,59383734.44
Laptop,ThinkPad X1,4,138309802.52
Phu kien,Sac nhanh,4,1636645.58
Gia dung,May loc khong khi,4,22523598.62
Laptop,ThinkPad X1,2,65036844.89
Gia dung,May loc khong khi,4,22751981.68
Tivi,Samsung QLED,1,13082197.79
Dien thoai,Xiaomi 14,2,36255297.55
Dien thoai,Xiaomi 14,1,15525539.0
Tivi,LG OLED,3,49807995.02
Laptop,Dell XPS 13,4,139390169.94
Laptop,MacBook Air,3,102786220.81
Laptop,Dell XPS 13,5,139237180.65
Dien thoai,Oppo Reno,0,0.0
Phu kien,Op lung,1,378474.98
Phu kien,Tai nghe,2,782451.66
Tivi,Sony Bravia,1,16370197.11
Dien thoai,Xiaomi 14,4,69572757.8
Phu kien,Tai nghe,5,1869201.8
Laptop,MacBook Air,1,31434114.42
Laptop,MacBook Air,0,0.0
Tivi,Samsung QLED,4,62537451.96
Tivi,Sony Bravia,1,13575195.04
Laptop,ThinkPad X1,2,58731184.24
Dien thoai,Xiaomi 14,1,18310793.92
Tivi,Sony Bravia,1,17171874.08
Laptop,MacBook Air,3,101172795.42
Tivi,LG OLED,2,27233570.87
Laptop,Dell XPS 13,3,103380539.64
Phu kien,Op lung,1,448650.23
Laptop,Dell XPS 13,1,36529864.79
Gia dung,May loc khong khi,1,4627714.87
Dien thoai,Oppo Reno,1,19496837.55
Gia dung,Robot hut bui,4,17894852.88
Phu kien,Tai nghe,1,433872.12
Phu kien,Chuot khong day,5,2023973.22
Gia dung,May loc khong khi,5,23331733.66
Laptop,Dell XPS 13,1,28364874.15
Laptop,Dell XPS 13,2,71083246.64
Laptop,Dell XPS 13,5,175335964.06
Tivi,LG OLED,2,34173113.0
Laptop,Dell XPS 13,2,62416622.86
Dien thoai,Xiaomi 14,1,16478009.33
Tivi,Sony Bravia,1,14748441.08
Gia dung,May loc khong khi,5,26935601.34
Phu kien,Chuot khong day,5,2262437.49
Laptop,Dell XPS 13,2,73285764.95
Phu kien,Op lung,3,1145200.15
Gia dung,Noi chien,2,8955096.97
Tivi,LG OLED,3,42008989.33
Dien thoai,Xiaomi 14,1,17207027.48
Phu kien,Tai nghe,5,1865446.2
Gia dung,Noi chien,1,5391129.74
Dien thoai,iPhone 15,4,62257157.22
Tivi,Sony Bravia,5,76243262.94
Laptop,ThinkPad X1,4,120516600.87
Gia dung,May loc khong khi,1,4808712.24
Tivi,Samsung QLED,2,34078079.24
Gia dung,Noi chien,2,10906719.79
Tivi,Samsung QLED,4,67774876.63
Dien thoai,iPhone 15,1,17938036.76
Laptop,ThinkPad X1,5,160651541.97
Phu kien,Sac nhanh,5,1773222.99
Dien thoai,Oppo Reno,1,19124940.1
Tivi,LG OLED,2,28888343.63
Tivi,Sony Bravia,3,40660317.49
Laptop,Dell XPS 13,0,0.0
Phu kien,Op lung,5,1875858.66
Laptop,ThinkPad X1,5,173951694.21
Tivi,LG OLED,2,32043511.91
Laptop,Dell XPS 13,4,116962615.11
Laptop,Dell XPS 13,3,101387291.03
Tivi,Sony Bravia,4,60752102.48
Phu kien,Chuot khong day,1,405951.49
Phu kien,Chuot khong day,3,1122913.12
Tivi,LG OLED,3,50832748.98
Tivi,LG OLED,5,68991438.0
Gia dung,Robot hut bui,5,26903447.62
Tivi,LG OLED,5,75612740.14
Laptop,MacBook Air,2,72517520.65
Dien thoai,Xiaomi 14,1,19608981.78
Dien thoai,Galaxy S24,1,17927118.34
Phu kien,Chuot khong day,3,1122198.35
Gia dung,Noi chien,5,21537039.21
Gia dung,May loc khong khi,1,5102767.71
Gia dung,May loc khong khi,2,9624133.47
Phu kien,Sac nhanh,4,1525275.71
Phu kien,Tai nghe,3,1099881.85
Laptop,ThinkPad X1,1,28306145.05
Tivi,Sony Bravia,5,77363062.94
Phu kien,Op lung,2,788166.58
Dien thoai,Galaxy S24,5,96802355.28
Phu kien,Chuot khong day,5,2270222.01
Laptop,ThinkPad X1,4,134708391.12
Tivi,LG OLED,5,72111442.69
Laptop,Dell XPS 13,2,57052297.08
Gia dung,Noi chien,3,14894434.62
Gia dung,May loc khong khi,4,20453690.93
Laptop,Dell XPS 13,4,127178359.96
Gia dung,May loc khong khi,5,28535378.85
Gia dung,Noi chien,4,22213159.71
Dien thoai,iPhone 15,0,0.0
Laptop,ThinkPad X1,2,61549610.44
Tivi,Samsung QLED,2,25879964.08
Dien thoai,Galaxy S24,2,32239188.3
Phu kien,Chuot khong day,5,1773503.37
Gia dung,May loc khong khi,5,22668942.43
Tivi,Sony Bravia,1,13648217.75
Tivi,LG OLED,5,82511260.93
Tivi,LG OLED,4,57260133.42
Tivi,Sony Bravia,5,68390919.44
Tivi,Samsung QLED,1,15584503.28
Tivi,Sony Bravia,2,30300420.83
Laptop,ThinkPad X1,2,62565423.74
Laptop,ThinkPad X1,1,31384210.73
Tivi,Samsung QLED,3,51556474.1
Laptop,ThinkPad X1,2,57537394.61
Dien thoai,Xiaomi 14,2,40048862.26
Laptop,Dell XPS 13,4,133303758.42
Tivi,LG OLED,4,68189528.48
Laptop,MacBook Air,2,61628470.03
Gia dung,May loc khong khi,5,26543223.57
Dien thoai,Galaxy S24,4,69809132.3
Phu kien,Sac nhanh,2,708741.06
Phu kien,Chuot khong day,2,774399.32
Gia dung,Robot hut bui,2,9454987.21
Laptop,MacBook Air,3,106770804.57
Phu kien,Op lung,0,0.0
Phu kien,Sac nhanh,2,883862.83
Dien thoai,iPhone 15,4,79105962.27
Gia dung,May loc khong khi,2,8730825.75
Tivi,Sony Bravia,4,60265028.68
Tivi,LG OLED,2,33359059.38
Gia dung,Noi chien,2,10799977.79
Dien thoai,Galaxy S24,3,46334561.23
Phu kien,Tai nghe,3,1240363.47
Gia dung,May loc khong khi,4,22788517.76
Dien thoai,Galaxy S24,0,0.0
Dien thoai,Galaxy S24,5,83540662.85
Gia dung,May loc khong khi,1,5273453.24
Laptop,ThinkPad X1,2,70800892.58
Gia dung,Robot hut bui,1,4538839.51
Gia dung,Robot hut bui,3,15020340.78
Dien thoai,Oppo Reno,3,56311354.16
Laptop,Dell XPS 13,1,31190987.43
Laptop,Dell XPS 13,5,157119150.46
Dien thoai,Xiaomi 14,2,30923205.95
Tivi,LG OLED,2,26658238.12
Gia dung,Noi chien,4,21679341.8
Tivi,Samsung QLED,4,55784313.32
Gia dung,May loc khong khi,3,13987189.69
Tivi,Samsung QLED,3,41466925.17
Gia dung,May loc khong khi,3,15232522.89
Gia dung,May loc khong khi,3,15507704.04
Tivi,Sony Bravia,2,29639613.48
Phu kien,Tai nghe,3,1149374.87
Phu kien,Sac nhanh,5,1989085.73
Dien thoai,Xiaomi 14,3,55708659.31
Laptop,Dell XPS 13,5,175051650.82
Gia dung,Noi chien,3,16569974.57
Dien thoai,Xiaomi 14,1,15950265.39
Phu kien,Tai nghe,4,1839736.41
Phu kien,Op lung,3,1103502.32
Gia dung,May loc khong khi,2,9969013.39
Tivi,Samsung QLED,2,27551693.52
Gia dung,Noi chien,3,15163850.06
Phu kien,Op lung,3,1223800.78
Gia dung,May loc khong khi,4,18522704.2
Tivi,Sony Bravia,4,66982912.64
Dien thoai,Oppo Reno,4,76756859.37
Gia dung,Robot hut bui,3,16110831.28
Phu kien,Tai nghe,2,870966.06
Gia dung,Robot hut bui,1,5516443.91
Gia dung,May loc khong khi,2,9806354.68
Gia dung,May loc khong khi,0,0.0
Dien thoai,Galaxy S24,1,19566102.85
Tivi,Samsung QLED,4,56544547.05
Phu kien,Op lung,3,1128890.17
Tivi,Sony Bravia,2,27886981.92
Gia dung,May loc khong khi,4,19806337.19
Gia dung,May loc khong khi,5,25779585.07
Dien thoai,Xiaomi 14,5,98250107.36
Gia dung,Robot hut bui,3,13199386.82
Tivi,Samsung QLED,2,30474282.98
Gia dung,Robot hut bui,5,24663132.03
Dien thoai,Xiaomi 14,2,31008345.4
Dien thoai,Xiaomi 14,5,86507879.32
Dien thoai,Xiaomi 14,4,67314251.46
Gia dung,Noi chien,1,5681419.47
Dien thoai,Xiaomi 14,3,60859868.42
Tivi,LG OLED,2,33486433.32
Dien thoai,Oppo Reno,5,79529847.73
Dien thoai,iPhone 15,5,93982635.65
Dien thoai,Oppo Reno,2,37240565.66
Tivi,Samsung QLED,5,81186562.91
Tivi,Sony Bravia,3,44524728.53
Gia dung,Noi chien,5,23541700.86
Laptop,Dell XPS 13,3,98818099.38
Laptop,ThinkPad X1,5,182436928.71
Dien thoai,Xiaomi 14,3,58600188.08
Gia dung,Robot hut bui,3,15946640.42
Tivi,LG OLED,2,27843042.08
Gia dung,May loc khong khi,3,15416825.42
Dien thoai,Galaxy S24,5,94917472.81
Dien thoai,Oppo Reno,1,17018152.88
Gia dung,May loc khong khi,1,4969372.38
Dien thoai,Oppo Reno,0,0.0
Dien thoai,Oppo Reno,5,103037066.03
Laptop,MacBook Air,0,0.0
Tivi,Sony Bravia,2,31731951.22
Tivi,Samsung QLED,4,59931502.17
Tivi,Sony Bravia,5,77438431.76
Gia dung,Noi chien,2,9913346.23
Tivi,Sony Bravia,5,68329805.98
Gia dung,Robot hut bui,5,23406083.98
Tivi,LG OLED,1,12956644.64
Phu kien,Op lung,1,422365.65
Tivi,Samsung QLED,3,47859958.35
Gia dung,Noi chien,5,23141110.23
Tivi,LG OLED,1,16728806.59
Tivi,LG OLED,0,0.0
Laptop,Dell XPS 13,1,32139552.68
Dien thoai,iPhone 15,3,60508814.53
Gia dung,May loc khong khi,1,4597535.94
Tivi,Sony Bravia,3,46671729.13
Tivi,Sony Bravia,3,50900736.62
Tivi,Sony Bravia,4,62797639.38
Dien thoai,Galaxy S24,2,35977828.24
Laptop,Dell XPS 13,1,28708689.59
Phu kien,Op lung,2,780307.6
Tivi,LG OLED,5,68196942.79
Laptop,Dell XPS 13,3,90808657.04
Tivi,Samsung QLED,1,13106800.22
Gia dung,Noi chien,3,15880879.9
Phu kien,Chuot khong day,1,365644.52
Phu kien,Sac nhanh,1,412605.68
Gia dung,Robot hut bui,4,20944928.63
Laptop,Dell XPS 13,2,63538813.7
Dien thoai,Xiaomi 14,5,103494266.88
Tivi,LG OLED,4,60043535.39
Phu kien,Op lung,1,404835.03
Dien thoai,Xiaomi 14,4,80287450.11
Tivi,LG OLED,3,41043649.9
Laptop,ThinkPad X1,2,69047083.86
Laptop,ThinkPad X1,2,70357932.91
Dien thoai,Oppo Reno,3,54628731.01
Laptop,Dell XPS 13,1,30034302.37
Dien thoai,Oppo Reno,1,16241526.77
Tivi,Sony Bravia,1,16104164.21
Gia dung,Noi chien,1,4484613.19
Dien thoai,Galaxy S24,3,57623618.75
Gia dung,Robot hut bui,1,5410738.15
Laptop,MacBook Air,2,68964592.97
Phu kien,Tai nghe,0,0.0
Gia dung,Noi chien,1,5709091.39
Tivi,Samsung QLED,5,77630314.07
Dien thoai,Oppo Reno,1,15649588.0
Gia dung,May loc khong khi,3,13951771.96
Dien thoai,Xiaomi 14,5,100827733.37
Tivi,Sony Bravia,1,14243814.44
Gia dung,Noi chien,4,17557593.09
Gia dung,Robot hut bui,1,5535839.42
Dien thoai,Xiaomi 14,4,77049510.53
Laptop,MacBook Air,3,94285561.77
Phu kien,Op lung,5,2171507.04
Dien thoai,Xiaomi 14,4,71438548.82
Phu kien,Tai nghe,1,406861.58
Tivi,Samsung QLED,1,14011615.59
Tivi,LG OLED,4,55674052.22
Gia dung,Noi chien,3,17018235.33
Laptop,ThinkPad X1,3,88968172.9
Dien thoai,iPhone 15,1,18680207.54
Phu kien,Chuot khong day,4,1533762.85
Phu kien,Tai nghe,0,0.0
Laptop,ThinkPad X1,5,154837250.93
Tivi,Sony Bravia,3,44556356.91
Gia dung,Robot hut bui,3,14138977.7
Gia dung,May loc khong khi,0,0.0
Laptop,MacBook Air,4,119277355.92
Tivi,LG OLED,1,16567745.39
Gia dung,May loc khong khi,5,24550293.51
Tivi,Sony Bravia,1,14484066.13
Tivi,Sony Bravia,3,42293446.79
Laptop,ThinkPad X1,2,60763335.28
Gia dung,May loc khong khi,3,15943187.13
Tivi,LG OLED,2,28031415.94
Gia dung,May loc khong khi,2,10225339.44
Tivi,LG OLED,5,79245189.96
Phu kien,Tai nghe,2,811293.73
Laptop,Dell XPS 13,1,28508874.98
Dien thoai,iPhone 15,1,16799603.47
Gia dung,Robot hut bui,3,16261665.56
Dien thoai,iPhone 15,2,39257100.97
Phu kien,Chuot khong day,4,1728346.36
Dien thoai,iPhone 15,2,41303997.21
Laptop,Dell XPS 13,5,171012560.27
Phu kien,Op lung,5,1819636.72
Dien thoai,Galaxy S24,4,71904223.7
Gia dung,Noi chien,2,10246491.84
Dien thoai,Galaxy S24,2,33563822.85
Tivi,Samsung QLED,1,17158708.85
Dien thoai,Xiaomi 14,0,0.0
Dien thoai,iPhone 15,5,82509272.99
Dien thoai,iPhone 15,1,20232783.82
Phu kien,Sac nhanh,5,2060386.42
Dien thoai,Oppo Reno,1,17279151.49
Phu kien,Op lung,5,2263233.85
Gia dung,Robot hut bui,0,0.0
Gia dung,Robot hut bui,1,5722246.18
Dien thoai,iPhone 15,1,20487155.93
Tivi,Samsung QLED,3,42542640.17
Dien thoai,iPhone 15,1,20490236.67
Dien thoai,Oppo Reno,1,19297185.02
Tivi,Sony Bravia,3,49599693.97
Tivi,Sony Bravia,3,42829056.26
Dien thoai,Xiaomi 14,5,82262401.7
Phu kien,Sac nhanh,4,1390934.08
Dien thoai,iPhone 15,4,65655856.27
Laptop,Dell XPS 13,2,54666960.36
Laptop,MacBook Air,5,139916791.86
Gia dung,Robot hut bui,3,13627407.71
Dien thoai,Galaxy S24,1,20141418.6
Dien thoai,iPhone 15,1,15909081.55
Tivi,LG OLED,1,13414913.99
Phu kien,Sac nhanh,2,764632.46
Gia dung,May loc khong khi,3,15875301.15
Laptop,ThinkPad X1,5,178521652.6
Phu kien,Sac nhanh,3,1339514.58
Tivi,Sony Bravia,2,30987603.45
Phu kien,Tai nghe,5,2259082.74
Phu kien,Tai nghe,1,376738.02
Dien thoai,Galaxy S24,3,51344161.46
Phu kien,Sac nhanh,4,1605729.48
Laptop,ThinkPad X1,1,27811057.16
Dien thoai,Galaxy S24,1,20649236.14
Phu kien,Op lung,2,753879.77
Phu kien,Chuot khong day,0,0.0
Phu kien,Op lung,2,710374.68
Tivi,Samsung QLED,4,51919343.89
Gia dung,Robot hut bui,1,4515572.83
Dien thoai,Xiaomi 14,0,0.0
Tivi,Samsung QLED,2,33523385.55
Phu kien,Tai nghe,4,1748651.47
Phu kien,Sac nhanh,3,1128619.34
Tivi,Samsung QLED,4,66935261.3
Dien thoai,iPhone 15,5,100928228.92
Gia dung,Robot hut bui,1,5748952.1
Tivi,Sony Bravia,5,68346025.4
Phu kien,Tai nghe,3,1339212.87
Laptop,MacBook Air,1,33963928.68
Phu kien,Sac nhanh,1,345559.62
Gia dung,May loc khong khi,4,20867111.04
Phu kien,Chuot khong day,4,1683152.15
Gia dung,Noi chien,1,4800080.44
Phu kien,Tai nghe,1,354742.01
Gia dung,May loc khong khi,3,12919349.11
Phu kien,Tai nghe,4,1408637.09
Laptop,Dell XPS 13,5,161508712.7
Laptop,Dell XPS 13,5,159787726.59
Phu kien,Tai nghe,2,774602.35
Dien thoai,Xiaomi 14,0,0.0
Gia dung,Robot hut bui,5,23275582.32
Laptop,MacBook Air,3,89207293.86
Phu kien,Tai nghe,1,410163.75
Laptop,ThinkPad X1,0,0.0
Dien thoai,Galaxy S24,1,17101058.49
Dien thoai,iPhone 15,3,58309812.45
Gia dung,Noi chien,2,9470189.57
Phu kien,Tai nghe,1,353063.16
Gia dung,Noi chien,2,9035844.04
Laptop,MacBook Air,4,114050953.49
Phu kien,Tai nghe,5,1789962.26
Phu kien,Tai nghe,3,1333191.63
Laptop,ThinkPad X1,5,167096403.0
Tivi,LG OLED,2,31712884.37
Tivi,Samsung QLED,2,26223601.45
Tivi,LG OLED,2,28469961.73
Phu kien,Sac nhanh,4,1577155.57
Dien thoai,Xiaomi 14,3,56992423.82
Gia dung,May loc khong khi,2,10833367.11
Laptop,MacBook Air,3,92570808.77
Laptop,Dell XPS 13,5,159118318.12
Laptop,Dell XPS 13,5,144834814.47
Dien thoai,Xiaomi 14,2,35023568.67
Gia dung,Noi chien,4,21047802.2
Tivi,Sony Bravia,4,54078495.49
Laptop,Dell XPS 13,2,56282799.59
Tivi,Sony Bravia,2,33027973.65
Gia dung,Robot hut bui,3,17065800.05
Gia dung,May loc khong khi,4,17769376.92
Tivi,Sony Bravia,2,34040381.21
Gia dung,May loc khong khi,2,9002462.64
Laptop,MacBook Air,3,99392225.71
Laptop,ThinkPad X1,3,104453252.49
Gia dung,Robot hut bui,4,21451005.53
Gia dung,Robot hut bui,1,5648222.56
Laptop,ThinkPad X1,4,143612871.5
Tivi,Samsung QLED,0,0.0
Phu kien,Chuot khong day,1,417134.26
Laptop,ThinkPad X1,4,120188811.46
Gia dung,Robot hut bui,0,0.0
Phu kien,Tai nghe,4,1459007.81
Tivi,Samsung QLED,4,66657380.24
Phu kien,Sac nhanh,4,1384678.11
Phu kien,Op lung,5,2226072.23
Laptop,Dell XPS 13,2,58919004.15
Phu kien,Op lung,3,1361357.96
Laptop,Dell XPS 13,2,58170032.87
Laptop,MacBook Air,2,65207403.61
Laptop,Dell XPS 13,1,30964905.51
Gia dung,Robot hut bui,4,19476414.0
Phu kien,Tai nghe,4,1573483.16
Laptop,Dell XPS 13,2,66439475.96
Phu kien,Tai nghe,5,1754430.76
Tivi,Samsung QLED,2,33962145.33
Laptop,MacBook Air,0,0.0
Tivi,LG OLED,1,13333246.79
Gia dung,Noi chien,4,21032088.94
Tivi,Samsung QLED,3,50829710.95
Gia dung,May loc khong khi,4,18683127.25
Tivi,Sony Bravia,2,26228419.19
Phu kien,Chuot khong day,5,1905502.93
Dien thoai,Galaxy S24,5,102681237.26
Phu kien,Chuot khong day,2,880401.22
Phu kien,Op lung,3,1251834.79
Dien thoai,iPhone 15,3,51556051.11
Dien thoai,Xiaomi 14,4,63065230.29
Phu kien,Tai nghe,5,1744699.99
Tivi,Samsung QLED,1,17058775.07
Phu kien,Sac nhanh,4,1361719.82
Dien thoai,Xiaomi 14,2,40732040.47
Dien thoai,Oppo Reno,2,35308351.48
Phu kien,Sac nhanh,5,2286230.3
Gia dung,Robot hut bui,2,9801494.53
Laptop,MacBook Air,5,166117497.79
Tivi,Samsung QLED,1,16734660.49
Gia dung,Noi chien,4,20238431.83
Gia dung,Robot hut bui,3,14052370.88
Tivi,LG OLED,4,54974760.72
Dien thoai,iPhone 15,2,41204279.64
Tivi,Samsung QLED,5,71692191.65
Tivi,Samsung QLED,5,69364641.59
Phu kien,Sac nhanh,3,1317453.9
Phu kien,Sac nhanh,3,1108735.22
Phu kien,Tai nghe,2,905310.3
Dien thoai,Galaxy S24,1,15485825.65
Gia dung,Robot hut bui,5,27525836.23
Tivi,LG OLED,4,53986852.6
Phu kien,Op lung,1,400066.01
Gia dung,Robot hut bui,3,14971356.03
Laptop,Dell XPS 13,1,31980084.09
Gia dung,Noi chien,2,9447058.23
Gia dung,May loc khong khi,5,23386521.77
Phu kien,Op lung,4,1515024.79
Tivi,LG OLED,4,57523379.69
Tivi,LG OLED,4,65619479.02
Tivi,Sony Bravia,2,33176333.14
Tivi,Samsung QLED,5,72983089.22
Dien thoai,Xiaomi 14,4,81260722.28
Dien thoai,Galaxy S24,1,16165530.65
Laptop,Dell XPS 13,3,86220673.55
Dien thoai,Xiaomi 14,4,61833934.4
Tivi,Samsung QLED,1,12820482.35
Phu kien,Op lung,2,880810.51
Dien thoai,iPhone 15,4,61640312.67
Phu kien,Op lung,3,1036734.51
Phu kien,Tai nghe,1,382743.96
Tivi,LG OLED,2,27560356.75
Dien thoai,Galaxy S24,1,17636515.0
Gia dung,Noi chien,5,28530550.67
Gia dung,Noi chien,3,13502839.47
Laptop,Dell XPS 13,2,64923175.65
Tivi,Samsung QLED,1,14157915.87
Laptop,ThinkPad X1,2,58553861.91
Tivi,Sony Bravia,3,44756047.77
Dien thoai,Oppo Reno,1,19151031.79
Phu kien,Op lung,3,1144613.5
Gia dung,Robot hut bui,4,17136742.84
Dien thoai,Xiaomi 14,3,49616214.84
Gia dung,Noi chien,2,10704438.54
Laptop,MacBook Air,0,0.0
Laptop,ThinkPad X1,1,35596605.4
Gia dung,Noi chien,4,20402962.01
Tivi,LG OLED,5,70107031.57
Tivi,Samsung QLED,4,64913711.43
Dien thoai,Galaxy S24,5,88394060.07
Dien thoai,Oppo Reno,3,61562665.22
Gia dung,Robot hut bui,5,26518028.99
Gia dung,Robot hut bui,4,18487484.0
Laptop,Dell XPS 13,3,92696199.91
Gia dung,Noi chien,5,25567934.37
Phu kien,Tai nghe,2,717789.33
Laptop,MacBook Air,1,34364175.29
Phu kien,Tai nghe,3,1209616.51
Laptop,ThinkPad X1,2,71910619.03
Tivi,LG OLED,4,66159987.68
Dien thoai,iPhone 15,2,38683980.56
Tivi,LG OLED,4,51275488.17
Gia dung,Robot hut bui,4,22222951.95
Laptop,ThinkPad X1,2,60883223.59
Gia dung,Robot hut bui,3,16509486.65
Laptop,ThinkPad X1,5,142925711.34
Gia dung,May loc khong khi,2,9353686.56
Dien thoai,Xiaomi 14,5,80829367.62
Phu kien,Op lung,2,870739.35
Dien thoai,iPhone 15,3,61991349.6
Dien thoai,iPhone 15,5,86026295.91
Gia dung,Noi chien,1,5501090.95
Phu kien,Chuot khong day,3,1292493.14
Tivi,Sony Bravia,0,0.0
Gia dung,Robot hut bui,4,17932094.6
Gia dung,Noi chien,2,10401454.35
Dien thoai,Xiaomi 14,1,17000934.02
Gia dung,May loc khong khi,5,28468229.29
Tivi,LG OLED,2,29009393.42
Phu kien,Op lung,5,1910806.39
Laptop,ThinkPad X1,1,36777583.12
Tivi,Sony Bravia,2,32582501.41
Phu kien,Tai nghe,5,2037096.36
Phu kien,Op lung,1,361829.45
Dien thoai,Oppo Reno,4,71988224.64
Dien thoai,Oppo Reno,4,61651482.81
Laptop,Dell XPS 13,1,32539694.77
Gia dung,Noi chien,5,27747921.95
Dien thoai,iPhone 15,5,80587754.38
Phu kien,Op lung,5,1828227.59
Laptop,MacBook Air,4,118175371.47
Laptop,Dell XPS 13,2,62784935.68
Phu kien,Chuot khong day,2,804914.76
Laptop,ThinkPad X1,5,181218318.13
Laptop,ThinkPad X1,5,178828026.97
Laptop,ThinkPad X1,5,178460408.86
Laptop,Dell XPS 13,1,28266526.15
Gia dung,Robot hut bui,2,9542301.28
Phu kien,Chuot khong day,5,1752392.43
Gia dung,May loc khong khi,2,10847555.22
Tivi,Samsung QLED,4,54827846.92
Gia dung,Noi chien,1,4584672.28
Phu kien,Chuot khong day,2,857807.68
Phu kien,Sac nhanh,2,869487.39
Tivi,Sony Bravia,2,30084006.16
Gia dung,Robot hut bui,4,20686693.3
Laptop,ThinkPad X1,4,143505125.24
Tivi,Samsung QLED,4,57527474.96
Dien thoai,Xiaomi 14,2,39115601.55
Dien thoai,Xiaomi 14,5,95722141.44
Dien thoai,Xiaomi 14,5,78045342.61
Laptop,ThinkPad X1,5,144260936.95
Laptop,ThinkPad X1,5,181027027.62
Tivi,Samsung QLED,2,26745886.04
Dien thoai,Oppo Reno,1,17534620.54
Laptop,MacBook Air,3,83376737.57
Laptop,ThinkPad X1,1,35660147.04
Phu kien,Op lung,5,2217940.06
Phu kien,Chuot khong day,2,712366.86
Gia dung,May loc khong khi,2,10327030.64
Dien thoai,iPhone 15,5,89083147.85
Phu kien,Tai nghe,3,1172601.01
Phu kien,Tai nghe,5,1883370.6
Gia dung,Noi chien,1,4334175.46
Dien thoai,Xiaomi 14,5,89989274.41
Tivi,Sony Bravia,1,16855535.27
Gia dung,Robot hut bui,3,15654005.23
Tivi,Samsung QLED,5,83991559.83
Tivi,LG OLED,1,14527758.24
Dien thoai,Oppo Reno,2,38588509.22
Gia dung,May loc khong khi,3,17045125.34
Laptop,MacBook Air,1,32778115.84
Phu kien,Chuot khong day,4,1702203.67
Dien thoai,Galaxy S24,2,36559829.4
Laptop,MacBook Air,1,36485125.9
Gia dung,Noi chien,1,5511456.21
Dien thoai,Xiaomi 14,0,0.0
Dien thoai,Galaxy S24,4,71763443.23
Laptop,Dell XPS 13,1,32795603.47
Tivi,Sony Bravia,2,32864385.79
Laptop,ThinkPad X1,2,62082516.74
Laptop,MacBook Air,2,71236003.06
Phu kien,Sac nhanh,2,698089.28
Gia dung,May loc khong khi,5,23879765.33
Tivi,Sony Bravia,1,12830521.55
Laptop,MacBook Air,3,82442320.09
Tivi,LG OLED,4,59801409.51
Gia dung,Noi chien,1,5379281.37
Gia dung,Noi chien,1,5446193.41
Laptop,ThinkPad X1,3,98839786.83
Tivi,LG OLED,5,84173671.71
Gia dung,May loc khong khi,5,27043993.23
Tivi,LG OLED,2,26555599.63
Tivi,Sony Bravia,5,76907448.52
Tivi,Samsung QLED,0,0.0
Tivi,Sony Bravia,5,71233615.55
Dien thoai,Oppo Reno,3,59491475.4
Tivi,LG OLED,1,12868382.62
Gia dung,Robot hut bui,5,27976811.09
Laptop,Dell XPS 13,3,93912555.48
Phu kien,Op lung,1,426812.09
Phu kien,Op lung,5,1965630.89
Gia dung,Noi chien,3,16842966.38
Dien thoai,Galaxy S24,1,15527555.01
Gia dung,Robot hut bui,1,5425160.81
Tivi,Samsung QLED,4,67132461.38
Gia dung,Noi chien,4,17717607.81
Dien thoai,Oppo Reno,0,0.0
Gia dung,Noi chien,1,5188812.99
Phu kien,Op lung,0,0.0
Tivi,Sony Bravia,4,58957383.31
Dien thoai,Xiaomi 14,1,16952716.55
Gia dung,Noi chien,5,22564128.38
Tivi,Samsung QLED,1,16069841.28
Tivi,LG OLED,2,33224588.56
Phu kien,Tai nghe,5,1778903.92
Laptop,ThinkPad X1,1,34069496.42
Tivi,LG OLED,1,14868743.75
Tivi,LG OLED,1,14949296.06
Phu kien,Sac nhanh,2,693525.75
Phu kien,Sac nhanh,2,793826.8
Tivi,LG OLED,5,72973630.43
Laptop,MacBook Air,3,89321477.93
Dien thoai,Xiaomi 14,5,85634269.39
Tivi,LG OLED,1,15513210.36
Gia dung,May loc khong khi,2,9208951.11
Dien thoai,Oppo Reno,1,17081971.0
Gia dung,May loc khong khi,4,19935573.83
Laptop,Dell XPS 13,2,56728749.44
Gia dung,Robot hut bui,1,5621368.21
Gia dung,Robot hut bui,4,20576043.66
Phu kien,Chuot khong day,2,839229.61
Dien thoai,Xiaomi 14,3,50680099.49
Phu kien,Op lung,5,2230618.67
Laptop,ThinkPad X1,1,32740863.75
Tivi,Samsung QLED,5,80733840.06
Dien thoai,Oppo Reno,3,58194846.64
Phu kien,Op lung,3,1088343.72
Tivi,Sony Bravia,1,13368973.75
Dien thoai,Oppo Reno,2,31489664.02
Gia dung,May loc khong khi,5,22228022.38
Laptop,ThinkPad X1,0,0.0
Laptop,ThinkPad X1,4,117288891.49
Tivi,Samsung QLED,5,65513919.17
Laptop,Dell XPS 13,2,64274477.87
Gia dung,Noi chien,1,5095954.85
Gia dung,May loc khong khi,5,22999906.7
Gia dung,Noi chien,5,23018321.21
Tivi,LG OLED,2,32488293.68
Gia dung,Robot hut bui,1,4752877.93
Tivi,LG OLED,2,28589552.5
Tivi,Sony Bravia,5,84033358.17
Gia dung,May loc khong khi,4,21097636.38
Gia dung,May loc khong khi,1,4858449.61
Gia dung,May loc khong khi,4,21467626.87
Laptop,ThinkPad X1,3,94893639.3
Phu kien,Sac nhanh,1,421893.91
Laptop,ThinkPad X1,3,82539224.63
Tivi,Sony Bravia,5,78257883.38
Gia dung,May loc khong khi,1,5678744.03
Tivi,LG OLED,3,49557054.12
Laptop,Dell XPS 13,4,120988693.6
Dien thoai,iPhone 15,4,73735727.31
Laptop,ThinkPad X1,4,141716021.61
Tivi,Samsung QLED,2,25571981.75
Gia dung,Noi chien,4,22046636.04
Laptop,Dell XPS 13,5,183511565.63
Tivi,Sony Bravia,2,32737217.47
Tivi,Sony Bravia,3,47997538.23
Laptop,ThinkPad X1,0,0.0
Tivi,LG OLED,5,68072411.26
Dien thoai,iPhone 15,3,60690481.65
Tivi,Sony Bravia,1,16038779.03
Dien thoai,Galaxy S24,5,100629088.26
Dien thoai,Oppo Reno,1,18543041.18
Laptop,MacBook Air,2,63305459.32
Dien thoai,Oppo Reno,2,37729389.52
Laptop,Dell XPS 13,5,182003755.48
Tivi,LG OLED,3,50392601.58
Tivi,Samsung QLED,5,85769319.61
Laptop,Dell XPS 13,5,179977417.3
Gia dung,Noi chien,3,14353850.93
Laptop,ThinkPad X1,4,139470597.85
Gia dung,Robot hut bui,2,11385159.57
Tivi,Sony Bravia,2,27062337.11
Phu kien,Sac nhanh,3,1338595.8
Phu kien,Chuot khong day,3,1334953.81
Laptop,MacBook Air,5,137930038.96
Laptop,Dell XPS 13,4,145381661.66
Laptop,ThinkPad X1,2,63877112.46
Gia dung,May loc khong khi,1,4335673.84
Laptop,Dell XPS 13,5,173370154.5
Phu kien,Sac nhanh,1,411420.95
Phu kien,Chuot khong day,4,1700432.34
Tivi,Sony Bravia,5,65217537.03
Laptop,Dell XPS 13,3,103304380.94
Gia dung,May loc khong khi,2,8500824.53
Dien thoai,Galaxy S24,5,89744009.64
Laptop,ThinkPad X1,5,156354684.42
Laptop,Dell XPS 13,3,100475463.83
Laptop,Dell XPS 13,3,98720595.37
Phu kien,Chuot khong day,2,711854.63
Laptop,ThinkPad X1,4,123283202.37
Laptop,ThinkPad X1,3,109459963.04
Tivi,Samsung QLED,5,78343449.42
Gia dung,May loc khong khi,3,13079364.29
Dien thoai,iPhone 15,2,36756490.99
Tivi,Samsung QLED,1,15828184.92
Laptop,ThinkPad X1,1,30228333.03
Phu kien,Op lung,0,0.0
Tivi,Sony Bravia,1,15715240.84
Laptop,MacBook Air,3,88212174.23
Tivi,LG OLED,4,62614542.95
Gia dung,Noi chien,2,10065765.96
Gia dung,Robot hut bui,5,28425869.49
Phu kien,Chuot khong day,3,1311968.04
Phu kien,Tai nghe,4,1657175.91
Laptop,Dell XPS 13,0,0.0
Tivi,Sony Bravia,1,14816634.01
Gia dung,May loc khong khi,4,17055270.62
Tivi,LG OLED,5,82618370.79
Laptop,MacBook Air,5,171854570.41
Tivi,Sony Bravia,1,15937987.25
Laptop,ThinkPad X1,3,106677851.69
Dien thoai,Xiaomi 14,4,69376383.33
Laptop,MacBook Air,3,97516396.78
Tivi,Samsung QLED,4,54781698.37
Laptop,ThinkPad X1,5,138366925.02
Gia dung,Robot hut bui,0,0.0
Phu kien,Tai nghe,5,1756171.9
Gia dung,May loc khong khi,1,4843134.04
Gia dung,Noi chien,5,26599002.74
Dien thoai,Oppo Reno,2,41008460.11
Gia dung,May loc khong khi,4,17518678.55
Dien thoai,iPhone 15,1,20004836.46
Gia dung,Robot hut bui,1,5187504.39
Phu kien,Chuot khong day,1,427681.92
Laptop,MacBook Air,5,182400677.61
Gia dung,May loc khong khi,0,0.0
Tivi,Sony Bravia,1,12889156.17
Tivi,Sony Bravia,4,52160462.23
Phu kien,Sac nhanh,1,390261.29
Phu kien,Chuot khong day,4,1610276.21
Gia dung,May loc khong khi,1,5102048.89
Laptop,MacBook Air,3,92445491.57
Dien thoai,Oppo Reno,3,55394298.53
Phu kien,Sac nhanh,5,2229116.97
Phu kien,Sac nhanh,3,1046097.07
Laptop,MacBook Air,1,33264716.22
Tivi,Samsung QLED,2,30911473.73
Tivi,Sony Bravia,3,47621455.85
Phu kien,Tai nghe,3,1316733.22
Gia dung,Noi chien,2,9178438.3
Gia dung,Robot hut bui,1,5099207.88
Gia dung,Robot hut bui,4,20716742.72
Dien thoai,iPhone 15,5,96914164.75
Tivi,Samsung QLED,1,15946285.63
Laptop,MacBook Air,4,127574039.47
Dien thoai,Galaxy S24,3,56839552.72
Dien thoai,Galaxy S24,0,0.0
Tivi,Samsung QLED,3,51568768.46
Tivi,Samsung QLED,2,28696167.53
Laptop,MacBook Air,2,68939048.31
Gia dung,May loc khong khi,5,26586569.27
Laptop,Dell XPS 13,2,65572948.33
Laptop,ThinkPad X1,3,106398478.96
Gia dung,Robot hut bui,5,21913577.01
Gia dung,Robot hut bui,4,20878982.64
Dien thoai,Xiaomi 14,1,16118691.08
Dien thoai,Xiaomi 14,4,72887221.98
Gia dung,Robot hut bui,2,10237365.16
Gia dung,Noi chien,4,21149581.99
Phu kien,Sac nhanh,3,1121991.4
Gia dung,Robot hut bui,1,4432963.83
Phu kien,Tai nghe,1,347996.3
Dien thoai,Xiaomi 14,1,17324685.84
Gia dung,Noi chien,1,4781767.51
Gia dung,Robot hut bui,2,11067161.9
Laptop,MacBook Air,5,149290941.34
Phu kien,Tai nghe,1,413095.61
Phu kien,Sac nhanh,3,1350256.48
Phu kien,Chuot khong day,3,1165227.0
Phu kien,Chuot khong day,4,1796738.66
Dien thoai,Oppo Reno,3,53069098.67
Tivi,Samsung QLED,1,13314802.15
Gia dung,May loc khong khi,5,25216998.22
Laptop,MacBook Air,4,146002706.65
Phu kien,Tai nghe,4,1460401.98
Laptop,ThinkPad X1,5,147435588.37
Tivi,LG OLED,4,51648466.69
Gia dung,May loc khong khi,3,13370794.31
Dien thoai,Xiaomi 14,5,103208035.57
Gia dung,Noi chien,4,18899271.83
Dien thoai,Oppo Reno,1,20416699.88
Dien thoai,Oppo Reno,3,50869381.87
Phu kien,Tai nghe,3,1196812.11
Phu kien,Chuot khong day,1,412705.62
Gia dung,Robot hut bui,3,16310938.59
Tivi,Sony Bravia,1,17123861.07
Phu kien,Op lung,2,843532.76
Phu kien,Op lung,0,0.0
Laptop,Dell XPS 13,2,62140111.73
Gia dung,May loc khong khi,3,13422690.29
Laptop,Dell XPS 13,1,29271714.19
Phu kien,Sac nhanh,4,1779002.04
Phu kien,Sac nhanh,4,1556309.84
Gia dung,Robot hut bui,4,22309466.73
Gia dung,Robot hut bui,3,15957392.76
Gia dung,Noi chien,3,15377168.8
Tivi,Samsung QLED,4,64135599.53
Laptop,Dell XPS 13,3,104356957.08
Phu kien,Tai nghe,4,1379722.01
Phu kien,Op lung,5,2190756.31
Tivi,LG OLED,4,62810482.65
Gia dung,Robot hut bui,4,18964474.06
Tivi,Samsung QLED,2,30183627.92
Laptop,ThinkPad X1,4,142633610.35
Laptop,MacBook Air,5,149588356.94
Laptop,MacBook Air,5,138209123.44
Laptop,Dell XPS 13,3,82809166.34
Laptop,Dell XPS 13,2,63136681.03
Dien thoai,iPhone 15,2,35314081.5
Laptop,ThinkPad X1,2,67342476.37
Dien thoai,Xiaomi 14,5,99790955.71
Dien thoai,Oppo Reno,0,0.0
Dien thoai,iPhone 15,4,69337938.36
Gia dung,Noi chien,5,21935869.65
Tivi,Samsung QLED,1,14331613.95
Gia dung,May loc khong khi,1,5198939.83
Phu kien,Op lung,3,1102452.35
Gia dung,Noi chien,0,0.0
Dien thoai,Galaxy S24,1,15882753.5
Tivi,Samsung QLED,3,43969122.85
Gia dung,Robot hut bui,5,22225044.76
Tivi,Samsung QLED,4,62973754.78
Gia dung,Robot hut bui,4,20824059.26
Phu kien,Chuot khong day,3,1207488.1
Dien thoai,Xiaomi 14,3,60330372.5
Tivi,Sony Bravia,3,42747675.02
Dien thoai,Oppo Reno,4,79217764.43
Phu kien,Chuot khong day,3,1200601.47
Tivi,Sony Bravia,1,14013819.45
Dien thoai,Galaxy S24,3,51939506.29
Phu kien,Tai nghe,3,1176732.6
Phu kien,Sac nhanh,1,387675.24
Phu kien,Tai nghe,3,1063980.82
Laptop,ThinkPad X1,2,68172163.22
Laptop,Dell XPS 13,5,140515633.15
Phu kien,Op lung,5,2158950.9
Dien thoai,iPhone 15,4,70309569.49
Phu kien,Chuot khong day,5,2255673.15
Laptop,MacBook Air,4,128587269.15
Dien thoai,Xiaomi 14,3,50272744.23
Phu kien,Tai nghe,5,2070762.96
Dien thoai,Galaxy S24,1,15320116.26
Tivi,LG OLED,5,73509203.17
Gia dung,May loc khong khi,2,8669487.92
Tivi,Sony Bravia,4,54713415.78
Tivi,Samsung QLED,1,14933418.5
Dien thoai,Xiaomi 14,4,71408321.16
Tivi,Samsung QLED,1,13990065.84
Laptop,MacBook Air,3,83458617.16
Laptop,MacBook Air,4,140398398.86
Tivi,LG OLED,4,51214280.52
Phu kien,Sac nhanh,3,1286110.33
Dien thoai,iPhone 15,1,17149491.15
Laptop,MacBook Air,5,144869495.77
Tivi,Samsung QLED,2,28393273.84
Dien thoai,Galaxy S24,2,38375084.48
Gia dung,Noi chien,5,26742775.37
Laptop,MacBook Air,2,56433897.77
Tivi,Samsung QLED,5,67191120.13
Gia dung,Noi chien,1,5492655.03
Phu kien,Chuot khong day,1,355412.82
Gia dung,Robot hut bui,5,27494837.21
Gia dung,Noi chien,1,5524474.59
Gia dung,May loc khong khi,1,5378402.99
Laptop,MacBook Air,1,28410428.28
Tivi,Sony Bravia,0,0.0
Gia dung,Noi chien,0,0.0
Dien thoai,iPhone 15,4,69700874.65
Dien thoai,Galaxy S24,3,54339433.31
Gia dung,May loc khong khi,2,9778975.92
Dien thoai,Oppo Reno,1,17492423.64
Phu kien,Sac nhanh,3,1363494.01
Dien thoai,Galaxy S24,3,57825905.16
Gia dung,Noi chien,4,18559625.44
Dien thoai,Oppo Reno,3,54335264.05
Laptop,ThinkPad X1,1,36274479.2
Laptop,Dell XPS 13,1,31490864.63
Phu kien,Chuot khong day,1,380006.37
Phu kien,Chuot khong day,5,1807911.07
Dien thoai,iPhone 15,1,19098791.34
Phu kien,Chuot khong day,1,371820.49
Tivi,Sony Bravia,3,51442117.64
Dien thoai,Oppo Reno,0,0.0
Tivi,LG OLED,2,32477343.84
Phu kien,Chuot khong day,1,377015.7
Tivi,Sony Bravia,5,81735633.41
Tivi,Sony Bravia,3,42355166.93
Gia dung,Robot hut bui,4,21998669.83
Gia dung,Noi chien,5,24277741.61
Tivi,LG OLED,2,31057102.71
Gia dung,Noi chien,4,18702100.88
Gia dung,Robot hut bui,2,8991596.86
Laptop,MacBook Air,1,30809985.58
Phu kien,Op lung,4,1574425.22
Gia dung,Robot hut bui,3,15319931.57
Laptop,ThinkPad X1,3,108529950.98
Tivi,Sony Bravia,5,83700204.97
Dien thoai,Xiaomi 14,2,37089502.52
Laptop,ThinkPad X1,0,0.0
Gia dung,Noi chien,5,23795032.2
Phu kien,Op lung,3,1194413.13
Phu kien,Op lung,2,741022.33
Tivi,Sony Bravia,1,17083315.02
Gia dung,May loc khong khi,2,8901391.92
Dien thoai,Galaxy S24,1,17139420.02
Gia dung,May loc khong khi,5,21510348.27
Dien thoai,Galaxy S24,5,78589014.89
Phu kien,Tai nghe,3,1228030.8
Gia dung,Robot hut bui,2,9675993.54
Phu kien,Op lung,3,1294543.75
Laptop,MacBook Air,2,62102703.07
Dien thoai,Xiaomi 14,3,49063548.72
Laptop,Dell XPS 13,4,143608456.69
Phu kien,Op lung,5,1709850.58
Laptop,Dell XPS 13,4,146515231.0
Gia dung,May loc khong khi,2,9667200.92
Gia dung,Robot hut bui,3,16866827.58
Laptop,ThinkPad X1,5,144936123.82
Laptop,ThinkPad X1,3,83582060.5
Phu kien,Op lung,3,1244877.71
Dien thoai,Galaxy S24,4,68306464.42
Laptop,Dell XPS 13,3,104967594.23
Gia dung,May loc khong khi,5,27804972.42
Dien thoai,Galaxy S24,5,98901307.44
Phu kien,Chuot khong day,5,1965795.89
Dien thoai,iPhone 15,2,30902604.16
Laptop,Dell XPS 13,5,163483853.71
Laptop,ThinkPad X1,1,33947827.57
Laptop,MacBook Air,5,142948225.64
Laptop,MacBook Air,4,138745473.87
Gia dung,Noi chien,1,4699021.53
Laptop,ThinkPad X1,3,99436611.48
Laptop,MacBook Air,3,100866365.26
Tivi,Sony Bravia,5,84666955.65
Tivi,Samsung QLED,5,79333368.94
Laptop,MacBook Air,4,113235381.23
Laptop,Dell XPS 13,3,108256746.53
Phu kien,Chuot khong day,4,1828993.72
Gia dung,Robot hut bui,1,4431862.6
Gia dung,May loc khong khi,5,22012388.96
Dien thoai,Xiaomi 14,3,54676107.83
Phu kien,Chuot khong day,3,1257405.61
Phu kien,Tai nghe,3,1304586.39
Gia dung,May loc khong khi,1,4967587.22
Dien thoai,Oppo Reno,3,61838825.1
Gia dung,Noi chien,5,24241043.53
Gia dung,Robot hut bui,3,13689901.78
Gia dung,Robot hut bui,3,16089368.91
Phu kien,Tai nghe,2,880310.53
Phu kien,Sac nhanh,2,705565.33
Phu kien,Sac nhanh,3,1296607.6
Dien thoai,iPhone 15,1,19802632.14
Phu kien,Chuot khong day,3,1148924.11
Gia dung,May loc khong khi,5,21837044.16
Tivi,Sony Bravia,3,46570581.85
Laptop,Dell XPS 13,0,0.0
Phu kien,Op lung,3,1325878.89
Gia dung,May loc khong khi,5,24076090.59
Tivi,Sony Bravia,1,15075189.99
Dien thoai,iPhone 15,5,80167250.47
Phu kien,Op lung,4,1560314.51
Dien thoai,iPhone 15,3,53849898.41
Laptop,MacBook Air,3,102400199.76
Phu kien,Op lung,3,1117259.47
Laptop,Dell XPS 13,5,139947200.7
Phu kien,Sac nhanh,4,1624387.37
Tivi,Samsung QLED,2,33445833.62
Laptop,ThinkPad X1,4,131914057.42
Laptop,Dell XPS 13,2,55389907.36
Phu kien,Op lung,2,709100.17
Tivi,LG OLED,1,15075599.04
Dien thoai,iPhone 15,5,83958943.17
Gia dung,May loc khong khi,3,13432383.66
Phu kien,Chuot khong day,2,695983.98
Tivi,LG OLED,5,80847003.87
Dien thoai,Xiaomi 14,4,80982042.68
Phu kien,Op lung,2,856359.36
Tivi,Samsung QLED,5,68994409.85
Laptop,Dell XPS 13,3,102092283.07
Laptop,ThinkPad X1,3,107048169.52
Gia dung,Robot hut bui,0,0.0
Laptop,MacBook Air,5,160889069.65
Phu kien,Op lung,2,887427.42
Phu kien,Sac nhanh,4,1655572.24
Dien thoai,Oppo Reno,4,66644763.95
Tivi,Sony Bravia,2,27135982.07
Laptop,ThinkPad X1,1,34628562.4
Tivi,LG OLED,0,0.0
Laptop,MacBook Air,1,36057441.07
Dien thoai,Galaxy S24,1,18662512.53
Phu kien,Sac nhanh,1,358284.79
Dien thoai,Xiaomi 14,3,50275239.57
Gia dung,Robot hut bui,3,15430776.32
Laptop,ThinkPad X1,0,0.0
Dien thoai,Galaxy S24,5,98227131.94
Phu kien,Chuot khong day,2,838949.32
Gia dung,May loc khong khi,5,25686592.98
Laptop,ThinkPad X1,0,0.0
Tivi,Sony Bravia,5,77649105.03
Gia dung,Noi chien,5,26180463.45
Phu kien,Op lung,5,1765360.61
Gia dung,May loc khong khi,3,15523151.44
Gia dung,Noi chien,2,9365423.66
Dien thoai,Xiaomi 14,2,30715285.3
Dien thoai,Galaxy S24,5,79184849.29
Laptop,Dell XPS 13,4,121267884.25
Laptop,Dell XPS 13,3,84431023.88
Phu kien,Tai nghe,5,1954137.27
Tivi,Sony Bravia,4,64312163.2
Dien thoai,Galaxy S24,3,52781570.6
Dien thoai,Galaxy S24,3,59900744.53
Dien thoai,iPhone 15,1,19866052.43
Tivi,Samsung QLED,5,68033978.1
Gia dung,Noi chien,2,10859187.92
Tivi,Samsung QLED,2,30178882.48
Phu kien,Op lung,0,0.0
Laptop,MacBook Air,3,93454312.25
Tivi,LG OLED,1,14989775.7
Tivi,Samsung QLED,2,34417082.83
Phu kien,Sac nhanh,5,2252395.62
Dien thoai,iPhone 15,3,53464277.75
Phu kien,Tai nghe,5,1986646.14
Tivi,Samsung QLED,1,15158750.18
Laptop,Dell XPS 13,1,28713033.36
Laptop,ThinkPad X1,3,107400097.78
Laptop,Dell XPS 13,4,115836732.51
Phu kien,Op lung,1,368367.01
Laptop,ThinkPad X1,3,98444221.92
Gia dung,May loc khong khi,5,25265656.8
Laptop,MacBook Air,3,91840900.75
Dien thoai,iPhone 15,0,0.0
Tivi,Sony Bravia,3,43272978.11
Laptop,Dell XPS 13,5,164344621.46
Laptop,Dell XPS 13,1,34686654.33
Dien thoai,iPhone 15,5,98319083.58
Laptop,ThinkPad X1,5,161996806.74
Gia dung,May loc khong khi,2,10543205.63
Laptop,MacBook Air,4,112103989.68
Tivi,LG OLED,4,60541882.7
Tivi,Sony Bravia,3,39855953.35
Laptop,MacBook Air,4,111099861.84
Tivi,Samsung QLED,3,40226763.97
Tivi,LG OLED,5,81669043.71
Laptop,Dell XPS 13,2,72225050.47
Laptop,MacBook Air,0,0.0
Dien thoai,Galaxy S24,4,73034286.57
Dien thoai,Xiaomi 14,3,54215256.46
Phu kien,Sac nhanh,4,1679863.84
Gia dung,Noi chien,5,24082116.43
Laptop,Dell XPS 13,2,63018824.41
Dien thoai,Xiaomi 14,1,18490076.54
Phu kien,Op lung,0,0.0
Phu kien,Chuot khong day,4,1647324.55
Dien thoai,Oppo Reno,1,19443049.32
Tivi,Sony Bravia,4,60608033.49
Gia dung,May loc khong khi,0,0.0
Laptop,MacBook Air,2,68939793.67
Phu kien,Op lung,4,1504331.14
Phu kien,Chuot khong day,2,737199.2
Gia dung,Robot hut bui,3,16744783.29
Tivi,Sony Bravia,4,51486765.31
Tivi,LG OLED,4,62815272.36
Dien thoai,Oppo Reno,1,20608274.15
Dien thoai,Galaxy S24,2,33514706.31
Laptop,MacBook Air,5,166020632.69
Dien thoai,iPhone 15,3,60652173.89
Tivi,Sony Bravia,4,51787395.98
Phu kien,Tai nghe,4,1678925.42
Gia dung,Robot hut bui,4,18883581.69
Dien thoai,Galaxy S24,2,32566357.86
Laptop,MacBook Air,3,87100958.01
Laptop,ThinkPad X1,3,106344777.97
Tivi,LG OLED,1,14129876.61
Phu kien,Sac nhanh,1,352752.88
Dien thoai,Galaxy S24,1,18938982.14
Tivi,Samsung QLED,4,55854932.48
Laptop,MacBook Air,3,84669553.99
Gia dung,Noi chien,2,9717246.07
Phu kien,Sac nhanh,3,1217835.25
Dien thoai,iPhone 15,1,15464755.93
Phu kien,Op lung,2,790291.46
Laptop,ThinkPad X1,2,68065530.09
Tivi,Samsung QLED,4,63402853.28
Laptop,ThinkPad X1,4,140637014.21
Phu kien,Sac nhanh,3,1098196.33
Laptop,MacBook Air,1,30332784.57
Dien thoai,Galaxy S24,5,82553795.72
Dien thoai,Galaxy S24,2,32571808.3
Gia dung,Noi chien,2,11478409.41
Tivi,Sony Bravia,0,0.0
Phu kien,Chuot khong day,2,839625.06
Tivi,LG OLED,3,40236580.76
Tivi,LG OLED,5,82018229.93
Laptop,Dell XPS 13,1,35254071.81
Tivi,LG OLED,5,75554146.93
Phu kien,Sac nhanh,5,2185657.66
Laptop,MacBook Air,2,67976477.19
Tivi,Sony Bravia,4,58984567.96
Dien thoai,Xiaomi 14,1,19652315.45
Tivi,LG OLED,4,59984844.9
Tivi,Sony Bravia,2,29910673.7
Gia dung,Noi chien,1,5630925.22
Phu kien,Op lung,2,828752.63
Tivi,LG OLED,3,40500719.69
Laptop,MacBook Air,1,29829059.33
Phu kien,Chuot khong day,4,1492866.0
Dien thoai,Xiaomi 14,2,31125174.12
Phu kien,Tai nghe,5,1796670.58
Laptop,Dell XPS 13,4,128027938.89
Phu kien,Op lung,3,1177801.54
Laptop,MacBook Air,1,32834412.43
Phu kien,Chuot khong day,4,1688351.93
Dien thoai,Galaxy S24,4,71706330.93
Tivi,Sony Bravia,5,71683423.63
Phu kien,Op lung,3,1049183.06
Laptop,ThinkPad X1,4,140082337.25
Laptop,MacBook Air,4,132351808.88
Laptop,Dell XPS 13,3,105942238.3
Gia dung,Noi chien,2,9888468.07
Phu kien,Tai nghe,3,1311694.8
Laptop,ThinkPad X1,1,33990601.45
Laptop,ThinkPad X1,0,0.0
Tivi,Samsung QLED,4,58945498.78
Laptop,MacBook Air,3,100303649.5
Laptop,Dell XPS 13,2,70752296.91
Gia dung,May loc khong khi,4,17974006.71
Gia dung,May loc khong khi,2,9562803.63
Tivi,LG OLED,5,66588580.92
Laptop,Dell XPS 13,3,100356836.75
Phu kien,Tai nghe,5,2236717.62
Laptop,ThinkPad X1,0,0.0
Phu kien,Chuot khong day,4,1722616.04
Gia dung,Noi chien,0,0.0
Dien thoai,Xiaomi 14,1,19868161.87
Gia dung,May loc khong khi,2,11177620.05
Tivi,Sony Bravia,1,14387824.39
Gia dung,Noi chien,0,0.0
Phu kien,Op lung,4,1382169.49
Tivi,LG OLED,4,66732995.66
Dien thoai,Xiaomi 14,1,15403515.15
Gia dung,Noi chien,5,21624997.72
Phu kien,Chuot khong day,2,849925.59
Laptop,Dell XPS 13,3,97304706.15
Gia dung,May loc khong khi,5,21396011.71
Laptop,MacBook Air,5,170241587.85
Gia dung,Noi chien,5,22171881.3
Laptop,MacBook Air,2,60570826.64
Phu kien,Chuot khong day,5,1880082.9
Laptop,MacBook Air,2,68342894.27
Gia dung,Robot hut bui,5,27620072.62
Tivi,Sony Bravia,5,67320433.99
Dien thoai,iPhone 15,4,68328412.16
Tivi,Sony Bravia,5,78760371.11
Dien thoai,Galaxy S24,2,38534801.57
Tivi,LG OLED,3,44806050.13
Gia dung,May loc khong khi,1,4410698.81
Gia dung,Robot hut bui,4,20196275.55
Tivi,Sony Bravia,3,42708144.23
Tivi,Samsung QLED,3,48721532.7
Laptop,MacBook Air,5,145198969.76
Gia dung,May loc khong khi,0,0.0
Dien thoai,Galaxy S24,4,74435794.04
Dien thoai,Oppo Reno,4,74095085.15
Tivi,Samsung QLED,4,55077790.39
Dien thoai,Galaxy S24,4,76840040.04
Dien thoai,Oppo Reno,2,31527753.72
Phu kien,Chuot khong day,5,2219496.46
Dien thoai,Xiaomi 14,5,99929106.59
Dien thoai,Xiaomi 14,2,33296743.9
Gia dung,Noi chien,5,26665895.53
Gia dung,May loc khong khi,4,20514601.52
Gia dung,May loc khong khi,1,5154318.71
Dien thoai,iPhone 15,2,31858708.1
Tivi,LG OLED,0,0.0
Dien thoai,Oppo Reno,2,37521693.31
Tivi,Samsung QLED,4,56631318.89
Laptop,ThinkPad X1,3,83272522.22
Laptop,Dell XPS 13,1,30965785.91
Phu kien,Chuot khong day,2,696057.75
Laptop,ThinkPad X1,4,135322938.72
Phu kien,Sac nhanh,1,420612.47
Tivi,LG OLED,3,50746226.84
Tivi,Samsung QLED,0,0.0
Dien thoai,Oppo Reno,4,61743427.7
Gia dung,Noi chien,2,9576845.68
Tivi,Samsung QLED,3,45774163.82
Tivi,Sony Bravia,1,15294494.63
Tivi,Sony Bravia,5,76448060.9
Gia dung,Noi chien,5,24750353.02
Phu kien,Sac nhanh,3,1122135.34
Dien thoai,iPhone 15,3,52197149.63
Phu kien,Tai nghe,5,2288460.28
Dien thoai,Galaxy S24,3,52458349.37
Phu kien,Sac nhanh,4,1479599.96
Laptop,ThinkPad X1,3,83786214.35
Dien thoai,Oppo Reno,5,81536458.94
Gia dung,Noi chien,2,10513447.44
Phu kien,Op lung,1,390869.99
Gia dung,Robot hut bui,4,21064376.71
Phu kien,Tai nghe,4,1554114.09
Dien thoai,iPhone 15,3,54084025.51
Gia dung,Noi chien,2,11303691.29
Laptop,MacBook Air,3,103162152.56
Tivi,Sony Bravia,2,25776724.68
Dien thoai,Galaxy S24,5,100293053.6
Phu kien,Tai nghe,2,804299.03
Dien thoai,iPhone 15,1,15738156.6
Phu kien,Sac nhanh,5,1953122.87
Phu kien,Sac nhanh,3,1039913.05
Dien thoai,iPhone 15,3,46499965.13
Tivi,Sony Bravia,5,65966124.52
Dien thoai,Oppo Reno,2,31903043.73
Laptop,Dell XPS 13,0,0.0
Phu kien,Chuot khong day,3,1288151.38
Laptop,Dell XPS 13,2,69838350.59
Dien thoai,iPhone 15,3,55667964.92
Laptop,MacBook Air,2,67791118.74
Laptop,Dell XPS 13,2,71791339.67
Phu kien,Op lung,0,0.0
Phu kien,Chuot khong day,2,912233.66
Tivi,LG OLED,3,43088827.62
Dien thoai,Oppo Reno,2,38066327.34
Phu kien,Sac nhanh,4,1480637.02
Laptop,Dell XPS 13,1,34048572.54
Dien thoai,Xiaomi 14,1,19940602.7
Dien thoai,Oppo Reno,3,51916576.41
Laptop,MacBook Air,4,128063298.1
Laptop,MacBook Air,4,119402540.37
Laptop,Dell XPS 13,3,108459252.79
Gia dung,Noi chien,4,22813255.3
Laptop,ThinkPad X1,3,85147936.1
Gia dung,Robot hut bui,0,0.0
Dien thoai,iPhone 15,5,98057564.95
Laptop,ThinkPad X1,1,28095004.77
Tivi,Sony Bravia,2,29583677.05
Gia dung,Robot hut bui,2,10342080.68
Gia dung,May loc khong khi,2,9321230.17
Gia dung,Robot hut bui,2,10977531.74
Phu kien,Sac nhanh,0,0.0
Laptop,ThinkPad X1,3,86798300.68
Tivi,LG OLED,3,45362762.38
Laptop,ThinkPad X1,4,120349673.28
Dien thoai,iPhone 15,2,35782232.48
Gia dung,Robot hut bui,5,26177167.2
Laptop,Dell XPS 13,3,106426842.08
Dien thoai,Galaxy S24,5,92266786.35
Tivi,Samsung QLED,4,52809474.98
Gia dung,May loc khong khi,4,19113763.66
Phu kien,Tai nghe,4,1648893.56
Tivi,LG OLED,4,67557793.07
Tivi,LG OLED,2,27765636.43
Phu kien,Op lung,4,1723304.79
Dien thoai,Oppo Reno,0,0.0
Phu kien,Sac nhanh,4,1447147.54
Tivi,Sony Bravia,2,29490351.39
Gia dung,Noi chien,1,4517830.25
Laptop,MacBook Air,2,72125332.08
Dien thoai,Galaxy S24,3,62012639.37
Laptop,ThinkPad X1,3,106869610.92
Laptop,ThinkPad X1,2,59449819.69
Gia dung,May loc khong khi,3,13269587.17
Laptop,ThinkPad X1,3,99483206.67
Dien thoai,Oppo Reno,5,78130207.88
Dien thoai,Galaxy S24,3,61818981.85
Dien thoai,iPhone 15,5,77083195.87
Phu kien,Chuot khong day,5,1788983.02
Dien thoai,Oppo Reno,3,58164869.77
Dien thoai,Xiaomi 14,1,16936764.6
Laptop,MacBook Air,3,82174143.36
Gia dung,May loc khong khi,2,10421541.66
Phu kien,Chuot khong day,3,1209079.09
Dien thoai,iPhone 15,4,77412374.59
Dien thoai,Oppo Reno,1,17880455.58
Laptop,MacBook Air,3,91377902.7
Tivi,LG OLED,2,27354687.61
Gia dung,May loc khong khi,3,13796942.95
Dien thoai,Oppo Reno,1,16392974.7
Laptop,ThinkPad X1,2,71496811.79
Phu kien,Op lung,1,378625.3
Phu kien,Chuot khong day,4,1623327.24
Phu kien,Sac nhanh,4,1825128.33
Gia dung,Robot hut bui,3,16553293.18
Gia dung,Noi chien,1,4873826.25
Tivi,Sony Bravia,1,13438443.04
Phu kien,Tai nghe,5,1989683.8
Tivi,LG OLED,1,13881933.09
Laptop,ThinkPad X1,4,133618026.26
Tivi,LG OLED,4,61879034.81
Phu kien,Sac nhanh,3,1190886.79
Phu kien,Chuot khong day,5,1813538.65
Gia dung,May loc khong khi,1,5539764.52
Laptop,ThinkPad X1,1,28114447.98
Gia dung,Robot hut bui,1,5002338.79
Phu kien,Sac nhanh,3,1296194.56
Laptop,MacBook Air,3,91615106.29
Tivi,Sony Bravia,0,0.0
Gia dung,Noi chien,3,15502453.92
Laptop,ThinkPad X1,1,36642766.88
Phu kien,Sac nhanh,1,356739.62
Phu kien,Op lung,3,1041427.46
Tivi,Samsung QLED,3,42683655.31
Tivi,LG OLED,4,61480339.03
Laptop,MacBook Air,3,110220222.88
Gia dung,Robot hut bui,1,4640040.72
Gia dung,Robot hut bui,1,4962629.15
Laptop,ThinkPad X1,2,54672439.23
Dien thoai,iPhone 15,2,32851994.81
Dien thoai,Xiaomi 14,3,57184220.51
Gia dung,Robot hut bui,1,5396264.66
Laptop,MacBook Air,3,102691981.98
Dien thoai,Galaxy S24,5,78457333.1
Gia dung,Robot hut bui,4,19356796.03
Dien thoai,Xiaomi 14,0,0.0
Dien thoai,Xiaomi 14,2,37834284.23
Dien thoai,Xiaomi 14,5,94865633.9
Dien thoai,iPhone 15,4,63725915.32
Tivi,Sony Bravia,5,82659321.97
Gia dung,May loc khong khi,4,20477706.71
Phu kien,Sac nhanh,4,1639983.21
Phu kien,Chuot khong day,4,1603408.39
Gia dung,Robot hut bui,5,28298327.25
Laptop,Dell XPS 13,2,59046925.78
Gia dung,Noi chien,5,27342408.92
Dien thoai,Xiaomi 14,4,72039301.59
Tivi,LG OLED,4,54562920.35
Phu kien,Tai nghe,1,350934.58
Phu kien,Tai nghe,2,851587.99
Tivi,Sony Bravia,5,79023890.34
Laptop,MacBook Air,1,35382737.3
Gia dung,Robot hut bui,0,0.0
Laptop,Dell XPS 13,2,60652933.69
Laptop,ThinkPad X1,4,135930900.58
Dien thoai,iPhone 15,0,0.0
Tivi,LG OLED,1,15235441.07
Dien thoai,Xiaomi 14,3,54848231.23
Laptop,MacBook Air,1,27339097.66
Gia dung,May loc khong khi,5,25353646.97
Laptop,MacBook Air,1,34000436.61
Gia dung,May loc khong khi,5,24599398.5
Dien thoai,Xiaomi 14,5,94163833.63
Gia dung,Noi chien,3,12837231.72
Laptop,MacBook Air,3,102806643.17
Gia dung,Noi chien,3,15021147.8
Dien thoai,iPhone 15,2,32158306.51
Tivi,Sony Bravia,0,0.0
Tivi,LG OLED,3,50331769.02
Dien thoai,Oppo Reno,5,87560811.69
Laptop,ThinkPad X1,5,152522295.98
Dien thoai,Xiaomi 14,3,46430321.6
Laptop,MacBook Air,4,119398157.51
Laptop,Dell XPS 13,4,143401799.1
Phu kien,Tai nghe,0,0.0
Tivi,Samsung QLED,2,25569390.13
Tivi,Sony Bravia,3,42412348.12
Tivi,Sony Bravia,1,16349861.07
Gia dung,Noi chien,2,11157674.87
Tivi,LG OLED,4,58699978.32
Phu kien,Chuot khong day,4,1767298.41
Gia dung,May loc khong khi,4,21334458.56
Phu kien,Tai nghe,2,746722.19
Gia dung,Robot hut bui,2,10324310.14
Dien thoai,Oppo Reno,4,74447991.59
Laptop,MacBook Air,1,33031420.96
Laptop,Dell XPS 13,3,99692941.72
Gia dung,May loc khong khi,5,22964179.46
Phu kien,Sac nhanh,4,1384523.58
Gia dung,May loc khong khi,3,16037522.87
Gia dung,May loc khong khi,2,8715455.45
Gia dung,Noi chien,4,20080992.0
Tivi,LG OLED,3,39757685.24
Tivi,LG OLED,5,70660967.35
Tivi,LG OLED,1,17098468.15
Tivi,Sony Bravia,5,68753655.71
Laptop,MacBook Air,4,134316865.56
Tivi,Sony Bravia,1,13127537.57
Laptop,ThinkPad X1,1,36082662.08
Laptop,Dell XPS 13,4,113236527.37
Gia dung,Noi chien,1,4517241.33
Dien thoai,iPhone 15,4,74976675.69
Tivi,LG OLED,3,50347329.31
Dien thoai,Galaxy S24,3,58441631.89
Laptop,Dell XPS 13,2,54616212.98
Phu kien,Chuot khong day,4,1371083.81
Phu kien,Chuot khong day,5,2224669.97
Laptop,ThinkPad X1,3,99090721.31
Gia dung,Noi chien,0,0.0
Phu kien,Sac nhanh,5,2075092.68
Dien thoai,Oppo Reno,3,47266720.59
Phu kien,Sac nhanh,2,680985.99
Gia dung,Noi chien,4,20750103.74
Gia dung,Noi chien,1,4549413.92
Laptop,Dell XPS 13,4,119796003.91
Gia dung,Robot hut bui,2,9953930.84
Tivi,Samsung QLED,3,45273490.13
Gia dung,Noi chien,5,27311924.89
Dien thoai,iPhone 15,3,51027091.43
Dien thoai,Galaxy S24,5,77910421.86
Phu kien,Tai nghe,1,449206.61
Dien thoai,Oppo Reno,2,32619837.35
Dien thoai,Xiaomi 14,3,50312801.71
Tivi,Sony Bravia,4,67540002.84
Dien thoai,iPhone 15,5,99822741.46
Laptop,Dell XPS 13,0,0.0
Laptop,Dell XPS 13,5,165122793.16
Phu kien,Tai nghe,4,1758216.87
Phu kien,Chuot khong day,5,1883875.59
Phu kien,Sac nhanh,3,1187138.72
Gia dung,Noi chien,2,10163693.84
Phu kien,Op lung,1,421144.53
Tivi,Sony Bravia,3,38513566.57
Gia dung,Robot hut bui,2,8922631.94
Tivi,LG OLED,5,76505829.41
Tivi,LG OLED,2,25607423.49
Gia dung,May loc khong khi,5,22453397.5
Dien thoai,Oppo Reno,1,17239343.22
Gia dung,Robot hut bui,3,13436376.45
Phu kien,Chuot khong day,1,386496.55
Phu kien,Chuot khong day,5,1799804.48
Dien thoai,Galaxy S24,3,60863826.59
Laptop,MacBook Air,5,175880424.55
Dien thoai,Oppo Reno,2,39043998.76
Laptop,MacBook Air,1,31544085.42
Laptop,MacBook Air,4,119903960.33
Tivi,LG OLED,2,34041498.39
Tivi,Sony Bravia,1,14095212.84
Phu kien,Op lung,1,440090.39
Phu kien,Sac nhanh,2,797382.74
Phu kien,Chuot khong day,2,689515.97
Gia dung,Robot hut bui,5,21462545.47
Gia dung,May loc khong khi,3,15865144.91
Phu kien,Op lung,5,2066354.24
Dien thoai,Galaxy S24,2,35749896.07
Phu kien,Tai nghe,4,1759296.75
Tivi,Samsung QLED,4,54472109.28
Dien thoai,iPhone 15,3,46472908.76
Phu kien,Sac nhanh,4,1744291.43
Phu kien,Chuot khong day,5,1940570.86
Laptop,MacBook Air,3,91447533.98
Phu kien,Sac nhanh,3,1300763.49
Phu kien,Op lung,3,1305976.1
Tivi,Sony Bravia,5,85625506.12
Laptop,Dell XPS 13,2,72056959.72
Laptop,MacBook Air,5,165263137.35
Dien thoai,Oppo Reno,2,33876412.76
Tivi,Samsung QLED,5,80084637.21
Phu kien,Sac nhanh,5,2217412.53
Gia dung,Noi chien,1,5117661.05
Tivi,LG OLED,2,30915370.06
Dien thoai,iPhone 15,1,18997011.1
Dien thoai,Galaxy S24,5,87990699.67
Gia dung,May loc khong khi,3,15319699.24
Phu kien,Chuot khong day,4,1616023.18
Gia dung,Robot hut bui,1,5303146.27
Gia dung,Noi chien,2,10550527.48
Laptop,MacBook Air,3,88419764.01
Phu kien,Tai nghe,5,1868261.26
Phu kien,Chuot khong day,3,1105064.9
Tivi,LG OLED,1,15573426.9
Tivi,Sony Bravia,1,14812683.89
Phu kien,Tai nghe,1,381045.14
Tivi,Samsung QLED,2,33566877.17
Tivi,LG OLED,0,0.0
Gia dung,Noi chien,1,5068600.31
Phu kien,Tai nghe,3,1117222.25
Gia dung,Robot hut bui,3,16812989.96
Dien thoai,iPhone 15,3,59678773.48
Gia dung,May loc khong khi,4,19770207.33
Dien thoai,Galaxy S24,2,39494643.7
Tivi,Samsung QLED,5,76144134.56
Laptop,MacBook Air,4,123561310.47
Tivi,LG OLED,0,0.0
Tivi,Sony Bravia,1,12866905.3
Dien thoai,Oppo Reno,5,87176894.9
Phu kien,Tai nghe,5,1903667.69
Tivi,Sony Bravia,1,14131289.36
Laptop,ThinkPad X1,3,104484222.68
Laptop,ThinkPad X1,1,35792167.15
Laptop,MacBook Air,3,105959178.32
Laptop,MacBook Air,4,145674580.75
Dien thoai,Galaxy S24,4,67729336.78
Tivi,Sony Bravia,5,72317040.63
Gia dung,May loc khong khi,4,19346597.11
Gia dung,May loc khong khi,2,10795463.66
Tivi,Samsung QLED,5,76604184.1
Tivi,LG OLED,4,66323566.75
Gia dung,Robot hut bui,2,10228006.93
Gia dung,Robot hut bui,2,10817024.35
Dien thoai,Galaxy S24,4,64900911.93
Phu kien,Tai nghe,4,1440363.6
Tivi,Samsung QLED,3,48816621.1
Tivi,LG OLED,2,27747021.14
Phu kien,Sac nhanh,2,707405.12
Laptop,Dell XPS 13,2,62285532.17
Gia dung,May loc khong khi,5,25893070.9
Dien thoai,iPhone 15,3,52286480.31
Dien thoai,Galaxy S24,2,30866355.62
Tivi,LG OLED,5,75398521.51
Gia dung,Robot hut bui,4,17363753.71
Dien thoai,Oppo Reno,4,63415564.21
Tivi,Sony Bravia,4,52617010.75
Dien thoai,Xiaomi 14,1,16850977.73
Phu kien,Op lung,3,1025159.36
Dien thoai,iPhone 15,5,87536950.1
Gia dung,May loc khong khi,1,5281095.7
Phu kien,Op lung,5,2178070.49
Tivi,Samsung QLED,3,40334313.72
Laptop,MacBook Air,5,153351284.91
Dien thoai,Galaxy S24,0,0.0
Laptop,Dell XPS 13,3,106968788.52
Phu kien,Chuot khong day,2,818722.23
Tivi,Samsung QLED,5,76619115.24
Laptop,MacBook Air,5,144888060.02
Phu kien,Chuot khong day,4,1555843.16
Tivi,Samsung QLED,1,16708857.04
Tivi,Sony Bravia,4,64500266.05
Laptop,Dell XPS 13,3,104922438.4
Tivi,Samsung QLED,1,15128337.26
Gia dung,Robot hut bui,3,16631744.59
Tivi,Samsung QLED,1,14023203.64
Phu kien,Op lung,2,732176.01
Dien thoai,Xiaomi 14,4,66205569.87
Dien thoai,Oppo Reno,2,40658144.99
Dien thoai,Xiaomi 14,5,76705571.63
Gia dung,May loc khong khi,2,8816735.53
Laptop,ThinkPad X1,3,96490050.84
Phu kien,Op lung,4,1548976.17
Gia dung,Robot hut bui,3,14096528.21
Tivi,Samsung QLED,4,51131225.93
Dien thoai,Galaxy S24,1,15514069.43
Gia dung,May loc khong khi,1,5744021.76
Phu kien,Tai nghe,3,1229106.35
Phu kien,Tai nghe,3,1376010.65
Dien thoai,iPhone 15,3,51804208.29
Dien thoai,Galaxy S24,3,50184686.8
Phu kien,Op lung,4,1537536.18
Phu kien,Op lung,3,1236864.2
Dien thoai,Xiaomi 14,1,19879695.61
Dien thoai,Galaxy S24,3,46503816.59
Phu kien,Sac nhanh,1,400376.52
Dien thoai,iPhone 15,4,66614827.3
Gia dung,Noi chien,0,0.0
Tivi,LG OLED,2,26677774.67
Gia dung,Noi chien,2,9770530.91
Laptop,Dell XPS 13,4,140303840.79
Dien thoai,iPhone 15,5,92180470.28
Laptop,MacBook Air,2,73217493.64
Dien thoai,Oppo Reno,1,18014391.83
Tivi,Sony Bravia,3,48803007.38
Dien thoai,iPhone 15,3,59553342.24
Laptop,MacBook Air,5,158020458.67
Laptop,ThinkPad X1,4,145757333.56
Phu kien,Tai nghe,3,1094293.03
Gia dung,Robot hut bui,4,22778698.4
Laptop,Dell XPS 13,3,109231307.32
Tivi,Samsung QLED,3,41583900.89
Phu kien,Sac nhanh,3,1192654.68
Tivi,LG OLED,4,62874525.07
Gia dung,Noi chien,3,16871852.21
Phu kien,Op lung,3,1067784.56
Gia dung,Robot hut bui,4,22350242.22
Phu kien,Sac nhanh,3,1138869.62
Dien thoai,Galaxy S24,4,61540328.01
Laptop,MacBook Air,2,64444294.23
Dien thoai,Xiaomi 14,1,16051775.99
Phu kien,Sac nhanh,3,1325307.49
Phu kien,Chuot khong day,3,1272847.48
Phu kien,Sac nhanh,5,2030713.99
Phu kien,Op lung,2,910946.68
Laptop,MacBook Air,3,84687534.54
Tivi,Sony Bravia,3,48444711.72
Tivi,Samsung QLED,1,14407419.89
Laptop,ThinkPad X1,2,66309037.47
Phu kien,Sac nhanh,5,2190012.25
Dien thoai,Galaxy S24,4,72777030.25
Tivi,Samsung QLED,2,29615602.22
Gia dung,May loc khong khi,1,4375716.97
Phu kien,Sac nhanh,5,2236339.02
Tivi,LG OLED,5,75577912.58
Gia dung,Noi chien,4,21631445.11
Laptop,ThinkPad X1,4,123281378.61
Phu kien,Op lung,1,357890.51
Laptop,MacBook Air,2,66973524.53
Dien thoai,iPhone 15,5,82872641.17
Phu kien,Sac nhanh,4,1562244.8
Gia dung,Robot hut bui,1,4330182.4
Tivi,LG OLED,3,42039928.21
Phu kien,Tai nghe,3,1312888.81
Phu kien,Sac nhanh,5,1828412.56
Dien thoai,Xiaomi 14,3,52687222.48
Tivi,LG OLED,2,26361660.03
Dien thoai,iPhone 15,5,102064794.89
Laptop,ThinkPad X1,5,144427743.06
Tivi,Sony Bravia,2,27167977.99
Dien thoai,Galaxy S24,1,16800896.99
Laptop,MacBook Air,2,62112637.94
Dien thoai,Xiaomi 14,1,18083515.61
Tivi,Sony Bravia,4,62161951.94
Phu kien,Tai nghe,1,440451.0
Tivi,LG OLED,5,75644419.1
Laptop,MacBook Air,1,36312959.93
Gia dung,Robot hut bui,4,20113830.86
Dien thoai,Xiaomi 14,3,46008778.57
Dien thoai,Galaxy S24,5,88910927.42
Phu kien,Chuot khong day,5,2272290.86
Phu kien,Sac nhanh,5,1946267.41
Tivi,Sony Bravia,2,30709972.36
Phu kien,Sac nhanh,4,1515324.41
Gia dung,Robot hut bui,3,13520370.28
Phu kien,Op lung,3,1246589.98
Gia dung,May loc khong khi,1,4695970.68
Laptop,Dell XPS 13,2,54898891.38
Dien thoai,Oppo Reno,5,85338475.22
Dien thoai,Oppo Reno,1,19789373.35
Gia dung,Noi chien,4,21521776.61
Tivi,Sony Bravia,3,44456801.19
Gia dung,Robot hut bui,5,25085993.0
Laptop,Dell XPS 13,4,138450933.73
Phu kien,Op lung,4,1602512.77
Gia dung,May loc khong khi,5,26032826.87
Dien thoai,iPhone 15,1,20041817.82
Gia dung,Noi chien,2,9904695.1
Phu kien,Chuot khong day,2,834906.84
Gia dung,May loc khong khi,2,11413272.86
Laptop,Dell XPS 13,4,129663125.04
Tivi,Samsung QLED,1,14138280.22
Tivi,Samsung QLED,4,58447947.69
Phu kien,Sac nhanh,2,721159.38
Gia dung,May loc khong khi,2,8557699.4
Tivi,Sony Bravia,2,27346612.91
Tivi,Samsung QLED,1,14286659.1
Tivi,LG OLED,2,30698318.18
Phu kien,Tai nghe,1,381599.42
Laptop,Dell XPS 13,1,33687127.69
Tivi,Sony Bravia,2,28619241.83
Laptop,Dell XPS 13,5,155336325.97
Gia dung,Noi chien,5,27466828.79
Phu kien,Chuot khong day,2,756453.15
Phu kien,Op lung,4,1734399.23
Laptop,MacBook Air,1,35516602.72
Dien thoai,Oppo Reno,5,85711038.76
Gia dung,May loc khong khi,2,9559319.84
Dien thoai,iPhone 15,1,20137456.32
Dien thoai,iPhone 15,5,80261688.15
Phu kien,Sac nhanh,3,1213027.16
Dien thoai,Xiaomi 14,1,18523490.46
Tivi,Samsung QLED,3,47795704.34
Tivi,LG OLED,1,15797128.09
Laptop,Dell XPS 13,4,126477180.04
Dien thoai,iPhone 15,5,99505160.75
Dien thoai,Oppo Reno,1,19972145.87
Dien thoai,iPhone 15,2,36913464.89
Gia dung,Robot hut bui,4,21361241.77
Laptop,ThinkPad X1,5,168277443.75
Phu kien,Tai nghe,1,433831.29
Dien thoai,iPhone 15,4,69956750.61
Laptop,ThinkPad X1,4,110688431.31
Gia dung,Noi chien,3,12977081.32
Tivi,Sony Bravia,1,13827325.01
Phu kien,Op lung,4,1556855.9
Gia dung,Robot hut bui,5,22002732.31
Dien thoai,iPhone 15,1,18361339.66
Gia dung,May loc khong khi,5,25126691.08
Gia dung,Noi chien,3,12789370.28
Tivi,Samsung QLED,2,34300986.74
Dien thoai,iPhone 15,4,77489876.95
Tivi,Samsung QLED,5,80531524.82
Laptop,Dell XPS 13,4,142331991.97
Gia dung,Robot hut bui,5,27985770.06
Laptop,MacBook Air,3,81625689.51
Gia dung,May loc khong khi,2,10792930.42
Dien thoai,iPhone 15,5,91268520.8
Dien thoai,Oppo Reno,1,19244828.96
Laptop,ThinkPad X1,4,141624651.16
Phu kien,Chuot khong day,4,1738827.18
Tivi,Sony Bravia,3,39829310.51
Dien thoai,Xiaomi 14,3,50130582.03
Gia dung,Noi chien,3,16984071.16
Phu kien,Op lung,2,858589.26
Tivi,Samsung QLED,3,45784685.97
Gia dung,May loc khong khi,1,4798824.02
Laptop,ThinkPad X1,4,132661497.53
Laptop,MacBook Air,4,137988731.59
Dien thoai,Xiaomi 14,1,17458069.23
Tivi,Samsung QLED,2,30482260.37
Dien thoai,iPhone 15,2,35901139.59
Dien thoai,iPhone 15,3,61501292.68
Tivi,Samsung QLED,5,67566414.98
Tivi,Sony Bravia,4,59354790.23
Laptop,Dell XPS 13,4,141976588.02
Tivi,Samsung QLED,4,66396974.09
Laptop,Dell XPS 13,3,89967676.68
Dien thoai,iPhone 15,4,73743937.31
Phu kien,Chuot khong day,2,734567.31
Phu kien,Sac nhanh,5,1820272.11
Gia dung,May loc khong khi,2,8836826.62
Laptop,ThinkPad X1,5,176751166.2
Laptop,Dell XPS 13,5,165643607.34
Gia dung,Noi chien,5,28631629.84
Phu kien,Sac nhanh,5,2048729.47
Tivi,Sony Bravia,3,41899818.35
Phu kien,Tai nghe,1,405842.96
Laptop,MacBook Air,5,157297498.17
Dien thoai,Galaxy S24,3,47578420.73
Gia dung,Robot hut bui,4,20359383.32
Phu kien,Op lung,1,440815.3
Tivi,LG OLED,4,53121603.06
Laptop,MacBook Air,1,33468422.9
Laptop,Dell XPS 13,2,57693785.01
Gia dung,May loc khong khi,3,15680515.8
Phu kien,Sac nhanh,4,1516637.73
Gia dung,May loc khong khi,3,14542399.39
Dien thoai,iPhone 15,3,61706136.85
Gia dung,Noi chien,1,5128559.63
Tivi,Samsung QLED,5,73047980.2
Laptop,Dell XPS 13,1,35009709.4
Phu kien,Sac nhanh,0,0.0
Phu kien,Op lung,1,443638.87
Gia dung,May loc khong khi,0,0.0
Dien thoai,Galaxy S24,4,82258159.88
Gia dung,May loc khong khi,1,4789013.5
Laptop,MacBook Air,4,111129560.89
Gia dung,Noi chien,2,10639872.02
Laptop,MacBook Air,3,85941501.49
Tivi,LG OLED,4,66580956.47
Tivi,LG OLED,3,44634235.14
Tivi,Sony Bravia,3,38427477.7
Gia dung,Robot hut bui,2,11267160.91
Dien thoai,Oppo Reno,0,0.0
Laptop,Dell XPS 13,1,36267634.72
Phu kien,Op lung,2,751272.68
Tivi,LG OLED,2,32415552.51
Dien thoai,Xiaomi 14,4,82003353.36
Phu kien,Op lung,4,1535998.2
Dien thoai,iPhone 15,2,36297474.14
Laptop,MacBook Air,0,0.0
Laptop,MacBook Air,2,58772010.62
Dien thoai,Xiaomi 14,4,74475570.69
Tivi,Samsung QLED,4,62587638.11
Gia dung,Robot hut bui,5,21339113.81
Tivi,Sony Bravia,1,15365942.65
Dien thoai,iPhone 15,2,33420508.28
Laptop,MacBook Air,1,35733200.68
Dien thoai,Oppo Reno,2,30855858.06
Tivi,Sony Bravia,3,45024726.25
Dien thoai,Oppo Reno,4,81364310.81
Tivi,Samsung QLED,1,13711549.26
Tivi,Samsung QLED,4,56220456.48
Dien thoai,Xiaomi 14,5,94968600.8
Laptop,MacBook Air,4,142270171.33
Phu kien,Sac nhanh,5,2021136.24
Gia dung,Noi chien,3,14913901.96
Tivi,Samsung QLED,2,33067593.15
Phu kien,Op lung,5,2170897.75
Tivi,LG OLED,5,73748115.69
Tivi,Sony Bravia,2,28340927.47
Dien thoai,Galaxy S24,1,19134492.71
Tivi,LG OLED,1,14438401.59
Dien thoai,Xiaomi 14,4,69547611.19
Phu kien,Chuot khong day,2,725120.19
Phu kien,Sac nhanh,5,2231053.45
Laptop,Dell XPS 13,1,31372746.83
Gia dung,May loc khong khi,4,18064181.57
Tivi,Samsung QLED,2,34470623.15
Gia dung,Robot hut bui,4,18757319.26
Tivi,LG OLED,2,27892309.36
Gia dung,May loc khong khi,3,12871522.18
Dien thoai,Xiaomi 14,4,62967627.2
Gia dung,Noi chien,5,26964735.5
Dien thoai,Oppo Reno,2,33004869.55
Phu kien,Tai nghe,5,2127767.96
Gia dung,May loc khong khi,1,4447430.81
Tivi,Sony Bravia,3,39085680.16
Gia dung,Robot hut bui,4,20215975.25
Phu kien,Sac nhanh,5,2094829.42
Gia dung,May loc khong khi,5,27729193.31
Laptop,ThinkPad X1,3,107220482.32
Dien thoai,iPhone 15,5,84210104.08
Phu kien,Chuot khong day,4,1775352.32
Phu kien,Sac nhanh,3,1153203.19
Dien thoai,iPhone 15,4,82075718.22
Laptop,MacBook Air,2,73120735.37
Tivi,Sony Bravia,2,26659081.27
Gia dung,Robot hut bui,1,5715936.11
Dien thoai,Xiaomi 14,4,70856638.46
Gia dung,Robot hut bui,4,20895355.21
Tivi,LG OLED,2,26584769.66
Tivi,LG OLED,2,34460809.19
Gia dung,Noi chien,2,8889984.12
Tivi,LG OLED,4,64804587.78
Phu kien,Sac nhanh,1,405138.8
Gia dung,Robot hut bui,2,10078697.62
Dien thoai,Oppo Reno,4,75548330.21
Dien thoai,Oppo Reno,1,17574185.24
Laptop,Dell XPS 13,3,86164967.95
Phu kien,Sac nhanh,2,779336.62
Laptop,Dell XPS 13,2,62647164.98
Dien thoai,Galaxy S24,2,33415943.78
Dien thoai,Xiaomi 14,5,79779582.46
Dien thoai,Oppo Reno,3,51775635.11
Dien thoai,Galaxy S24,3,59393642.88
Tivi,Sony Bravia,1,17249598.84
Phu kien,Tai nghe,3,1178574.4
Tivi,LG OLED,3,44963459.13
Phu kien,Sac nhanh,1,359800.82
Phu kien,Op lung,5,1870427.47
Tivi,Sony Bravia,1,16053638.31
Tivi,Samsung QLED,4,55791230.94
Gia dung,May loc khong khi,1,5467778.86
Tivi,Sony Bravia,4,64856437.0
Dien thoai,Oppo Reno,5,98888155.42
Tivi,Samsung QLED,5,63857100.11
Gia dung,Noi chien,4,17058730.21
Gia dung,May loc khong khi,5,26994764.11
Phu kien,Chuot khong day,1,446070.07
Gia dung,May loc khong khi,2,9801974.12
Laptop,ThinkPad X1,1,31610461.3
Gia dung,May loc khong khi,2,8528560.32
Gia dung,Noi chien,3,16373308.28
Dien thoai,iPhone 15,2,34281899.99
Laptop,MacBook Air,5,158450944.62
Tivi,Samsung QLED,4,53508853.07
Dien thoai,Galaxy S24,1,15466869.64
Dien thoai,Xiaomi 14,2,32751854.65
Phu kien,Chuot khong day,1,400564.79
Tivi,LG OLED,2,25624785.88
Tivi,LG OLED,3,42330324.6
Laptop,Dell XPS 13,4,112043645.29
Laptop,Dell XPS 13,1,32323352.91
Tivi,LG OLED,4,58315130.8
Dien thoai,iPhone 15,5,102649186.51
Laptop,Dell XPS 13,3,104390467.51
Laptop,Dell XPS 13,5,179064008.87
Laptop,ThinkPad X1,5,159153017.0
Tivi,Sony Bravia,4,57584464.53
Dien thoai,Galaxy S24,4,61795694.22
Tivi,LG OLED,1,14813934.27
Dien thoai,Xiaomi 14,2,40557005.21
Gia dung,Noi chien,2,8927980.49
Phu kien,Sac nhanh,5,2082180.86
Laptop,Dell XPS 13,3,110322455.74
Phu kien,Sac nhanh,4,1398366.28
Gia dung,May loc khong khi,2,10694358.29
Dien thoai,iPhone 15,2,34181248.87
Phu kien,Tai nghe,5,1843056.17
Gia dung,Robot hut bui,4,20443660.11
Laptop,Dell XPS 13,2,72960869.77
Dien thoai,iPhone 15,0,0.0
Gia dung,Robot hut bui,4,18847907.06
Tivi,Sony Bravia,0,0.0
Tivi,Sony Bravia,2,27020908.96
Gia dung,Robot hut bui,5,23670118.42
Laptop,ThinkPad X1,1,31100939.71
Tivi,Samsung QLED,1,13364065.78
Gia dung,Robot hut bui,5,27076008.0
Gia dung,Noi chien,4,21649707.9
Dien thoai,Oppo Reno,1,18477260.01
Phu kien,Chuot khong day,4,1431328.35
Tivi,LG OLED,3,40149648.38
Tivi,Samsung QLED,2,34480773.71
Laptop,Dell XPS 13,2,54565705.21
Gia dung,Noi chien,4,18269568.56
Phu kien,Chuot khong day,2,732048.44
Phu kien,Chuot khong day,4,1445789.44
Phu kien,Op lung,3,1281779.77
Phu kien,Op lung,5,2148957.69
Phu kien,Op lung,2,854229.64
Laptop,ThinkPad X1,2,63550564.82
Phu kien,Chuot khong day,1,412713.65
Dien thoai,Oppo Reno,4,62525469.63
Laptop,MacBook Air,5,142960389.38
Phu kien,Tai nghe,2,824651.78
Dien thoai,iPhone 15,4,65283470.4
Gia dung,May loc khong khi,0,0.0
Dien thoai,iPhone 15,5,90217251.2
Gia dung,May loc khong khi,3,14931110.31
Tivi,Samsung QLED,1,15450922.5
Gia dung,May loc khong khi,2,10143169.39
Gia dung,Robot hut bui,5,26264302.25
Laptop,ThinkPad X1,2,55454041.03
Gia dung,Noi chien,4,20410118.79
Dien thoai,Xiaomi 14,4,73439972.71
Tivi,LG OLED,3,40552037.22
Gia dung,Robot hut bui,5,22770675.73
Gia dung,Robot hut bui,3,13077224.18
Gia dung,May loc khong khi,5,27738527.23
Dien thoai,Galaxy S24,2,35168846.88
Phu kien,Chuot khong day,3,1378945.33
Gia dung,Noi chien,1,5724752.53
Tivi,Samsung QLED,5,72808924.01
Tivi,LG OLED,5,76766679.77
Tivi,Sony Bravia,4,60578110.89
Laptop,Dell XPS 13,3,95023745.68
Tivi,LG OLED,4,62886630.37
Gia dung,Noi chien,5,27618680.31
Laptop,Dell XPS 13,3,101470981.85
Laptop,MacBook Air,5,138313999.25
Dien thoai,Galaxy S24,3,58055918.8
Phu kien,Sac nhanh,1,389482.54
Dien thoai,Galaxy S24,5,86750945.63
Tivi,LG OLED,4,64144901.23
Phu kien,Sac nhanh,4,1404089.02
Gia dung,Noi chien,5,26149434.0
Tivi,LG OLED,2,28633745.78
Gia dung,Robot hut bui,0,0.0
Laptop,Dell XPS 13,2,58720727.02
Tivi,Sony Bravia,3,45601347.88
Dien thoai,Galaxy S24,5,92830354.51
Laptop,MacBook Air,4,144500370.25
Dien thoai,Galaxy S24,4,81022726.57
Dien thoai,Xiaomi 14,4,74656374.99
Phu kien,Op lung,1,418623.99
Phu kien,Sac nhanh,3,1366252.9
Laptop,MacBook Air,5,155579866.09
Laptop,Dell XPS 13,4,132649693.75
Dien thoai,Oppo Reno,3,56721525.59
Tivi,Samsung QLED,3,39636101.88
Gia dung,Noi chien,1,4251263.97
Phu kien,Op lung,4,1487901.44
Phu kien,Sac nhanh,5,1834243.18
Dien thoai,Galaxy S24,3,59867463.48
Laptop,MacBook Air,1,32375181.13
Phu kien,Chuot khong day,4,1783115.6
Tivi,LG OLED,4,58217854.5
Phu kien,Op lung,3,1083243.05
Laptop,ThinkPad X1,0,0.0
Laptop,MacBook Air,5,156296234.51
Phu kien,Chuot khong day,4,1779490.85
Phu kien,Chuot khong day,4,1753121.12
Tivi,Sony Bravia,1,15788862.99
Phu kien,Tai nghe,3,1228970.14
Dien thoai,Galaxy S24,5,100890450.11
Phu kien,Op lung,3,1262224.14
Tivi,Sony Bravia,4,62880619.52
Gia dung,Noi chien,3,13768753.36
Dien thoai,Oppo Reno,5,93388073.86
Laptop,Dell XPS 13,0,0.0
Phu kien,Chuot khong day,5,2281329.72
Tivi,Sony Bravia,2,34227885.3
Tivi,Samsung QLED,3,45306117.55
Laptop,Dell XPS 13,5,174630380.61
Dien thoai,Xiaomi 14,3,60714220.77
Dien thoai,Oppo Reno,5,87038067.17
Phu kien,Tai nghe,2,879917.35
Phu kien,Tai nghe,5,2025646.91
Phu kien,Tai nghe,1,358883.7
Laptop,Dell XPS 13,2,65096180.32
Dien thoai,iPhone 15,4,69463225.89
Dien thoai,Oppo Reno,3,55931307.78
Phu kien,Op lung,1,343249.33
Phu kien,Sac nhanh,2,885820.18
Phu kien,Tai nghe,1,401846.98
Dien thoai,Xiaomi 14,2,35410334.85
Laptop,Dell XPS 13,4,116243427.88
Dien thoai,Galaxy S24,2,33735617.49
Laptop,MacBook Air,3,104748838.1
Dien thoai,Xiaomi 14,5,98421782.5
Gia dung,Noi chien,3,14327866.35
Dien thoai,Oppo Reno,5,102950658.26
Laptop,Dell XPS 13,5,154020829.29
