station_id,year,temperature
VN_SGN,2018,29.7
VN_SGN,2015,28.8
VN_SGN,2017,27.1
VN_SGN,2020,29.8
VN_SGN,2020,34.4
VN_SGN,2016,31.3
VN_SGN,2021,30.5
VN_SGN,2015,28.3
VN_SGN,2023,30.5
VN_SGN,2025,25.6
VN_SGN,2021,33.1
VN_SGN,2022,18.1
VN_SGN,2023,27.0
VN_SGN,2025,21.8
VN_SGN,2017,34.8
VN_SGN,2021,29.9
VN_SGN,2015,27.8
VN_SGN,2021,35.1
VN_SGN,2023,25.3
VN_SGN,2017,27.0
VN_SGN,2024,28.1
VN_SGN,2025,23.8
VN_SGN,2017,25.5
VN_SGN,2021,27.9
VN_SGN,2015,30.6
VN_SGN,2015,34.2
VN_SGN,2022,29.8
VN_SGN,2022,27.7
VN_SGN,2025,31.8
VN_SGN,2025,29.5
VN_SGN,2018,27.8
VN_SGN,2020,28.9
VN_SGN,2021,30.1
VN_SGN,2023,28.6
VN_SGN,2018,30.1
VN_SGN,2017,31.0
VN_SGN,2016,27.5
VN_SGN,2021,30.0
VN_SGN,2024,28.3
VN_SGN,2017,30.9
VN_SGN,2015,28.8
VN_SGN,2015,26.4
VN_SGN,2025,24.8
VN_SGN,2020,26.4
VN_SGN,2016,28.0
VN_SGN,2022,25.9
VN_SGN,2022,30.2
VN_SGN,2025,25.2
VN_SGN,2016,29.5
VN_SGN,2016,26.7
VN_SGN,2022,27.3
VN_SGN,2017,25.7
VN_SGN,2025,26.2
VN_SGN,2023,27.6
VN_SGN,2019,32.3
VN_SGN,2019,26.7
VN_SGN,2025,33.6
VN_SGN,2017,28.1
VN_SGN,2023,27.0
VN_SGN,2022,35.5
VN_SGN,2025,25.9
VN_SGN,2024,33.7
VN_SGN,2015,27.8
VN_SGN,2015,27.2
VN_SGN,2017,27.7
VN_SGN,2018,21.6
VN_SGN,2018,28.0
VN_SGN,2015,32.8
VN_SGN,2021,27.1
VN_SGN,2022,33.1
VN_SGN,2017,26.6
VN_SGN,2015,23.9
VN_SGN,2021,35.5
VN_SGN,2022,31.3
VN_SGN,2018,30.4
VN_SGN,2019,25.1
VN_SGN,2025,24.8
VN_SGN,2022,31.6
VN_SGN,2025,23.8
VN_SGN,2021,32.1
VN_SGN,2021,32.1
VN_SGN,2025,23.1
VN_SGN,2016,25.7
VN_SGN,2023,27.2
VN_SGN,2016,33.4
VN_SGN,2024,26.6
VN_SGN,2019,26.2
VN_SGN,2016,20.6
VN_SGN,2021,30.0
VN_SGN,2020,24.7
VN_SGN,2018,31.5
VN_SGN,2023,26.4
VN_SGN,2022,23.9
VN_SGN,2016,28.2
VN_SGN,2023,29.6
VN_SGN,2025,28.4
VN_SGN,2016,36.5
VN_SGN,2017,28.7
VN_SGN,2022,26.6
VN_SGN,2022,28.4
VN_SGN,2017,27.4
VN_SGN,2020,35.5
VN_SGN,2015,28.4
VN_SGN,2019,28.1
VN_SGN,2020,29.0
VN_SGN,2021,21.5
VN_SGN,2020,25.9
VN_SGN,2021,26.5
VN_SGN,2022,28.9
VN_SGN,2018,28.0
VN_SGN,2024,30.0
VN_SGN,2016,25.9
VN_SGN,2021,32.0
VN_SGN,2017,30.1
VN_SGN,2018,29.9
VN_SGN,2022,26.0
VN_SGN,2024,23.6
VN_SGN,2024,24.4
VN_SGN,2025,19.1
VN_SGN,2017,24.2
VN_SGN,2018,29.1
VN_SGN,2025,31.5
VN_SGN,2016,30.6
VN_SGN,2018,30.8
VN_SGN,2025,27.4
VN_SGN,2016,29.8
VN_SGN,2025,31.7
VN_SGN,2018,26.2
VN_SGN,2017,29.2
VN_SGN,2015,28.4
VN_SGN,2017,23.0
VN_SGN,2015,31.8
VN_SGN,2019,28.4
VN_SGN,2022,34.9
VN_SGN,2025,25.4
VN_SGN,2021,30.2
VN_SGN,2018,27.9
VN_SGN,2020,26.9
VN_SGN,2020,27.8
VN_SGN,2021,28.9
VN_SGN,2019,27.9
VN_SGN,2015,31.0
VN_SGN,2019,26.5
VN_SGN,2022,29.3
VN_SGN,2018,23.3
VN_SGN,2022,25.8
VN_SGN,2024,22.2
VN_SGN,2018,27.5
VN_SGN,2017,20.1
VN_SGN,2016,32.4
VN_SGN,2025,29.2
VN_SGN,2023,26.4
VN_SGN,2022,28.8
VN_SGN,2020,27.7
VN_SGN,2018,28.5
VN_SGN,2016,29.1
VN_SGN,2023,30.8
VN_SGN,2021,29.1
VN_SGN,2022,26.8
VN_SGN,2024,22.3
VN_SGN,2015,30.1
VN_SGN,2023,33.5
VN_SGN,2016,25.3
VN_SGN,2017,30.0
VN_SGN,2025,24.5
VN_SGN,2022,29.5
VN_SGN,2018,35.8
VN_SGN,2022,29.5
VN_SGN,2022,26.2
VN_SGN,2016,29.2
VN_SGN,2022,29.8
VN_SGN,2021,30.2
VN_SGN,2021,31.3
VN_SGN,2019,21.3
VN_SGN,2021,29.1
VN_SGN,2024,30.4
VN_SGN,2016,35.0
VN_SGN,2016,29.7
VN_SGN,2019,26.0
VN_SGN,2024,30.9
VN_SGN,2020,27.9
VN_SGN,2022,32.7
VN_SGN,2018,25.9
VN_SGN,2025,24.6
VN_SGN,2021,23.6
VN_SGN,2021,31.6
VN_SGN,2016,32.8
VN_SGN,2017,34.1
VN_SGN,2015,21.4
VN_SGN,2022,21.7
VN_SGN,2021,27.2
VN_SGN,2021,25.3
VN_SGN,2023,29.3
VN_SGN,2020,29.8
VN_SGN,2019,32.5
VN_SGN,2022,27.8
VN_SGN,2021,29.6
VN_SGN,2019,24.9
VN_SGN,2018,27.4
VN_SGN,2022,21.8
VN_SGN,2024,30.4
VN_SGN,2020,32.5
VN_SGN,2022,23.2
VN_SGN,2017,29.7
VN_SGN,2015,31.8
VN_SGN,2021,30.3
VN_SGN,2024,28.0
VN_SGN,2025,35.1
VN_SGN,2021,27.8
VN_SGN,2025,30.5
VN_SGN,2021,28.7
VN_SGN,2016,24.7
VN_SGN,2025,30.8
VN_SGN,2022,28.6
VN_SGN,2016,32.8
VN_SGN,2019,29.1
VN_SGN,2016,25.3
VN_SGN,2023,31.1
VN_SGN,2018,25.4
VN_SGN,2023,29.0
VN_SGN,2023,31.2
VN_SGN,2017,33.0
VN_SGN,2025,32.4
VN_SGN,2018,26.2
VN_SGN,2023,32.9
VN_SGN,2025,25.1
VN_SGN,2016,27.4
VN_SGN,2021,32.3
VN_SGN,2025,29.7
VN_SGN,2023,26.5
VN_SGN,2022,33.6
VN_SGN,2015,27.7
VN_SGN,2022,27.2
VN_SGN,2019,25.4
VN_SGN,2020,28.0
VN_SGN,2016,29.9
VN_SGN,2025,26.7
VN_SGN,2021,26.0
VN_SGN,2019,29.2
VN_SGN,2017,27.9
VN_SGN,2022,28.6
VN_SGN,2020,29.1
VN_SGN,2022,32.5
VN_SGN,2015,32.5
VN_SGN,2023,32.7
VN_SGN,2024,28.8
VN_SGN,2020,26.5
VN_SGN,2020,26.8
VN_SGN,2017,28.3
VN_SGN,2023,27.4
VN_SGN,2021,28.5
VN_SGN,2024,27.7
VN_SGN,2019,30.2
VN_SGN,2021,27.7
VN_SGN,2016,29.0
VN_SGN,2022,25.0
VN_SGN,2023,28.7
VN_SGN,2025,28.6
VN_SGN,2017,24.2
VN_SGN,2015,31.1
VN_SGN,2021,33.6
VN_SGN,2018,29.2
VN_SGN,2021,26.6
VN_SGN,2023,27.8
VN_SGN,2022,31.1
VN_SGN,2022,31.4
VN_SGN,2021,24.4
VN_SGN,2015,25.2
VN_SGN,2016,29.0
VN_SGN,2018,33.5
VN_SGN,2021,28.6
VN_SGN,2018,26.2
VN_SGN,2016,26.8
VN_SGN,2023,28.6
VN_SGN,2023,26.6
VN_SGN,2020,29.4
VN_SGN,2019,28.1
VN_SGN,2021,27.8
VN_SGN,2025,27.2
VN_SGN,2022,31.6
VN_SGN,2025,32.5
VN_SGN,2016,27.4
VN_SGN,2024,34.2
VN_SGN,2017,28.7
VN_SGN,2023,25.4
VN_SGN,2022,31.6
VN_SGN,2018,30.3
VN_SGN,2020,23.6
VN_SGN,2021,31.0
VN_SGN,2019,33.7
VN_SGN,2015,24.6
VN_SGN,2017,28.7
VN_SGN,2023,38.7
VN_SGN,2025,25.0
VN_SGN,2021,28.3
VN_SGN,2016,26.6
VN_SGN,2025,33.0
VN_SGN,2021,30.0
VN_SGN,2019,26.9
VN_SGN,2020,25.8
VN_SGN,2018,33.1
VN_SGN,2025,24.1
VN_SGN,2015,27.9
VN_SGN,2019,33.3
VN_SGN,2017,27.3
VN_SGN,2021,25.3
VN_SGN,2020,29.6
VN_SGN,2022,30.1
VN_SGN,2025,28.3
VN_SGN,2025,29.9
VN_SGN,2025,28.0
VN_SGN,2022,34.1
VN_SGN,2022,31.5
VN_SGN,2023,26.6
VN_SGN,2021,30.7
VN_SGN,2019,24.6
VN_SGN,2017,28.6
VN_SGN,2015,29.8
VN_SGN,2022,25.2
VN_SGN,2023,25.5
VN_SGN,2024,28.0
VN_SGN,2021,27.6
VN_SGN,2020,35.9
VN_SGN,2020,30.3
VN_SGN,2024,27.5
VN_SGN,2016,29.7
VN_SGN,2017,23.4
VN_SGN,2021,29.6
VN_SGN,2016,30.3
VN_SGN,2023,25.8
VN_SGN,2021,29.9
VN_SGN,2018,29.0
VN_SGN,2015,32.0
VN_SGN,2022,26.4
VN_SGN,2015,30.0
VN_SGN,2021,26.5
VN_SGN,2023,26.8
VN_SGN,2020,28.5
VN_SGN,2020,29.2
VN_SGN,2024,27.7
VN_SGN,2017,25.7
VN_SGN,2022,28.1
VN_SGN,2017,30.9
VN_SGN,2015,26.6
VN_SGN,2016,24.3
VN_SGN,2020,32.0
VN_SGN,2023,29.1
VN_SGN,2016,31.7
VN_SGN,2018,28.6
VN_SGN,2018,26.0
VN_SGN,2025,30.0
VN_SGN,2018,24.5
VN_SGN,2025,27.0
VN_SGN,2019,27.6
VN_SGN,2020,29.9
VN_SGN,2020,28.7
VN_SGN,2016,25.6
VN_SGN,2022,26.4
VN_SGN,2018,26.3
VN_SGN,2017,27.6
VN_SGN,2020,30.4
VN_SGN,2021,28.3
VN_SGN,2025,29.7
VN_SGN,2025,30.4
VN_SGN,2018,33.5
VN_SGN,2024,26.5
VN_SGN,2022,31.6
VN_SGN,2018,27.1
VN_SGN,2017,29.7
VN_SGN,2019,26.6
VN_SGN,2021,29.2
VN_SGN,2017,27.2
VN_SGN,2023,26.8
VN_SGN,2018,29.4
VN_SGN,2017,28.4
VN_SGN,2015,32.5
VN_SGN,2019,30.7
VN_SGN,2020,32.6
VN_SGN,2018,27.3
VN_SGN,2015,32.8
VN_SGN,2023,31.3
VN_SGN,2018,32.3
VN_SGN,2021,31.3
VN_SGN,2019,25.7
VN_SGN,2022,33.1
VN_SGN,2018,29.2
VN_SGN,2022,25.5
VN_SGN,2015,30.3
VN_SGN,2021,34.5
VN_SGN,2022,25.3
VN_SGN,2015,29.1
VN_SGN,2016,22.9
VN_SGN,2025,30.1
VN_SGN,2019,28.2
VN_SGN,2022,27.1
VN_SGN,2020,27.4
VN_SGN,2018,28.6
VN_SGN,2021,31.7
VN_SGN,2025,25.5
VN_SGN,2015,23.8
VN_SGN,2018,30.8
VN_SGN,2025,25.0
VN_SGN,2024,26.0
VN_SGN,2015,31.4
VN_SGN,2021,26.4
VN_SGN,2020,28.1
VN_SGN,2018,27.9
VN_SGN,2016,31.4
VN_SGN,2017,28.9
VN_SGN,2024,34.0
VN_SGN,2023,32.8
VN_SGN,2024,32.4
VN_SGN,2015,30.9
VN_SGN,2024,36.4
VN_SGN,2019,30.3
VN_SGN,2023,28.4
VN_SGN,2016,26.3
VN_SGN,2022,28.8
VN_SGN,2022,29.1
VN_SGN,2017,26.3
VN_SGN,2015,24.1
VN_SGN,2022,31.1
VN_SGN,2025,25.2
VN_SGN,2024,30.8
VN_SGN,2018,25.6
VN_SGN,2023,24.7
VN_SGN,2020,28.1
VN_SGN,2021,24.5
VN_SGN,2022,29.1
VN_SGN,2018,30.0
VN_SGN,2018,28.9
VN_SGN,2020,25.9
VN_SGN,2023,27.5
VN_SGN,2018,21.1
VN_SGN,2018,28.1
VN_SGN,2020,28.3
VN_SGN,2023,29.7
VN_SGN,2015,31.6
VN_SGN,2017,32.2
VN_SGN,2019,29.2
VN_SGN,2019,28.0
VN_SGN,2015,30.9
VN_SGN,2017,31.3
VN_SGN,2016,30.8
VN_SGN,2020,32.2
VN_SGN,2023,30.5
VN_SGN,2018,30.6
VN_SGN,2020,26.2
VN_SGN,2022,28.2
VN_SGN,2016,25.5
VN_SGN,2015,30.8
VN_SGN,2017,29.6
VN_SGN,2016,28.1
VN_SGN,2018,30.3
VN_SGN,2023,31.6
VN_SGN,2015,27.5
VN_SGN,2023,23.6
VN_SGN,2015,29.0
VN_SGN,2018,27.7
VN_SGN,2019,26.2
VN_SGN,2020,30.7
VN_SGN,2023,26.6
VN_SGN,2015,22.5
VN_SGN,2015,32.1
VN_SGN,2016,29.0
VN_SGN,2020,29.0
VN_SGN,2019,24.7
VN_SGN,2020,29.6
VN_SGN,2018,29.7
VN_SGN,2017,29.3
VN_SGN,2024,29.7
VN_SGN,2015,27.3
VN_SGN,2025,29.5
VN_SGN,2020,23.6
VN_SGN,2015,29.1
VN_SGN,2022,29.4
VN_SGN,2017,27.9
VN_SGN,2021,32.4
VN_SGN,2025,27.5
VN_SGN,2015,26.5
VN_SGN,2015,31.6
VN_SGN,2025,28.5
VN_SGN,2019,28.1
VN_SGN,2018,26.0
VN_SGN,2024,23.9
VN_SGN,2024,28.8
VN_SGN,2025,27.9
VN_SGN,2018,30.3
VN_SGN,2020,26.7
VN_SGN,2017,33.1
VN_SGN,2020,25.7
VN_SGN,2021,24.8
VN_SGN,2018,22.9
VN_SGN,2019,29.0
VN_SGN,2023,29.0
VN_SGN,2025,25.8
VN_SGN,2019,28.5
VN_SGN,2022,26.0
VN_SGN,2022,28.2
VN_SGN,2024,30.8
VN_SGN,2019,32.5
VN_SGN,2017,28.7
VN_SGN,2018,32.0
VN_SGN,2018,25.9
VN_SGN,2023,31.0
VN_SGN,2020,25.1
VN_SGN,2020,28.7
VN_SGN,2023,33.7
VN_SGN,2016,27.9
VN_SGN,2022,31.4
VN_SGN,2024,34.3
VN_SGN,2023,35.4
VN_SGN,2022,32.4
VN_SGN,2020,28.5
VN_SGN,2021,33.2
VN_SGN,2015,27.3
VN_SGN,2018,26.5
VN_SGN,2017,20.9
VN_SGN,2016,33.9
VN_SGN,2016,28.2
VN_SGN,2024,30.5
VN_SGN,2023,30.9
VN_SGN,2020,27.5
VN_SGN,2019,28.5
VN_SGN,2015,31.3
VN_SGN,2020,32.3
VN_SGN,2021,25.6
VN_SGN,2021,30.3
VN_SGN,2023,27.5
VN_SGN,2017,30.1
VN_SGN,2015,28.8
VN_SGN,2023,27.7
VN_SGN,2024,29.2
VN_SGN,2024,24.4
VN_SGN,2024,29.1
VN_SGN,2022,28.0
VN_SGN,2021,29.3
VN_SGN,2023,30.6
VN_SGN,2024,29.9
VN_SGN,2016,30.5
VN_SGN,2023,24.6
VN_SGN,2024,28.6
VN_SGN,2025,26.5
VN_SGN,2025,30.7
VN_SGN,2022,28.1
VN_SGN,2020,24.0
VN_SGN,2018,30.6
VN_SGN,2024,28.5
VN_SGN,2021,21.5
VN_SGN,2024,29.5
VN_SGN,2024,29.1
VN_SGN,2018,31.4
VN_SGN,2025,31.3
VN_SGN,2015,25.7
VN_SGN,2019,25.5
VN_SGN,2016,23.9
VN_SGN,2016,28.2
VN_SGN,2015,29.1
VN_SGN,2017,27.6
VN_SGN,2024,32.2
VN_SGN,2015,26.5
VN_SGN,2022,32.0
VN_SGN,2025,30.6
VN_SGN,2018,29.3
VN_SGN,2022,26.7
VN_SGN,2022,26.3
VN_SGN,2018,32.4
VN_SGN,2023,34.0
VN_SGN,2020,29.8
VN_SGN,2022,37.8
VN_SGN,2025,25.9
VN_SGN,2015,30.4
VN_SGN,2021,36.3
VN_SGN,2023,34.3
VN_SGN,2020,29.7
VN_SGN,2025,32.7
VN_SGN,2018,30.2
VN_SGN,2015,24.6
VN_SGN,2020,36.7
VN_SGN,2019,28.5
VN_SGN,2023,32.2
VN_SGN,2016,33.2
VN_SGN,2021,27.7
VN_SGN,2024,23.6
VN_SGN,2021,24.5
VN_SGN,2022,27.4
VN_SGN,2020,29.4
VN_SGN,2015,24.4
VN_SGN,2025,26.9
VN_SGN,2025,25.0
VN_SGN,2024,29.4
VN_SGN,2021,24.7
VN_SGN,2018,28.8
VN_SGN,2020,29.6
VN_SGN,2018,23.6
VN_SGN,2019,29.1
VN_SGN,2025,27.3
VN_SGN,2024,22.4
VN_SGN,2023,31.7
VN_SGN,2018,27.8
VN_SGN,2020,32.0
VN_SGN,2019,30.7
VN_SGN,2019,31.0
VN_SGN,2023,32.0
VN_SGN,2024,29.6
VN_SGN,2022,30.2
VN_SGN,2023,30.0
VN_SGN,2020,28.7
VN_SGN,2025,22.0
VN_SGN,2024,29.0
VN_SGN,2021,27.9
VN_SGN,2022,25.3
VN_SGN,2015,29.0
VN_SGN,2015,27.7
VN_SGN,2023,29.2
VN_SGN,2016,29.2
VN_SGN,2015,29.7
VN_SGN,2022,27.4
VN_SGN,2023,31.9
VN_SGN,2024,27.2
VN_SGN,2020,32.7
VN_SGN,2017,22.9
VN_SGN,2017,30.1
VN_SGN,2019,31.5
VN_SGN,2022,30.9
VN_SGN,2019,25.0
VN_SGN,2024,31.6
VN_SGN,2020,31.1
VN_SGN,2025,30.7
VN_SGN,2017,26.1
VN_SGN,2016,24.8
VN_SGN,2015,26.8
VN_SGN,2015,29.2
VN_SGN,2023,29.5
VN_SGN,2016,26.5
VN_SGN,2020,33.4
VN_SGN,2021,26.4
VN_SGN,2015,35.0
VN_SGN,2024,23.1
VN_SGN,2016,27.9
VN_SGN,2016,29.3
VN_SGN,2024,25.6
VN_SGN,2022,29.6
VN_SGN,2021,25.5
VN_SGN,2019,34.3
VN_SGN,2023,28.9
VN_SGN,2018,28.0
VN_SGN,2021,31.4
VN_SGN,2020,22.3
VN_SGN,2022,22.8
VN_SGN,2023,31.2
VN_SGN,2023,27.8
VN_SGN,2016,28.4
VN_SGN,2021,21.4
VN_SGN,2020,31.3
VN_SGN,2024,23.5
VN_SGN,2022,28.2
VN_SGN,2020,32.2
VN_SGN,2025,23.3
VN_SGN,2016,33.0
VN_SGN,2015,28.5
VN_SGN,2016,26.8
VN_SGN,2019,22.6
VN_SGN,2018,30.9
VN_SGN,2018,24.2
VN_SGN,2024,25.5
VN_SGN,2018,25.1
VN_SGN,2021,26.2
VN_SGN,2015,32.8
VN_SGN,2021,27.2
VN_SGN,2022,26.5
VN_SGN,2015,31.0
VN_SGN,2020,31.9
VN_SGN,2017,30.2
VN_SGN,2015,27.5
VN_SGN,2016,28.0
VN_SGN,2015,27.6
VN_SGN,2022,32.9
VN_SGN,2017,32.6
VN_SGN,2018,24.3
VN_SGN,2022,29.7
VN_SGN,2021,25.7
VN_SGN,2016,26.4
VN_SGN,2023,27.1
VN_SGN,2019,25.6
VN_SGN,2021,25.4
VN_SGN,2024,28.5
VN_SGN,2017,29.6
VN_SGN,2022,27.0
VN_SGN,2016,23.4
VN_SGN,2015,29.2
VN_SGN,2024,35.2
VN_SGN,2018,25.3
VN_SGN,2022,32.4
VN_SGN,2020,24.3
VN_SGN,2021,24.5
VN_SGN,2015,24.4
VN_SGN,2017,33.3
VN_SGN,2023,28.3
VN_SGN,2015,24.8
VN_SGN,2025,24.1
VN_SGN,2017,22.4
VN_SGN,2018,24.7
VN_SGN,2016,31.1
VN_SGN,2021,23.3
VN_SGN,2023,29.5
VN_SGN,2021,28.6
VN_SGN,2023,21.4
VN_SGN,2017,26.2
VN_SGN,2015,28.2
VN_SGN,2019,33.5
VN_SGN,2023,26.9
VN_SGN,2024,30.3
VN_SGN,2020,26.3
VN_SGN,2015,29.4
VN_SGN,2015,23.0
VN_SGN,2019,21.5
VN_SGN,2020,30.5
VN_SGN,2020,29.8
VN_SGN,2020,25.1
VN_SGN,2023,23.9
VN_SGN,2022,28.8
VN_SGN,2021,29.3
VN_SGN,2016,29.0
VN_SGN,2016,28.2
VN_SGN,2021,25.8
VN_SGN,2018,29.6
VN_SGN,2025,28.7
VN_SGN,2016,29.4
VN_SGN,2021,26.1
VN_SGN,2015,32.0
VN_SGN,2021,31.5
VN_SGN,2016,29.4
VN_SGN,2025,31.5
VN_SGN,2019,29.5
VN_SGN,2021,29.2
VN_SGN,2015,32.9
VN_SGN,2023,29.6
VN_SGN,2015,27.8
VN_SGN,2017,32.1
VN_SGN,2024,30.2
VN_SGN,2022,28.1
VN_SGN,2016,31.8
VN_SGN,2016,26.8
VN_SGN,2018,26.2
VN_SGN,2022,28.1
VN_SGN,2016,26.3
VN_SGN,2021,30.2
VN_SGN,2017,26.7
VN_SGN,2023,32.5
VN_SGN,2015,28.7
VN_SGN,2019,30.7
VN_SGN,2024,29.0
VN_SGN,2015,28.7
VN_SGN,2019,25.7
VN_SGN,2021,27.7
VN_SGN,2016,27.5
VN_SGN,2016,28.5
VN_SGN,2017,25.4
VN_SGN,2019,30.1
VN_SGN,2025,29.6
VN_SGN,2021,32.9
VN_SGN,2025,29.8
VN_SGN,2017,30.2
VN_SGN,2020,35.7
VN_SGN,2019,28.7
VN_SGN,2019,28.7
VN_SGN,2025,28.2
VN_SGN,2024,28.5
VN_SGN,2021,27.8
VN_SGN,2021,22.7
VN_SGN,2021,25.3
VN_SGN,2015,32.2
VN_SGN,2022,23.2
VN_SGN,2015,33.8
VN_SGN,2021,30.6
VN_SGN,2020,32.8
VN_SGN,2022,22.8
VN_SGN,2018,30.3
VN_SGN,2022,24.6
VN_SGN,2018,29.6
VN_SGN,2025,23.9
VN_SGN,2025,31.1
VN_SGN,2018,27.8
VN_SGN,2016,30.0
VN_SGN,2018,26.2
VN_SGN,2023,20.8
VN_SGN,2015,32.0
VN_SGN,2016,24.8
VN_SGN,2023,23.8
VN_SGN,2020,29.6
VN_SGN,2017,29.6
VN_SGN,2023,30.3
VN_SGN,2025,28.8
VN_SGN,2024,29.6
VN_SGN,2024,24.7
VN_SGN,2022,30.5
VN_SGN,2023,27.8
VN_SGN,2021,33.5
VN_SGN,2024,33.4
VN_SGN,2024,31.6
VN_SGN,2020,29.5
VN_SGN,2021,31.8
VN_SGN,2022,27.7
VN_SGN,2019,29.7
VN_SGN,2017,26.4
VN_SGN,2024,28.1
VN_SGN,2024,32.2
VN_SGN,2022,25.2
VN_SGN,2015,26.7
VN_SGN,2025,34.0
VN_SGN,2021,30.5
VN_SGN,2021,28.7
VN_SGN,2022,30.9
VN_SGN,2025,28.5
VN_SGN,2016,32.0
VN_SGN,2022,28.7
VN_SGN,2021,25.3
VN_SGN,2023,26.1
VN_SGN,2022,32.6
VN_SGN,2016,27.3
VN_SGN,2021,27.9
VN_SGN,2017,28.9
VN_SGN,2018,28.0
VN_SGN,2015,30.8
VN_SGN,2020,27.1
VN_SGN,2015,27.8
VN_SGN,2018,29.1
VN_SGN,2023,28.7
VN_SGN,2022,26.7
VN_SGN,2025,25.8
VN_SGN,2023,28.2
VN_SGN,2024,28.0
VN_SGN,2020,24.4
VN_SGN,2016,29.3
VN_SGN,2016,20.4
VN_SGN,2016,31.7
VN_SGN,2019,28.4
VN_SGN,2024,27.5
VN_SGN,2025,29.0
VN_SGN,2024,34.1
VN_SGN,2022,35.7
VN_SGN,2023,27.1
VN_SGN,2021,29.2
VN_SGN,2025,26.6
VN_SGN,2018,29.5
VN_SGN,2016,31.3
VN_SGN,2024,30.0
VN_SGN,2020,31.9
VN_SGN,2020,30.3
VN_SGN,2018,29.1
VN_SGN,2016,28.1
VN_SGN,2017,28.3
VN_SGN,2019,24.7
VN_SGN,2019,31.6
VN_SGN,2015,26.5
VN_SGN,2022,24.5
VN_SGN,2017,30.1
VN_SGN,2024,29.2
VN_SGN,2017,26.7
VN_SGN,2023,25.7
VN_SGN,2017,27.4
VN_SGN,2023,26.0
VN_SGN,2023,32.7
VN_SGN,2020,32.8
VN_SGN,2023,28.4
VN_SGN,2017,29.1
VN_SGN,2024,31.4
VN_SGN,2016,27.9
VN_SGN,2016,28.9
VN_SGN,2017,30.4
VN_SGN,2025,28.4
VN_SGN,2019,23.8
VN_SGN,2019,28.0
VN_SGN,2025,24.6
VN_SGN,2020,31.8
VN_SGN,2018,29.5
VN_SGN,2016,28.3
VN_SGN,2019,25.9
VN_SGN,2017,23.8
VN_SGN,2020,28.4
VN_SGN,2017,27.1
VN_SGN,2020,29.1
VN_SGN,2017,26.8
VN_SGN,2015,32.1
VN_SGN,2019,29.0
VN_SGN,2024,29.5
VN_SGN,2023,31.2
VN_SGN,2019,29.1
VN_SGN,2016,28.8
VN_SGN,2025,27.2
VN_SGN,2018,23.3
VN_SGN,2017,30.6
VN_SGN,2025,28.7
VN_SGN,2020,27.0
VN_SGN,2025,32.0
VN_SGN,2023,28.9
VN_SGN,2022,27.7
VN_SGN,2021,28.2
VN_SGN,2018,26.9
VN_SGN,2020,28.7
VN_SGN,2020,30.5
VN_SGN,2021,26.7
VN_SGN,2024,22.4
VN_SGN,2015,31.7
VN_SGN,2025,29.0
VN_SGN,2015,27.3
VN_SGN,2016,20.3
VN_SGN,2023,29.4
VN_SGN,2017,29.5
VN_SGN,2016,26.1
VN_SGN,2020,32.5
VN_SGN,2016,29.7
VN_SGN,2020,27.2
VN_SGN,2024,29.9
VN_SGN,2016,34.0
VN_SGN,2019,26.7
VN_SGN,2020,30.6
VN_SGN,2024,29.2
VN_SGN,2024,28.9
VN_SGN,2020,27.1
VN_SGN,2015,26.4
VN_SGN,2016,23.9
VN_SGN,2023,35.4
VN_SGN,2018,24.9
VN_SGN,2021,18.9
VN_SGN,2018,21.1
VN_SGN,2024,33.5
VN_SGN,2015,27.9
VN_SGN,2024,25.7
VN_SGN,2015,28.4
VN_SGN,2025,29.5
VN_SGN,2019,25.7
VN_SGN,2022,22.2
VN_SGN,2017,31.2
VN_SGN,2016,29.0
VN_SGN,2025,23.1
VN_SGN,2023,27.2
VN_SGN,2020,27.1
VN_SGN,2022,28.0
VN_SGN,2025,29.6
VN_SGN,2025,28.3
VN_SGN,2023,28.7
VN_SGN,2018,30.0
VN_SGN,2025,27.9
VN_SGN,2024,24.9
VN_SGN,2021,25.4
VN_SGN,2017,24.6
VN_SGN,2020,28.3
VN_SGN,2018,29.2
VN_SGN,2023,23.9
VN_SGN,2023,28.3
VN_SGN,2025,24.6
VN_SGN,2022,28.1
VN_SGN,2016,33.8
VN_SGN,2024,31.0
VN_SGN,2017,33.4
VN_SGN,2019,26.4
VN_SGN,2023,30.1
VN_SGN,2016,26.2
VN_SGN,2020,23.2
VN_SGN,2022,27.1
VN_SGN,2025,29.7
VN_SGN,2020,26.1
VN_SGN,2025,29.4
VN_SGN,2021,23.9
VN_SGN,2019,28.0
VN_SGN,2018,27.4
VN_SGN,2025,33.4
VN_SGN,2018,28.5
VN_SGN,2020,31.8
VN_SGN,2024,30.3
VN_SGN,2019,28.1
VN_SGN,2020,22.7
VN_SGN,2022,24.7
VN_SGN,2019,23.8
VN_SGN,2022,30.8
VN_SGN,2023,34.5
VN_SGN,2016,31.0
VN_SGN,2025,32.9
VN_SGN,2019,24.4
VN_SGN,2017,30.4
VN_SGN,2025,29.4
VN_SGN,2018,28.2
VN_SGN,2015,26.5
VN_SGN,2019,29.9
VN_SGN,2016,31.2
VN_SGN,2023,26.6
VN_SGN,2021,25.3
VN_SGN,2022,25.2
VN_SGN,2024,31.1
VN_SGN,2023,26.2
VN_SGN,2024,31.4
VN_SGN,2018,28.2
VN_SGN,2020,33.5
VN_SGN,2022,33.5
VN_SGN,2024,31.9
VN_SGN,2017,22.5
VN_SGN,2019,33.2
VN_SGN,2016,28.0
VN_SGN,2025,26.0
VN_SGN,2025,32.8
VN_SGN,2024,28.1
VN_SGN,2015,26.3
VN_SGN,2015,24.4
VN_SGN,2017,31.6
VN_SGN,2025,25.3
VN_SGN,2020,28.2
VN_SGN,2018,27.7
VN_SGN,2019,29.7
VN_SGN,2022,28.4
VN_SGN,2023,28.7
VN_SGN,2017,26.4
VN_SGN,2025,22.9
VN_SGN,2025,28.8
VN_SGN,2019,32.9
VN_SGN,2025,28.4
VN_SGN,2015,29.8
VN_SGN,2018,27.3
VN_SGN,2024,26.2
VN_SGN,2020,29.3
VN_SGN,2021,28.7
VN_SGN,2017,29.3
VN_SGN,2015,29.2
VN_SGN,2017,25.9
VN_SGN,2016,28.4
VN_SGN,2025,28.6
VN_SGN,2020,30.0
VN_SGN,2018,29.8
VN_SGN,2016,28.7
VN_SGN,2024,26.4
VN_SGN,2020,26.5
VN_SGN,2023,28.5
VN_SGN,2016,32.9
VN_SGN,2020,28.2
VN_SGN,2021,25.2
VN_SGN,2016,28.2
VN_SGN,2018,26.7
VN_SGN,2025,24.5
VN_SGN,2021,31.9
VN_SGN,2019,24.8
VN_SGN,2021,30.3
VN_SGN,2016,26.0
VN_SGN,2020,27.1
VN_SGN,2024,28.7
VN_SGN,2021,30.2
VN_SGN,2024,25.6
VN_SGN,2019,30.3
VN_SGN,2018,30.5
VN_SGN,2020,28.3
VN_SGN,2015,32.5
VN_SGN,2020,27.9
VN_SGN,2018,31.9
VN_SGN,2019,27.3
VN_SGN,2020,29.6
VN_SGN,2018,27.2
VN_SGN,2024,28.6
VN_SGN,2024,29.4
VN_SGN,2021,25.3
VN_SGN,2016,33.8
VN_SGN,2022,29.4
VN_SGN,2022,35.0
VN_SGN,2018,25.7
VN_SGN,2022,33.3
VN_SGN,2019,27.7
VN_SGN,2021,27.4
VN_SGN,2021,27.8
VN_SGN,2020,29.2
VN_SGN,2022,26.3
VN_SGN,2017,28.3
VN_SGN,2019,26.6
VN_SGN,2020,28.7
VN_SGN,2020,30.2
VN_SGN,2023,28.3
VN_SGN,2021,29.7
VN_SGN,2017,30.1
VN_SGN,2015,31.1
VN_SGN,2024,28.7
VN_SGN,2022,25.4
VN_SGN,2022,26.5
VN_SGN,2023,30.1
VN_SGN,2019,29.1
VN_SGN,2021,29.1
VN_SGN,2021,26.9
VN_SGN,2022,35.8
VN_SGN,2018,27.0
VN_SGN,2019,29.2
VN_SGN,2019,29.0
VN_SGN,2020,29.7
VN_SGN,2020,21.0
VN_SGN,2025,28.5
VN_SGN,2018,32.8
VN_SGN,2022,28.4
VN_SGN,2020,29.2
VN_SGN,2023,36.9
VN_SGN,2015,24.4
VN_SGN,2018,28.5
VN_SGN,2021,26.3
VN_SGN,2021,22.2
VN_SGN,2024,35.6
VN_SGN,2021,24.5
VN_SGN,2017,29.0
VN_SGN,2016,28.9
VN_SGN,2020,31.6
VN_SGN,2025,35.8
VN_SGN,2022,32.8
VN_SGN,2018,27.6
VN_SGN,2024,29.6
VN_SGN,2025,27.0
VN_SGN,2015,27.8
VN_SGN,2020,32.8
VN_SGN,2015,26.3
VN_SGN,2018,30.6
VN_SGN,2022,29.9
VN_SGN,2020,30.1
VN_SGN,2025,31.3
VN_SGN,2024,26.8
VN_SGN,2017,24.4
VN_SGN,2022,34.3
VN_SGN,2023,25.0
VN_SGN,2020,30.9
VN_SGN,2015,25.7
VN_SGN,2022,25.5
VN_SGN,2022,32.9
VN_SGN,2025,28.0
VN_SGN,2022,27.0
VN_SGN,2019,24.9
VN_SGN,2017,32.8
VN_SGN,2024,30.4
VN_SGN,2016,22.0
VN_SGN,2025,31.8
VN_SGN,2023,28.5
VN_SGN,2015,26.3
VN_SGN,2023,26.0
VN_SGN,2021,28.3
VN_SGN,2017,25.2
VN_SGN,2017,31.3
VN_SGN,2025,35.6
VN_SGN,2021,29.3
VN_SGN,2018,26.6
VN_SGN,2020,29.7
VN_SGN,2025,24.9
VN_SGN,2025,29.6
VN_SGN,2022,26.1
VN_SGN,2025,28.8
VN_SGN,2016,33.5
VN_SGN,2025,29.4
VN_SGN,2018,24.9
VN_SGN,2025,26.1
VN_SGN,2024,29.3
VN_SGN,2017,28.4
VN_SGN,2018,29.4
VN_SGN,2023,28.5
VN_SGN,2019,30.8
VN_SGN,2025,22.2
VN_SGN,2018,28.5
VN_SGN,2020,25.3
VN_SGN,2025,26.6
VN_SGN,2017,21.2
VN_SGN,2018,27.6
VN_SGN,2015,25.5
VN_SGN,2025,31.3
VN_SGN,2016,30.8
VN_SGN,2019,22.6
VN_SGN,2017,32.4
VN_SGN,2016,26.0
VN_SGN,2023,25.0
VN_SGN,2019,29.0
VN_SGN,2018,27.6
VN_SGN,2016,25.0
VN_SGN,2022,28.2
VN_SGN,2021,27.7
VN_SGN,2017,26.2
VN_SGN,2017,34.5
VN_SGN,2025,35.2
VN_SGN,2015,27.1
VN_SGN,2021,28.5
VN_SGN,2016,30.8
VN_SGN,2022,35.3
VN_SGN,2016,28.5
VN_SGN,2015,31.0
VN_SGN,2017,29.4
VN_SGN,2017,25.7
VN_SGN,2021,29.5
VN_SGN,2020,29.7
VN_SGN,2024,25.7
VN_SGN,2016,25.0
VN_SGN,2022,32.3
VN_SGN,2019,28.6
VN_SGN,2022,25.4
VN_SGN,2020,26.7
VN_SGN,2022,27.7
VN_SGN,2015,28.7
VN_SGN,2024,21.4
VN_SGN,2021,26.8
VN_SGN,2025,23.8
VN_SGN,2022,27.2
VN_SGN,2023,28.5
VN_SGN,2025,25.6
VN_SGN,2024,26.6
VN_SGN,2017,25.0
VN_SGN,2019,26.6
VN_SGN,2016,28.0
VN_SGN,2019,29.0
VN_SGN,2024,26.6
VN_SGN,2023,25.6
VN_SGN,2021,27.5
VN_SGN,2017,30.3
VN_SGN,2022,32.0
VN_SGN,2017,24.5
VN_SGN,2016,33.2
VN_SGN,2021,21.3
VN_SGN,2022,29.4
VN_SGN,2023,32.7
VN_SGN,2020,28.0
VN_SGN,2023,28.3
VN_SGN,2024,17.8
VN_SGN,2020,21.8
VN_SGN,2016,28.5
VN_SGN,2019,32.2
VN_SGN,2021,30.0
VN_SGN,2016,29.5
VN_SGN,2025,28.9
VN_SGN,2020,26.2
VN_SGN,2016,24.3
VN_SGN,2015,23.2
VN_SGN,2018,26.3
VN_SGN,2019,27.8
VN_SGN,2022,24.2
VN_SGN,2015,30.5
VN_SGN,2025,29.2
VN_SGN,2022,31.0
VN_SGN,2019,26.9
VN_SGN,2021,23.4
VN_SGN,2022,30.3
VN_SGN,2021,31.5
VN_SGN,2019,25.5
VN_SGN,2023,24.2
VN_SGN,2021,25.7
VN_SGN,2018,26.5
VN_SGN,2022,28.8
VN_SGN,2024,33.7
VN_SGN,2016,28.4
VN_SGN,2016,28.0
VN_SGN,2020,30.1
VN_SGN,2017,34.3
VN_SGN,2016,27.9
VN_SGN,2022,31.5
VN_SGN,2023,31.4
VN_SGN,2024,29.5
VN_SGN,2020,27.1
VN_SGN,2023,26.3
VN_SGN,2023,27.0
VN_SGN,2020,28.7
VN_SGN,2018,25.5
VN_SGN,2024,28.3
VN_SGN,2024,29.5
VN_SGN,2016,37.0
VN_SGN,2017,29.1
VN_SGN,2017,28.2
VN_SGN,2025,29.2
VN_SGN,2024,27.9
VN_SGN,2018,26.9
VN_SGN,2022,33.2
VN_SGN,2024,27.9
VN_SGN,2019,27.0
VN_SGN,2023,29.0
VN_SGN,2021,27.1
VN_SGN,2018,32.9
VN_SGN,2018,22.3
VN_SGN,2025,29.2
VN_SGN,2019,25.3
VN_SGN,2025,25.6
VN_SGN,2022,30.9
VN_SGN,2025,33.5
VN_SGN,2019,34.5
VN_SGN,2016,23.5
VN_SGN,2016,30.2
VN_SGN,2015,29.6
VN_SGN,2025,22.6
VN_SGN,2020,29.5
VN_SGN,2019,26.5
VN_SGN,2016,32.6
VN_SGN,2021,32.7
VN_SGN,2020,30.1
VN_SGN,2020,29.6
VN_SGN,2015,29.2
VN_SGN,2015,28.2
VN_SGN,2016,29.0
VN_SGN,2022,27.6
VN_SGN,2021,28.2
VN_SGN,2017,25.6
VN_SGN,2015,28.3
VN_SGN,2018,22.9
VN_SGN,2022,25.5
VN_SGN,2019,28.4
VN_SGN,2020,27.2
VN_SGN,2018,24.3
VN_SGN,2025,34.1
VN_SGN,2025,31.0
VN_SGN,2015,31.3
VN_SGN,2025,31.7
VN_SGN,2024,28.1
VN_SGN,2017,28.9
VN_SGN,2022,30.4
VN_SGN,2021,27.5
VN_SGN,2016,27.2
VN_SGN,2016,25.3
VN_SGN,2022,31.6
VN_SGN,2021,32.4
VN_SGN,2023,24.7
VN_SGN,2015,32.8
VN_SGN,2021,27.8
VN_SGN,2018,28.3
VN_SGN,2015,30.0
VN_SGN,2023,26.8
VN_SGN,2020,29.1
VN_SGN,2016,30.0
VN_SGN,2018,29.6
VN_SGN,2023,22.5
VN_SGN,2022,27.4
VN_SGN,2016,27.7
VN_SGN,2018,27.2
VN_SGN,2016,28.5
VN_SGN,2019,30.6
VN_SGN,2020,27.9
VN_SGN,2024,32.8
VN_SGN,2019,31.4
VN_SGN,2022,24.0
VN_SGN,2017,28.1
VN_SGN,2023,27.0
VN_SGN,2019,25.0
VN_SGN,2016,26.5
VN_SGN,2017,29.3
VN_SGN,2017,24.3
VN_SGN,2017,31.9
VN_SGN,2016,29.0
VN_SGN,2015,36.0
VN_SGN,2016,25.2
VN_SGN,2019,25.2
VN_SGN,2022,30.2
VN_SGN,2015,29.8
VN_SGN,2023,28.7
VN_SGN,2021,29.0
VN_SGN,2022,33.9
VN_SGN,2021,28.5
VN_SGN,2016,30.8
VN_SGN,2016,26.9
VN_SGN,2025,32.1
VN_SGN,2023,28.1
VN_SGN,2022,31.1
VN_SGN,2021,29.8
VN_SGN,2015,28.8
VN_SGN,2024,23.6
VN_SGN,2015,28.1
VN_SGN,2016,23.4
VN_SGN,2025,25.0
VN_SGN,2016,34.0
VN_SGN,2018,27.0
VN_SGN,2016,30.1
VN_SGN,2023,30.8
VN_SGN,2024,31.0
VN_SGN,2022,26.1
VN_SGN,2021,31.0
VN_SGN,2024,26.4
VN_SGN,2024,26.8
VN_SGN,2022,23.6
VN_SGN,2015,30.4
VN_SGN,2018,32.2
VN_SGN,2021,31.4
VN_SGN,2022,31.0
VN_SGN,2016,26.6
VN_SGN,2019,26.5
VN_SGN,2023,25.8
VN_SGN,2017,30.8
VN_SGN,2024,34.3
VN_SGN,2017,27.4
VN_SGN,2021,31.2
VN_SGN,2021,23.4
VN_SGN,2025,26.6
VN_SGN,2021,29.8
VN_SGN,2020,28.1
VN_SGN,2020,28.2
VN_SGN,2019,24.7
VN_SGN,2020,29.5
VN_SGN,2022,26.7
VN_SGN,2022,25.6
VN_SGN,2018,33.8
VN_SGN,2024,31.1
VN_SGN,2019,23.7
VN_SGN,2018,27.9
VN_SGN,2019,29.0
VN_SGN,2025,28.1
VN_SGN,2015,27.6
VN_SGN,2023,32.8
VN_SGN,2024,26.2
VN_SGN,2022,24.5
VN_SGN,2016,30.1
VN_SGN,2019,30.9
VN_SGN,2022,37.1
VN_SGN,2021,28.0
VN_SGN,2024,29.9
VN_SGN,2025,29.7
VN_SGN,2025,28.1
VN_SGN,2018,23.3
VN_SGN,2024,24.6
VN_SGN,2025,29.1
VN_SGN,2017,27.3
VN_SGN,2025,30.2
VN_SGN,2018,29.3
VN_SGN,2024,28.5
VN_SGN,2019,27.6
VN_SGN,2019,26.1
VN_SGN,2018,27.5
VN_SGN,2015,25.6
VN_SGN,2023,29.3
VN_SGN,2017,31.0
VN_SGN,2025,30.8
VN_SGN,2024,27.1
VN_SGN,2025,27.3
VN_SGN,2016,30.2
VN_SGN,2015,33.0
VN_SGN,2025,27.1
VN_SGN,2017,26.5
VN_SGN,2015,30.9
VN_SGN,2024,28.3
VN_SGN,2016,29.5
VN_SGN,2025,29.2
VN_SGN,2024,32.0
VN_SGN,2020,26.8
VN_SGN,2021,29.4
VN_SGN,2025,28.8
VN_SGN,2018,36.9
VN_SGN,2024,34.4
VN_SGN,2018,29.2
VN_SGN,2025,29.7
VN_SGN,2017,28.9
VN_SGN,2015,28.4
VN_SGN,2024,28.9
VN_SGN,2019,29.8
VN_SGN,2022,33.3
VN_SGN,2023,25.2
VN_SGN,2020,25.8
VN_SGN,2020,23.0
VN_SGN,2025,31.9
VN_SGN,2016,28.2
VN_SGN,2017,24.5
VN_SGN,2023,27.6
VN_SGN,2025,31.3
VN_SGN,2020,27.6
VN_SGN,2019,31.0
VN_SGN,2024,25.9
VN_SGN,2025,27.5
VN_SGN,2017,28.1
VN_SGN,2025,30.2
VN_SGN,2022,21.6
VN_SGN,2021,25.4
VN_SGN,2016,30.4
VN_SGN,2021,32.7
VN_SGN,2018,28.3
VN_SGN,2018,26.9
VN_SGN,2022,26.2
VN_SGN,2022,28.5
VN_SGN,2024,29.7
VN_SGN,2021,27.5
VN_SGN,2015,31.9
VN_SGN,2015,26.4
VN_SGN,2017,30.0
VN_SGN,2015,27.1
VN_SGN,2016,27.3
VN_SGN,2020,26.6
VN_SGN,2020,31.4
VN_SGN,2023,28.9
VN_SGN,2020,32.0
VN_SGN,2017,31.6
VN_SGN,2020,30.6
VN_SGN,2024,28.3
VN_SGN,2021,32.6
VN_SGN,2016,27.9
VN_SGN,2017,28.4
VN_SGN,2023,36.7
VN_SGN,2023,26.6
VN_SGN,2020,27.4
VN_SGN,2016,26.4
VN_SGN,2025,25.4
VN_SGN,2021,28.6
VN_SGN,2021,29.7
VN_SGN,2016,32.2
VN_SGN,2025,30.8
VN_SGN,2020,26.5
VN_SGN,2023,27.7
VN_SGN,2016,24.2
VN_SGN,2024,30.4
VN_SGN,2023,22.6
VN_SGN,2025,32.1
VN_SGN,2021,28.9
VN_SGN,2021,29.7
VN_SGN,2020,28.2
VN_SGN,2022,25.9
VN_SGN,2024,23.0
VN_SGN,2018,31.6
VN_SGN,2021,26.0
VN_SGN,2015,25.4
VN_SGN,2023,29.5
VN_SGN,2025,28.5
VN_SGN,2023,26.1
VN_SGN,2019,28.0
VN_SGN,2025,27.3
VN_SGN,2017,25.0
VN_SGN,2022,32.8
VN_SGN,2020,26.3
VN_SGN,2019,26.5
VN_SGN,2015,28.3
VN_SGN,2022,28.6
VN_SGN,2025,31.9
VN_SGN,2025,28.6
VN_SGN,2020,29.1
VN_SGN,2017,28.4
VN_SGN,2023,28.5
VN_SGN,2020,26.4
VN_SGN,2023,27.5
VN_SGN,2024,24.0
VN_SGN,2016,28.9
VN_SGN,2021,29.1
VN_SGN,2024,26.4
VN_SGN,2023,26.3
VN_SGN,2016,25.0
VN_SGN,2021,30.8
VN_SGN,2024,27.5
VN_SGN,2018,29.1
VN_SGN,2024,27.4
VN_SGN,2021,30.1
VN_SGN,2025,29.8
VN_SGN,2015,32.7
VN_SGN,2025,29.0
VN_SGN,2021,28.1
VN_SGN,2021,29.8
VN_SGN,2020,30.5
VN_SGN,2022,31.2
VN_SGN,2022,26.6
VN_SGN,2015,27.2
VN_SGN,2021,29.1
VN_SGN,2023,33.4
VN_SGN,2023,30.3
VN_SGN,2022,29.7
VN_SGN,2024,28.3
VN_SGN,2022,25.7
VN_SGN,2017,27.1
VN_SGN,2019,32.6
VN_SGN,2021,25.3
VN_SGN,2022,26.7
VN_SGN,2018,27.9
VN_SGN,2023,28.1
VN_SGN,2021,28.6
VN_SGN,2024,33.3
VN_SGN,2024,30.4
VN_SGN,2025,26.7
VN_SGN,2022,28.2
VN_SGN,2016,31.2
VN_SGN,2018,26.7
VN_SGN,2025,25.1
VN_SGN,2018,29.6
VN_SGN,2016,29.7
VN_SGN,2019,27.6
VN_SGN,2021,27.2
VN_SGN,2021,29.7
VN_SGN,2015,27.4
VN_SGN,2018,28.0
VN_SGN,2020,28.2
VN_SGN,2022,26.6
VN_SGN,2023,31.5
VN_SGN,2015,27.3
VN_SGN,2020,24.2
VN_SGN,2021,32.1
VN_SGN,2016,30.3
VN_SGN,2015,24.3
VN_SGN,2017,23.8
VN_SGN,2016,27.6
VN_SGN,2015,26.2
VN_SGN,2018,27.4
VN_SGN,2020,31.4
VN_SGN,2022,23.6
VN_SGN,2017,31.8
VN_SGN,2021,26.1
VN_SGN,2019,30.8
VN_SGN,2015,31.1
VN_SGN,2024,25.8
VN_SGN,2015,25.5
VN_SGN,2024,26.3
VN_SGN,2019,27.4
VN_SGN,2017,33.5
VN_SGN,2022,27.3
VN_SGN,2021,27.0
VN_SGN,2023,26.9
VN_SGN,2023,34.5
VN_SGN,2023,31.9
VN_SGN,2016,31.4
VN_SGN,2017,32.2
VN_SGN,2017,32.6
VN_SGN,2025,26.2
VN_SGN,2018,27.1
VN_SGN,2019,31.5
VN_SGN,2016,32.7
VN_SGN,2020,25.5
VN_SGN,2021,29.6
VN_SGN,2022,31.5
VN_SGN,2015,30.3
VN_SGN,2020,25.0
VN_SGN,2017,26.8
VN_SGN,2021,22.3
VN_SGN,2024,22.2
VN_SGN,2024,28.3
VN_SGN,2018,28.0
VN_SGN,2024,25.9
VN_SGN,2018,28.2
VN_SGN,2025,30.3
VN_SGN,2023,28.2
VN_SGN,2025,25.1
VN_SGN,2019,25.1
VN_SGN,2018,24.7
VN_SGN,2018,24.9
VN_SGN,2016,26.6
VN_SGN,2021,29.3
VN_SGN,2025,29.0
VN_SGN,2021,31.6
VN_SGN,2022,28.0
VN_SGN,2016,29.3
VN_SGN,2015,31.1
VN_SGN,2015,30.0
VN_SGN,2019,30.7
VN_SGN,2022,29.9
VN_SGN,2024,29.7
VN_SGN,2024,22.8
VN_SGN,2025,25.9
VN_SGN,2019,33.8
VN_SGN,2025,26.0
VN_SGN,2023,26.0
VN_SGN,2016,28.6
VN_SGN,2018,26.0
VN_SGN,2019,31.4
VN_SGN,2018,22.3
VN_SGN,2019,33.3
VN_SGN,2021,33.4
VN_SGN,2024,35.8
VN_SGN,2025,25.6
VN_SGN,2019,32.2
VN_SGN,2025,22.6
VN_SGN,2023,24.2
VN_SGN,2021,28.9
VN_SGN,2021,30.0
VN_SGN,2023,16.8
VN_SGN,2018,29.4
VN_SGN,2017,27.3
VN_SGN,2021,17.4
VN_SGN,2021,28.1
VN_SGN,2022,25.0
VN_SGN,2020,31.7
VN_SGN,2025,27.1
VN_SGN,2021,27.5
VN_SGN,2016,29.9
VN_SGN,2015,29.3
VN_SGN,2023,32.6
VN_SGN,2020,28.1
VN_SGN,2021,33.8
VN_SGN,2019,28.0
VN_SGN,2021,29.1
VN_SGN,2022,25.7
VN_SGN,2020,33.3
VN_SGN,2022,30.5
VN_SGN,2020,30.3
VN_SGN,2016,28.1
VN_SGN,2023,25.9
VN_SGN,2016,27.9
VN_SGN,2023,28.5
VN_SGN,2016,30.6
VN_SGN,2017,26.4
VN_SGN,2023,29.4
VN_SGN,2021,29.6
VN_SGN,2025,31.1
VN_SGN,2017,25.6
VN_SGN,2021,24.4
VN_SGN,2022,28.4
VN_SGN,2023,24.9
VN_SGN,2020,32.4
VN_SGN,2024,22.1
VN_SGN,2019,32.3
VN_SGN,2017,29.3
VN_SGN,2019,27.3
VN_SGN,2018,24.5
VN_SGN,2025,29.9
VN_SGN,2023,29.8
VN_SGN,2017,23.9
VN_SGN,2019,24.6
VN_SGN,2025,25.8
VN_SGN,2023,28.1
VN_SGN,2021,31.5
VN_SGN,2017,26.2
VN_SGN,2022,27.6
VN_SGN,2016,34.1
VN_SGN,2022,29.0
VN_SGN,2019,29.1
VN_SGN,2023,29.2
VN_SGN,2016,29.7
VN_SGN,2024,33.6
VN_SGN,2025,27.4
VN_SGN,2017,26.4
VN_SGN,2020,29.9
VN_SGN,2015,30.4
VN_SGN,2023,28.0
VN_SGN,2021,30.1
VN_SGN,2019,26.5
VN_SGN,2018,26.9
VN_SGN,2019,24.6
VN_SGN,2018,24.9
VN_SGN,2023,27.4
VN_SGN,2021,28.3
VN_SGN,2023,25.5
VN_SGN,2024,32.7
VN_SGN,2017,24.8
VN_SGN,2015,32.4
VN_SGN,2021,29.0
VN_SGN,2018,31.1
VN_SGN,2021,33.4
VN_SGN,2018,30.9
VN_SGN,2017,27.7
VN_SGN,2025,30.1
VN_SGN,2024,25.3
VN_SGN,2019,32.4
VN_SGN,2017,25.4
VN_SGN,2024,36.6
VN_SGN,2019,26.6
VN_SGN,2019,30.7
VN_SGN,2016,28.7
VN_SGN,2022,24.8
VN_SGN,2019,29.4
VN_SGN,2019,25.1
VN_SGN,2024,28.4
VN_SGN,2015,30.7
VN_SGN,2020,27.7
VN_SGN,2021,26.9
VN_SGN,2016,26.6
VN_SGN,2016,29.1
VN_SGN,2018,32.2
VN_SGN,2021,26.7
VN_SGN,2020,29.3
VN_SGN,2018,29.4
VN_SGN,2020,30.7
VN_SGN,2019,27.8
VN_SGN,2022,24.9
VN_SGN,2016,26.5
VN_SGN,2024,27.0
VN_SGN,2015,36.0
VN_SGN,2023,25.9
VN_SGN,2025,29.8
VN_SGN,2020,25.9
VN_SGN,2023,30.9
VN_SGN,2021,31.5
VN_SGN,2024,29.5
VN_SGN,2015,23.9
VN_SGN,2022,29.8
VN_SGN,2022,30.1
VN_SGN,2019,28.2
VN_SGN,2020,26.3
VN_SGN,2015,27.6
VN_SGN,2020,35.1
VN_SGN,2023,21.6
VN_SGN,2018,29.2
VN_SGN,2022,23.3
VN_SGN,2017,30.3
VN_SGN,2024,31.9
VN_SGN,2022,23.9
VN_SGN,2020,34.9
VN_SGN,2016,29.2
VN_SGN,2019,28.3
VN_SGN,2022,25.5
VN_SGN,2016,23.7
VN_SGN,2018,25.8
VN_SGN,2017,29.5
VN_SGN,2023,33.8
VN_SGN,2025,26.4
VN_SGN,2025,29.5
VN_SGN,2015,31.8
VN_SGN,2023,29.2
VN_SGN,2021,28.1
VN_SGN,2019,26.4
VN_SGN,2017,36.7
VN_SGN,2018,26.3
VN_SGN,2018,31.1
VN_SGN,2022,27.8
VN_SGN,2023,30.9
VN_SGN,2023,25.1
VN_SGN,2018,32.7
VN_SGN,2016,28.1
VN_SGN,2022,24.7
VN_SGN,2018,30.4
VN_SGN,2024,29.3
VN_SGN,2018,30.5
VN_SGN,2022,30.8
VN_SGN,2018,27.3
VN_SGN,2021,31.1
VN_SGN,2015,28.4
VN_SGN,2018,26.7
VN_SGN,2015,27.7
VN_SGN,2020,33.2
VN_SGN,2022,32.4
VN_SGN,2022,25.9
VN_SGN,2021,26.5
VN_SGN,2020,29.2
VN_SGN,2015,24.6
VN_SGN,2020,24.9
VN_SGN,2021,26.7
VN_SGN,2025,23.7
VN_SGN,2023,30.6
VN_SGN,2021,27.8
VN_SGN,2017,27.7
VN_SGN,2024,24.5
VN_SGN,2022,27.4
VN_SGN,2022,33.1
VN_SGN,2020,28.1
VN_SGN,2015,31.0
VN_SGN,2024,29.3
VN_SGN,2020,27.3
VN_SGN,2023,34.6
VN_SGN,2022,26.8
VN_SGN,2025,29.8
VN_SGN,2019,28.1
VN_SGN,2023,28.8
VN_SGN,2019,32.3
VN_SGN,2023,24.2
VN_SGN,2019,26.7
VN_SGN,2015,30.5
VN_SGN,2018,26.3
VN_SGN,2017,26.2
VN_SGN,2018,31.2
VN_SGN,2015,25.5
VN_SGN,2019,32.4
VN_SGN,2018,32.7
VN_SGN,2017,25.0
VN_SGN,2019,27.7
VN_SGN,2022,28.2
VN_SGN,2017,27.4
VN_SGN,2018,28.3
VN_SGN,2020,33.2
VN_SGN,2021,31.7
VN_SGN,2015,35.3
VN_SGN,2020,32.9
VN_SGN,2021,31.8
VN_SGN,2021,30.0
VN_SGN,2022,35.2
VN_SGN,2016,30.8
VN_SGN,2015,28.0
VN_SGN,2018,26.9
VN_SGN,2016,27.3
VN_SGN,2015,30.6
VN_SGN,2017,21.2
VN_SGN,2019,33.0
VN_SGN,2022,30.5
VN_SGN,2015,27.0
VN_SGN,2020,29.2
VN_SGN,2017,29.5
VN_SGN,2022,29.1
VN_SGN,2021,24.1
VN_SGN,2023,26.4
VN_SGN,2015,26.5
VN_SGN,2021,26.6
VN_SGN,2017,34.2
VN_SGN,2025,32.4
VN_SGN,2016,32.3
VN_SGN,2019,25.3
VN_SGN,2024,30.8
VN_SGN,2023,29.7
VN_SGN,2024,33.7
VN_SGN,2020,29.7
VN_SGN,2024,34.3
VN_SGN,2021,26.0
VN_SGN,2020,30.6
VN_SGN,2020,34.0
VN_SGN,2025,27.2
VN_SGN,2018,25.1
VN_SGN,2019,26.0
VN_SGN,2017,32.3
VN_SGN,2015,29.0
VN_SGN,2018,26.6
VN_SGN,2017,27.0
VN_SGN,2020,25.7
VN_SGN,2024,29.4
VN_SGN,2020,30.5
VN_SGN,2020,31.0
VN_SGN,2025,29.3
VN_SGN,2018,30.5
VN_SGN,2015,36.3
VN_SGN,2025,31.1
VN_SGN,2016,26.9
VN_SGN,2025,31.6
VN_SGN,2017,25.5
VN_SGN,2022,24.8
VN_SGN,2020,25.3
VN_SGN,2018,24.7
VN_SGN,2018,32.6
VN_SGN,2023,25.7
VN_SGN,2017,27.2
VN_SGN,2025,35.3
VN_SGN,2017,30.9
VN_SGN,2024,28.6
VN_SGN,2016,28.5
VN_SGN,2024,28.9
VN_SGN,2016,24.7
VN_SGN,2021,27.0
VN_SGN,2021,27.9
VN_SGN,2015,30.4
VN_SGN,2025,25.9
VN_SGN,2021,26.6
VN_SGN,2016,28.8
VN_SGN,2019,28.4
VN_SGN,2022,29.6
VN_SGN,2015,34.5
VN_SGN,2016,29.1
VN_SGN,2017,26.2
VN_SGN,2020,26.9
VN_SGN,2021,28.7
VN_SGN,2023,31.8
VN_SGN,2017,33.1
VN_SGN,2015,28.7
VN_SGN,2024,34.5
VN_SGN,2024,28.3
VN_SGN,2017,27.5
VN_SGN,2021,26.6
VN_SGN,2021,35.4
VN_SGN,2015,33.1
VN_SGN,2017,31.5
VN_SGN,2022,30.9
VN_SGN,2015,26.3
VN_SGN,2017,33.7
VN_SGN,2023,22.8
VN_SGN,2023,27.2
VN_SGN,2017,27.7
VN_SGN,2019,33.4
VN_SGN,2024,26.3
VN_SGN,2016,25.4
VN_SGN,2022,32.6
VN_SGN,2017,29.1
VN_SGN,2021,28.9
VN_SGN,2016,27.8
VN_SGN,2015,27.7
VN_SGN,2015,27.3
VN_SGN,2018,23.2
VN_SGN,2018,27.2
VN_SGN,2020,26.5
VN_SGN,2023,30.4
VN_SGN,2015,28.9
VN_SGN,2016,30.1
VN_SGN,2021,25.3
VN_SGN,2015,26.3
VN_SGN,2021,34.2
VN_SGN,2017,28.2
VN_SGN,2017,29.2
VN_SGN,2021,25.4
VN_SGN,2018,30.4
VN_SGN,2015,31.5
VN_SGN,2025,30.7
VN_SGN,2024,30.1
VN_SGN,2021,28.0
VN_SGN,2020,31.8
VN_SGN,2018,30.3
VN_SGN,2021,30.4
VN_SGN,2018,26.1
VN_SGN,2018,28.2
VN_SGN,2019,31.5
VN_SGN,2018,26.8
VN_SGN,2015,30.6
VN_SGN,2025,27.2
VN_SGN,2021,32.5
VN_SGN,2020,31.1
VN_SGN,2022,22.4
VN_SGN,2020,29.6
VN_SGN,2020,26.8
VN_SGN,2020,24.6
VN_SGN,2017,26.8
VN_SGN,2021,33.4
VN_SGN,2019,30.7
VN_SGN,2021,30.6
VN_SGN,2020,29.9
VN_SGN,2020,28.0
VN_SGN,2024,28.1
VN_SGN,2015,24.5
VN_SGN,2021,29.2
VN_SGN,2023,30.1
VN_SGN,2022,29.3
VN_SGN,2023,31.4
VN_SGN,2015,34.3
VN_SGN,2021,28.4
VN_SGN,2022,30.2
VN_SGN,2016,30.6
VN_SGN,2015,31.9
VN_SGN,2017,27.5
VN_SGN,2018,29.2
VN_SGN,2016,28.9
VN_SGN,2020,29.0
VN_SGN,2023,28.3
VN_SGN,2023,27.7
VN_SGN,2021,29.5
VN_SGN,2021,27.4
VN_SGN,2024,27.9
VN_SGN,2021,33.7
VN_SGN,2018,29.5
VN_SGN,2019,32.7
VN_SGN,2021,30.1
VN_SGN,2017,28.5
VN_SGN,2016,28.2
VN_SGN,2018,29.0
VN_SGN,2023,29.3
VN_SGN,2015,30.1
VN_SGN,2023,28.7
VN_SGN,2018,26.0
VN_SGN,2018,24.2
VN_SGN,2015,28.9
VN_SGN,2019,27.1
VN_SGN,2018,29.2
VN_SGN,2019,31.6
VN_SGN,2018,29.2
VN_SGN,2020,29.3
VN_SGN,2023,29.9
VN_SGN,2021,28.2
VN_SGN,2023,28.5
VN_SGN,2021,29.2
VN_SGN,2016,28.8
VN_SGN,2023,31.0
VN_SGN,2015,35.7
VN_SGN,2025,26.8
VN_SGN,2020,28.3
VN_SGN,2021,27.0
VN_SGN,2024,30.6
VN_SGN,2015,32.9
VN_SGN,2025,27.9
VN_SGN,2024,25.2
VN_SGN,2022,31.7
VN_SGN,2021,31.4
VN_SGN,2022,30.7
VN_SGN,2024,25.9
VN_SGN,2016,33.2
VN_SGN,2015,27.5
VN_SGN,2017,28.8
VN_SGN,2019,31.8
VN_SGN,2024,33.2
VN_SGN,2017,26.7
VN_SGN,2021,30.3
VN_SGN,2025,28.7
VN_SGN,2019,27.4
VN_SGN,2022,32.8
VN_SGN,2025,26.6
VN_SGN,2019,29.6
VN_SGN,2020,25.1
VN_SGN,2018,31.3
VN_SGN,2018,34.6
VN_SGN,2018,21.9
VN_SGN,2015,29.3
VN_SGN,2022,24.2
VN_SGN,2017,31.0
VN_SGN,2020,28.8
VN_SGN,2015,33.4
VN_SGN,2023,35.1
VN_SGN,2022,25.2
VN_SGN,2015,29.2
VN_SGN,2019,27.0
VN_SGN,2024,27.9
VN_SGN,2016,24.9
VN_SGN,2018,33.1
VN_SGN,2025,33.6
VN_SGN,2019,30.4
VN_SGN,2023,27.8
VN_SGN,2016,21.9
VN_SGN,2020,25.6
VN_SGN,2023,29.4
VN_SGN,2021,33.3
VN_SGN,2023,30.3
VN_SGN,2023,33.0
VN_SGN,2018,20.6
VN_SGN,2018,29.7
VN_SGN,2019,30.1
VN_SGN,2022,29.3
VN_SGN,2022,25.8
VN_SGN,2015,20.7
VN_SGN,2022,34.1
VN_SGN,2015,23.2
VN_SGN,2020,24.5
VN_SGN,2024,30.0
VN_SGN,2023,31.7
VN_SGN,2022,31.0
VN_SGN,2024,25.2
VN_SGN,2019,28.5
VN_SGN,2017,31.0
VN_SGN,2019,25.3
VN_SGN,2016,26.0
VN_SGN,2016,29.5
VN_SGN,2019,31.7
VN_SGN,2025,31.1
VN_SGN,2024,25.7
VN_SGN,2016,24.8
VN_SGN,2015,23.8
VN_SGN,2023,29.0
VN_SGN,2020,26.2
VN_SGN,2018,29.0
VN_SGN,2015,29.8
VN_SGN,2017,24.9
VN_SGN,2019,30.7
VN_SGN,2023,29.0
VN_SGN,2025,29.9
VN_SGN,2024,29.6
VN_SGN,2017,27.1
VN_SGN,2015,28.5
VN_SGN,2025,31.8
VN_SGN,2022,29.9
VN_SGN,2022,24.4
VN_SGN,2025,30.9
VN_SGN,2025,26.9
VN_SGN,2021,28.1
VN_SGN,2022,24.4
VN_SGN,2015,28.9
VN_SGN,2020,25.1
VN_SGN,2021,31.2
VN_SGN,2025,21.7
VN_SGN,2019,25.8
VN_SGN,2016,22.0
VN_SGN,2024,29.8
VN_SGN,2023,25.9
VN_SGN,2021,33.8
VN_SGN,2018,29.7
VN_SGN,2022,24.4
VN_SGN,2016,26.5
VN_SGN,2017,30.0
VN_SGN,2025,28.9
VN_SGN,2021,25.8
VN_SGN,2021,23.6
VN_SGN,2022,35.0
VN_SGN,2019,28.5
VN_SGN,2015,31.7
VN_SGN,2020,31.9
VN_SGN,2016,28.7
VN_SGN,2020,37.8
VN_SGN,2021,25.8
VN_SGN,2024,32.2
VN_SGN,2018,27.0
VN_SGN,2025,29.0
VN_SGN,2024,27.5
VN_SGN,2015,26.4
VN_SGN,2021,27.3
VN_SGN,2021,33.0
VN_SGN,2025,32.0
VN_SGN,2019,32.1
VN_SGN,2024,27.0
VN_SGN,2020,32.5
VN_SGN,2025,29.3
VN_SGN,2025,34.5
VN_SGN,2023,32.5
VN_SGN,2020,21.4
VN_SGN,2017,28.3
VN_SGN,2025,29.3
VN_SGN,2015,28.6
VN_SGN,2024,31.0
VN_SGN,2018,27.1
VN_SGN,2022,27.4
VN_SGN,2019,30.7
VN_SGN,2023,29.2
VN_SGN,2017,25.5
VN_SGN,2017,26.2
VN_SGN,2024,26.6
VN_SGN,2019,28.7
VN_SGN,2016,27.6
VN_SGN,2020,30.5
VN_SGN,2023,28.8
VN_SGN,2016,25.5
VN_SGN,2017,30.5
VN_SGN,2022,25.1
VN_SGN,2016,31.0
VN_SGN,2021,24.7
VN_SGN,2021,28.7
VN_SGN,2015,34.3
VN_SGN,2016,29.2
VN_SGN,2019,22.6
VN_SGN,2024,32.8
VN_SGN,2023,31.2
VN_SGN,2022,26.6
VN_SGN,2016,29.7
VN_SGN,2023,30.3
VN_SGN,2022,25.2
VN_SGN,2017,23.0
VN_SGN,2016,29.8
VN_SGN,2021,27.1
VN_SGN,2021,30.2
VN_SGN,2017,27.2
VN_SGN,2016,29.0
VN_SGN,2023,30.7
VN_SGN,2025,26.5
VN_SGN,2025,24.3
VN_SGN,2020,27.4
VN_SGN,2023,24.4
VN_SGN,2024,29.8
VN_SGN,2019,30.9
VN_SGN,2023,23.0
VN_SGN,2025,27.9
VN_SGN,2017,25.0
VN_SGN,2021,34.8
VN_SGN,2020,30.8
VN_SGN,2015,21.8
VN_SGN,2024,23.4
VN_SGN,2019,27.2
VN_SGN,2025,26.6
VN_SGN,2024,28.3
VN_SGN,2024,26.8
VN_SGN,2023,25.7
VN_SGN,2020,28.0
VN_SGN,2018,25.4
VN_SGN,2017,32.4
VN_SGN,2015,32.4
VN_SGN,2024,29.2
VN_SGN,2022,28.6
VN_SGN,2024,28.6
VN_SGN,2017,22.8
VN_SGN,2025,28.2
VN_SGN,2021,22.8
VN_SGN,2023,30.1
VN_SGN,2024,31.0
VN_SGN,2015,30.0
VN_SGN,2016,27.8
VN_SGN,2025,28.6
VN_SGN,2022,25.2
VN_SGN,2019,22.4
VN_SGN,2020,32.0
VN_SGN,2015,33.6
VN_SGN,2022,26.9
VN_SGN,2021,29.5
VN_SGN,2019,28.9
VN_SGN,2020,30.2
VN_SGN,2019,26.3
VN_SGN,2015,30.4
VN_SGN,2018,28.2
VN_SGN,2019,28.0
VN_SGN,2024,29.9
VN_SGN,2021,31.3
VN_SGN,2023,29.1
VN_SGN,2025,28.8
VN_SGN,2024,25.5
VN_SGN,2025,28.0
VN_SGN,2021,28.6
VN_SGN,2021,29.7
VN_SGN,2023,26.6
VN_SGN,2024,25.7
VN_SGN,2021,26.3
VN_SGN,2025,27.0
VN_SGN,2019,26.9
VN_SGN,2015,27.9
VN_SGN,2018,32.1
VN_SGN,2025,29.0
VN_SGN,2018,27.0
VN_SGN,2020,31.0
VN_SGN,2016,30.4
VN_SGN,2024,33.3
VN_SGN,2015,26.8
VN_SGN,2016,30.2
VN_SGN,2019,29.9
VN_SGN,2021,27.3
VN_SGN,2020,28.5
VN_SGN,2024,30.2
VN_SGN,2017,23.9
VN_SGN,2024,29.3
VN_SGN,2016,29.9
VN_SGN,2019,32.2
VN_SGN,2023,22.7
VN_SGN,2017,25.0
VN_SGN,2020,29.6
VN_SGN,2024,28.4
VN_SGN,2019,25.4
VN_SGN,2017,25.7
VN_SGN,2020,26.4
VN_SGN,2015,23.2
VN_SGN,2017,26.1
VN_SGN,2017,28.7
VN_SGN,2025,28.7
VN_SGN,2020,28.2
VN_SGN,2021,31.7
VN_SGN,2021,29.0
VN_SGN,2022,29.5
VN_SGN,2024,23.8
VN_SGN,2024,26.8
VN_SGN,2015,22.8
VN_SGN,2022,25.8
VN_SGN,2025,31.7
VN_SGN,2016,27.5
VN_SGN,2024,27.1
VN_SGN,2018,28.1
VN_SGN,2019,22.5
VN_SGN,2022,28.0
VN_SGN,2021,29.1
VN_SGN,2017,30.2
VN_SGN,2017,31.7
VN_SGN,2024,30.7
VN_SGN,2024,25.2
VN_SGN,2021,32.3
VN_SGN,2019,27.7
VN_SGN,2024,25.0
VN_SGN,2015,26.8
VN_SGN,2020,25.9
VN_SGN,2024,29.8
VN_SGN,2016,24.8
VN_SGN,2016,32.4
VN_SGN,2023,24.7
VN_SGN,2023,30.3
VN_SGN,2025,23.0
VN_SGN,2017,33.3
VN_SGN,2021,27.4
VN_SGN,2022,28.6
VN_SGN,2025,33.2
VN_SGN,2023,30.5
VN_SGN,2025,28.3
VN_SGN,2024,28.4
VN_SGN,2018,28.0
VN_SGN,2022,30.4
VN_SGN,2024,25.0
VN_SGN,2016,27.0
VN_SGN,2020,34.6
VN_SGN,2022,29.7
VN_SGN,2017,29.6
VN_SGN,2019,23.3
VN_SGN,2023,36.5
VN_SGN,2018,27.9
VN_SGN,2017,31.4
VN_SGN,2018,25.2
VN_SGN,2018,31.2
VN_SGN,2024,24.9
VN_SGN,2025,24.8
VN_SGN,2021,30.9
VN_SGN,2015,28.5
VN_SGN,2018,27.2
VN_SGN,2025,29.3
VN_SGN,2020,26.9
VN_SGN,2019,28.7
VN_SGN,2023,28.2
VN_SGN,2025,31.2
VN_SGN,2023,23.8
VN_SGN,2016,27.6
VN_SGN,2021,28.7
VN_SGN,2019,29.6
VN_SGN,2017,28.6
VN_SGN,2015,25.8
VN_SGN,2023,32.4
VN_SGN,2025,26.6
VN_SGN,2022,29.9
VN_SGN,2019,28.4
VN_SGN,2025,25.8
VN_SGN,2017,31.1
VN_SGN,2022,28.2
VN_SGN,2023,26.6
VN_SGN,2022,26.9
VN_SGN,2015,28.4
VN_SGN,2022,29.6
VN_SGN,2022,29.0
VN_SGN,2015,28.7
VN_SGN,2016,22.2
VN_SGN,2021,29.0
VN_SGN,2022,27.0
VN_SGN,2018,32.5
VN_SGN,2018,31.0
VN_SGN,2020,28.0
VN_SGN,2015,28.2
VN_SGN,2020,30.4
VN_SGN,2016,27.4
VN_SGN,2022,25.7
VN_SGN,2015,24.9
VN_SGN,2020,29.3
VN_SGN,2020,29.3
VN_SGN,2023,33.1
VN_SGN,2023,33.0
VN_SGN,2020,34.3
VN_SGN,2022,31.7
VN_SGN,2023,28.3
VN_SGN,2023,31.1
VN_SGN,2015,26.5
VN_SGN,2020,29.6
VN_SGN,2015,34.5
VN_SGN,2024,28.8
VN_SGN,2019,33.7
VN_SGN,2016,29.4
VN_SGN,2024,26.1
VN_SGN,2015,30.1
VN_SGN,2019,28.5
VN_SGN,2017,24.2
VN_SGN,2019,28.3
VN_SGN,2021,28.5
VN_SGN,2017,28.6
VN_SGN,2021,29.9
VN_SGN,2018,23.6
VN_SGN,2024,28.8
VN_SGN,2018,31.3
VN_SGN,2015,31.2
VN_SGN,2024,28.5
VN_SGN,2018,28.6
VN_SGN,2017,25.1
VN_SGN,2024,23.9
VN_SGN,2021,30.7
VN_SGN,2020,27.6
VN_SGN,2019,32.0
VN_SGN,2021,27.8
VN_SGN,2021,27.5
VN_SGN,2016,29.3
VN_SGN,2023,25.2
VN_SGN,2016,28.6
VN_SGN,2019,25.7
VN_SGN,2019,29.6
VN_SGN,2018,26.4
VN_SGN,2020,28.6
VN_SGN,2022,27.7
VN_SGN,2019,30.3
VN_SGN,2023,29.7
VN_SGN,2018,27.6
VN_SGN,2024,27.0
VN_SGN,2025,24.8
VN_SGN,2025,26.2
VN_SGN,2024,27.2
VN_SGN,2024,27.0
VN_SGN,2015,29.6
VN_SGN,2020,24.6
VN_SGN,2015,29.3
VN_SGN,2020,25.0
VN_SGN,2016,31.8
VN_SGN,2016,27.4
VN_SGN,2025,27.7
VN_SGN,2019,26.9
VN_SGN,2021,31.9
VN_SGN,2015,19.3
VN_SGN,2025,24.7
VN_SGN,2024,28.4
VN_SGN,2018,24.9
VN_SGN,2017,30.3
VN_SGN,2021,28.0
VN_SGN,2023,31.3
VN_SGN,2022,25.6
VN_SGN,2016,33.0
VN_SGN,2018,31.1
VN_SGN,2018,28.6
VN_SGN,2017,25.4
VN_SGN,2019,32.7
VN_SGN,2025,26.8
VN_SGN,2020,31.2
VN_SGN,2023,31.7
VN_SGN,2021,25.9
VN_SGN,2024,27.1
VN_SGN,2022,31.8
VN_SGN,2020,24.7
VN_SGN,2016,30.4
VN_SGN,2021,28.3
VN_SGN,2022,29.0
VN_SGN,2017,28.5
VN_SGN,2024,29.8
VN_SGN,2025,29.3
VN_SGN,2025,30.0
VN_SGN,2016,26.2
VN_SGN,2024,31.0
VN_SGN,2015,27.3
VN_SGN,2019,28.5
VN_SGN,2015,29.3
VN_SGN,2017,34.4
VN_SGN,2021,24.4
VN_SGN,2016,29.6
VN_SGN,2020,28.7
VN_SGN,2018,28.3
VN_SGN,2025,32.3
VN_SGN,2023,32.8
VN_SGN,2022,26.2
VN_SGN,2020,27.3
VN_SGN,2022,31.7
VN_SGN,2023,30.5
VN_SGN,2015,33.8
VN_SGN,2021,23.1
VN_SGN,2017,30.5
VN_SGN,2020,22.7
VN_SGN,2024,27.5
VN_SGN,2021,31.1
VN_SGN,2025,30.8
VN_SGN,2023,25.1
VN_SGN,2018,28.0
VN_SGN,2018,21.1
VN_SGN,2018,28.2
VN_SGN,2016,24.3
VN_SGN,2016,29.4
VN_SGN,2018,28.2
VN_SGN,2025,31.3
VN_SGN,2019,33.9
VN_SGN,2024,30.5
VN_SGN,2018,33.2
VN_SGN,2025,26.3
VN_SGN,2021,30.3
VN_SGN,2020,25.5
VN_SGN,2025,25.9
VN_SGN,2015,25.5
VN_SGN,2021,28.1
VN_SGN,2023,25.2
VN_SGN,2021,30.0
VN_SGN,2016,30.7
VN_SGN,2025,27.1
VN_SGN,2015,32.3
VN_SGN,2021,25.2
VN_SGN,2016,31.5
VN_SGN,2025,26.4
VN_SGN,2018,30.9
VN_SGN,2022,27.1
VN_SGN,2022,30.3
VN_SGN,2020,30.1
VN_SGN,2025,24.0
VN_SGN,2015,33.1
VN_SGN,2019,23.9
VN_SGN,2017,28.6
VN_SGN,2015,30.2
VN_SGN,2022,35.1
VN_SGN,2024,23.4
VN_SGN,2021,26.5
VN_SGN,2020,27.8
VN_SGN,2016,29.4
VN_SGN,2025,27.0
VN_SGN,2024,28.4
VN_SGN,2025,30.1
VN_SGN,2016,32.2
VN_SGN,2016,29.1
VN_SGN,2015,26.6
VN_SGN,2019,32.7
VN_SGN,2025,24.0
VN_SGN,2016,28.2
VN_SGN,2017,34.1
VN_SGN,2023,30.0
VN_SGN,2022,27.5
VN_SGN,2019,29.0
VN_SGN,2021,30.4
VN_SGN,2021,29.4
VN_SGN,2019,32.3
VN_SGN,2024,24.6
VN_SGN,2020,26.2
VN_SGN,2017,35.8
VN_SGN,2015,25.8
VN_SGN,2025,26.5
VN_SGN,2020,30.9
VN_SGN,2021,26.0
VN_SGN,2022,27.8
VN_SGN,2020,29.3
VN_SGN,2019,25.5
VN_SGN,2025,31.1
VN_SGN,2017,29.5
VN_SGN,2019,27.3
VN_SGN,2024,29.2
VN_SGN,2018,29.5
VN_SGN,2020,27.7
VN_SGN,2016,31.2
VN_SGN,2018,29.4
VN_SGN,2022,22.6
VN_SGN,2017,26.4
VN_SGN,2015,31.9
VN_SGN,2024,32.3
VN_SGN,2021,30.8
VN_SGN,2022,29.2
VN_SGN,2017,31.1
VN_SGN,2017,25.0
VN_SGN,2020,30.1
VN_SGN,2024,34.4
VN_SGN,2023,30.3
VN_SGN,2024,31.7
VN_SGN,2019,27.5
VN_SGN,2019,28.2
VN_SGN,2016,31.6
VN_SGN,2018,25.3
VN_SGN,2017,26.4
VN_SGN,2018,31.2
VN_SGN,2016,24.9
VN_SGN,2022,33.4
VN_SGN,2023,26.4
VN_SGN,2016,25.5
VN_SGN,2017,28.4
VN_SGN,2015,26.6
VN_SGN,2025,27.8
VN_SGN,2021,33.4
VN_SGN,2024,32.0
VN_SGN,2025,27.1
VN_SGN,2020,26.9
VN_SGN,2019,32.7
VN_SGN,2019,24.4
VN_SGN,2022,28.3
VN_SGN,2017,32.0
VN_SGN,2022,36.4
VN_SGN,2023,33.8
VN_SGN,2024,27.5
VN_SGN,2025,24.5
VN_SGN,2025,28.0
VN_SGN,2018,28.9
VN_SGN,2024,30.0
VN_SGN,2015,30.6
VN_SGN,2018,30.9
VN_SGN,2015,32.9
VN_SGN,2021,27.6
VN_SGN,2022,29.2
VN_SGN,2016,33.7
VN_SGN,2021,25.6
VN_SGN,2015,28.8
VN_SGN,2017,29.8
VN_SGN,2015,27.0
VN_SGN,2016,24.3
VN_SGN,2021,30.7
VN_SGN,2015,23.5
VN_SGN,2020,31.8
VN_SGN,2023,27.8
VN_SGN,2019,26.2
VN_SGN,2019,29.1
VN_SGN,2024,31.4
VN_SGN,2018,23.4
VN_SGN,2021,32.6
VN_SGN,2022,30.0
VN_SGN,2018,27.4
VN_SGN,2020,27.8
VN_SGN,2024,32.3
VN_SGN,2018,26.6
VN_SGN,2016,23.6
VN_SGN,2021,34.0
VN_SGN,2015,28.3
VN_SGN,2021,31.6
VN_SGN,2021,29.3
VN_SGN,2019,32.5
VN_SGN,2023,30.2
VN_SGN,2021,26.6
VN_SGN,2019,32.6
VN_SGN,2018,27.5
VN_SGN,2016,27.2
VN_SGN,2019,31.2
VN_SGN,2016,24.9
VN_SGN,2023,29.1
VN_SGN,2025,29.0
VN_SGN,2025,34.1
VN_SGN,2025,26.8
VN_SGN,2017,28.0
VN_SGN,2025,24.6
VN_SGN,2022,27.4
VN_SGN,2024,31.2
VN_SGN,2017,22.8
VN_SGN,2017,31.0
VN_SGN,2016,25.5
VN_SGN,2015,29.3
VN_SGN,2016,33.5
VN_SGN,2022,30.1
VN_SGN,2018,26.5
VN_SGN,2024,25.1
VN_SGN,2020,29.4
VN_SGN,2020,26.5
VN_SGN,2024,24.1
VN_SGN,2024,28.6
VN_SGN,2023,27.8
VN_SGN,2024,28.5
VN_SGN,2021,29.9
VN_SGN,2021,28.4
VN_SGN,2020,24.5
VN_SGN,2019,30.9
VN_SGN,2017,28.0
VN_SGN,2024,28.7
VN_SGN,2015,26.3
VN_SGN,2018,28.7
VN_SGN,2021,28.3
VN_SGN,2024,31.7
VN_SGN,2021,30.5
VN_SGN,2019,30.7
VN_SGN,2017,20.6
VN_SGN,2017,33.9
VN_SGN,2024,31.1
VN_SGN,2023,29.3
VN_SGN,2023,31.4
VN_SGN,2019,29.7
VN_SGN,2016,29.9
VN_SGN,2018,30.8
VN_SGN,2019,35.1
VN_SGN,2020,28.6
VN_SGN,2023,29.3
VN_SGN,2022,30.2
VN_SGN,2025,23.1
VN_SGN,2022,29.6
VN_SGN,2016,28.0
VN_SGN,2022,28.5
VN_SGN,2025,24.9
VN_SGN,2019,26.1
VN_SGN,2018,28.0
VN_SGN,2019,31.6
VN_SGN,2016,32.9
VN_SGN,2016,29.0
VN_SGN,2017,29.9
VN_SGN,2023,28.3
VN_SGN,2019,28.9
VN_SGN,2019,23.1
VN_SGN,2017,23.3
VN_SGN,2022,26.2
VN_SGN,2025,31.3
VN_SGN,2018,27.0
VN_SGN,2023,25.3
VN_SGN,2018,27.3
VN_SGN,2017,21.4
VN_SGN,2020,32.2
VN_SGN,2019,29.1
VN_SGN,2020,24.1
VN_SGN,2020,23.9
VN_SGN,2023,27.9
VN_SGN,2021,25.6
VN_SGN,2025,35.3
VN_SGN,2019,24.0
VN_SGN,2019,28.5
VN_SGN,2020,21.0
VN_SGN,2018,29.4
VN_SGN,2025,29.0
VN_SGN,2017,27.6
VN_SGN,2015,28.3
VN_SGN,2020,24.8
VN_SGN,2017,31.6
VN_SGN,2024,28.2
VN_SGN,2020,28.8
VN_SGN,2019,26.2
VN_SGN,2019,30.0
VN_SGN,2016,24.5
VN_SGN,2025,22.2
VN_SGN,2025,24.3
VN_SGN,2024,26.9
VN_SGN,2023,33.2
VN_SGN,2025,28.0
VN_SGN,2015,30.4
VN_SGN,2023,24.7
VN_SGN,2019,29.7
VN_SGN,2023,31.6
VN_SGN,2020,29.4
VN_SGN,2021,29.5
VN_SGN,2021,31.4
VN_SGN,2017,31.3
VN_SGN,2016,26.4
VN_SGN,2018,34.3
VN_SGN,2025,29.5
VN_SGN,2025,30.0
VN_SGN,2016,28.2
VN_SGN,2025,27.7
VN_SGN,2015,29.3
VN_SGN,2024,29.6
VN_SGN,2021,28.9
VN_SGN,2018,26.4
VN_SGN,2021,28.0
VN_SGN,2016,30.0
VN_SGN,2025,28.8
VN_SGN,2025,33.1
VN_SGN,2019,27.0
VN_SGN,2019,29.8
VN_SGN,2017,31.5
VN_SGN,2022,32.0
VN_SGN,2022,26.2
VN_SGN,2025,27.8
VN_SGN,2025,32.1
VN_SGN,2016,24.8
VN_SGN,2025,28.6
VN_SGN,2018,28.0
VN_SGN,2016,28.0
VN_SGN,2023,32.6
VN_SGN,2022,25.6
VN_SGN,2015,28.6
VN_SGN,2018,31.2
VN_SGN,2019,25.2
VN_SGN,2020,31.1
VN_SGN,2021,31.8
VN_SGN,2021,33.4
VN_SGN,2021,33.8
VN_SGN,2016,27.2
VN_SGN,2019,27.1
VN_SGN,2024,26.7
VN_SGN,2022,22.9
VN_SGN,2018,22.7
VN_SGN,2017,28.1
VN_SGN,2024,27.5
VN_SGN,2021,30.5
VN_SGN,2023,29.6
VN_SGN,2019,32.8
VN_SGN,2022,27.6
VN_SGN,2021,26.0
VN_SGN,2018,26.1
VN_SGN,2021,32.6
VN_SGN,2025,25.9
VN_SGN,2016,27.9
VN_SGN,2019,32.6
VN_SGN,2016,25.8
VN_SGN,2022,33.9
VN_SGN,2021,23.3
VN_SGN,2020,29.4
VN_SGN,2023,30.4
VN_SGN,2022,30.4
VN_SGN,2024,33.4
VN_SGN,2018,27.8
VN_SGN,2018,26.6
VN_SGN,2022,32.0
VN_SGN,2025,27.3
VN_SGN,2015,35.1
VN_SGN,2025,24.4
VN_SGN,2023,27.8
VN_SGN,2025,29.8
VN_SGN,2024,32.8
VN_SGN,2025,33.6
VN_SGN,2015,30.8
VN_SGN,2019,29.5
VN_SGN,2024,26.4
VN_SGN,2024,31.4
VN_SGN,2022,22.0
VN_SGN,2025,33.3
VN_SGN,2016,21.7
VN_SGN,2017,27.5
VN_SGN,2022,23.4
VN_SGN,2020,28.3
VN_SGN,2023,26.4
VN_SGN,2015,26.3
VN_SGN,2019,32.2
VN_SGN,2017,24.5
VN_SGN,2024,28.5
VN_SGN,2023,26.0
VN_SGN,2016,26.1
VN_SGN,2018,27.0
VN_SGN,2024,27.7
VN_SGN,2016,28.5
VN_SGN,2017,30.9
VN_SGN,2021,28.7
VN_SGN,2019,25.8
VN_SGN,2025,29.6
VN_SGN,2020,28.6
VN_SGN,2015,31.3
VN_SGN,2019,30.3
VN_SGN,2023,27.0
VN_SGN,2022,27.1
VN_SGN,2021,30.9
VN_SGN,2024,28.4
VN_SGN,2020,25.4
VN_SGN,2016,27.1
VN_SGN,2020,26.7
VN_SGN,2022,29.2
VN_SGN,2019,25.3
VN_SGN,2018,25.6
VN_SGN,2022,30.5
VN_SGN,2020,23.0
VN_SGN,2015,28.1
VN_SGN,2023,27.2
VN_SGN,2022,29.0
VN_SGN,2024,27.0
VN_SGN,2022,29.7
VN_SGN,2015,30.8
VN_SGN,2025,26.0
VN_SGN,2017,25.5
VN_SGN,2021,27.9
VN_SGN,2022,28.2
VN_SGN,2015,31.2
VN_SGN,2019,29.8
VN_SGN,2021,33.5
VN_SGN,2019,29.0
VN_SGN,2023,26.9
VN_SGN,2022,33.5
VN_SGN,2018,29.2
VN_SGN,2021,25.2
VN_SGN,2016,31.8
VN_SGN,2016,28.3
VN_SGN,2024,29.1
VN_SGN,2024,24.2
VN_SGN,2019,22.5
VN_SGN,2025,22.6
VN_SGN,2015,32.2
VN_SGN,2020,26.4
VN_SGN,2021,34.0
VN_SGN,2024,26.6
VN_SGN,2020,27.7
VN_SGN,2022,35.6
VN_SGN,2017,29.5
VN_SGN,2017,29.2
VN_SGN,2023,32.0
VN_SGN,2022,33.5
VN_SGN,2025,29.2
VN_SGN,2015,31.2
VN_SGN,2020,28.5
VN_SGN,2016,27.9
VN_SGN,2024,25.4
VN_SGN,2016,28.0
VN_SGN,2025,29.5
VN_SGN,2025,25.2
VN_SGN,2016,33.4
VN_SGN,2018,26.2
VN_SGN,2017,30.7
VN_SGN,2023,36.6
VN_SGN,2024,29.3
VN_SGN,2024,27.1
VN_SGN,2019,28.8
VN_SGN,2024,27.0
VN_SGN,2019,33.0
VN_SGN,2024,26.1
VN_SGN,2015,24.2
VN_SGN,2016,28.6
VN_SGN,2023,29.9
VN_SGN,2023,24.7
VN_SGN,2018,27.3
VN_SGN,2021,26.3
VN_SGN,2024,27.6
VN_SGN,2015,26.8
VN_SGN,2023,22.6
VN_SGN,2020,29.9
VN_SGN,2018,32.1
VN_SGN,2017,29.4
VN_SGN,2020,27.8
VN_SGN,2022,33.0
VN_SGN,2015,25.2
VN_SGN,2020,32.0
VN_SGN,2017,29.2
VN_SGN,2016,32.9
VN_SGN,2025,29.8
VN_SGN,2023,26.9
VN_SGN,2024,24.9
VN_SGN,2025,28.0
VN_SGN,2025,27.7
VN_SGN,2025,27.4
VN_SGN,2015,28.3
VN_SGN,2020,25.3
VN_SGN,2015,31.7
VN_SGN,2019,28.6
VN_SGN,2015,28.6
VN_SGN,2023,30.3
VN_SGN,2016,27.7
VN_SGN,2018,29.7
VN_SGN,2016,24.4
VN_SGN,2019,20.2
VN_SGN,2025,32.6
VN_SGN,2019,27.8
VN_SGN,2022,28.2
VN_SGN,2022,29.5
VN_SGN,2022,23.7
VN_SGN,2020,29.9
VN_SGN,2020,28.2
VN_SGN,2019,27.2
VN_SGN,2015,28.4
VN_SGN,2018,28.3
VN_SGN,2016,27.5
VN_SGN,2023,28.9
VN_SGN,2022,26.0
VN_SGN,2016,20.5
VN_SGN,2021,35.1
VN_SGN,2018,33.2
VN_SGN,2018,32.3
VN_SGN,2020,25.3
VN_SGN,2021,29.1
VN_SGN,2024,28.4
VN_SGN,2018,24.8
VN_SGN,2016,32.3
VN_SGN,2015,31.0
VN_SGN,2025,28.0
VN_SGN,2016,30.3
VN_SGN,2018,28.8
VN_SGN,2021,27.1
VN_SGN,2023,31.1
VN_SGN,2021,28.3
VN_SGN,2025,29.2
VN_SGN,2018,27.8
VN_SGN,2022,29.4
VN_SGN,2020,27.3
VN_SGN,2019,29.8
VN_SGN,2019,22.4
VN_SGN,2019,28.9
VN_SGN,2022,28.8
VN_SGN,2025,31.5
VN_SGN,2020,27.1
VN_SGN,2021,23.4
VN_SGN,2021,35.1
VN_SGN,2019,27.5
VN_SGN,2016,32.8
VN_SGN,2018,30.6
VN_SGN,2019,27.5
VN_SGN,2019,29.0
VN_SGN,2020,27.7
VN_SGN,2023,30.2
VN_SGN,2024,26.4
VN_SGN,2015,28.7
VN_SGN,2025,26.6
VN_SGN,2016,36.4
VN_SGN,2017,32.0
VN_SGN,2023,24.0
VN_SGN,2023,26.3
VN_SGN,2022,29.0
VN_SGN,2015,27.5
VN_SGN,2019,35.5
VN_SGN,2024,29.7
VN_SGN,2020,30.9
VN_SGN,2015,21.7
VN_SGN,2015,29.3
VN_SGN,2015,24.1
VN_SGN,2025,29.8
VN_SGN,2015,27.0
VN_SGN,2016,32.3
VN_SGN,2019,31.2
VN_SGN,2015,25.8
VN_SGN,2018,27.0
VN_SGN,2018,25.2
VN_SGN,2021,33.2
VN_SGN,2021,24.7
VN_SGN,2024,33.1
VN_SGN,2020,27.3
VN_SGN,2022,27.8
VN_SGN,2023,29.6
VN_SGN,2025,32.1
VN_SGN,2017,32.5
VN_SGN,2017,26.5
VN_SGN,2025,31.0
VN_SGN,2022,28.2
VN_SGN,2015,32.0
VN_SGN,2016,26.2
VN_SGN,2020,26.2
VN_SGN,2015,31.2
VN_SGN,2019,26.4
VN_SGN,2020,24.5
VN_SGN,2015,32.2
VN_SGN,2023,27.0
VN_SGN,2021,23.8
VN_SGN,2024,30.1
VN_SGN,2023,23.6
VN_SGN,2020,30.7
VN_SGN,2022,32.1
VN_SGN,2025,23.3
VN_SGN,2020,27.4
VN_SGN,2020,27.0
VN_SGN,2021,28.5
VN_SGN,2017,26.8
VN_SGN,2015,28.1
VN_SGN,2023,27.9
VN_SGN,2022,28.5
VN_SGN,2025,29.8
VN_SGN,2015,28.5
VN_SGN,2015,32.5
VN_SGN,2022,25.1
VN_SGN,2024,30.8
VN_SGN,2021,24.4
VN_SGN,2022,23.6
VN_SGN,2019,28.7
VN_SGN,2023,25.6
VN_SGN,2024,32.5
VN_SGN,2024,27.6
VN_SGN,2025,26.8
VN_SGN,2024,25.9
VN_SGN,2024,28.8
VN_SGN,2023,31.3
VN_SGN,2022,27.1
VN_SGN,2022,25.1
VN_SGN,2023,24.2
VN_SGN,2018,34.0
VN_SGN,2024,28.7
VN_SGN,2015,30.1
VN_SGN,2016,29.6
VN_SGN,2021,31.6
VN_SGN,2018,25.4
VN_SGN,2025,24.5
VN_SGN,2023,35.4
VN_SGN,2020,28.7
VN_SGN,2025,29.6
VN_SGN,2018,27.1
VN_SGN,2024,26.1
VN_SGN,2021,35.8
VN_SGN,2021,28.4
VN_SGN,2022,30.6
VN_SGN,2017,27.6
VN_SGN,2023,33.0
VN_SGN,2025,31.6
VN_SGN,2025,27.4
VN_SGN,2015,30.6
VN_SGN,2024,28.6
VN_SGN,2022,29.1
VN_SGN,2016,29.7
VN_SGN,2017,26.5
VN_SGN,2018,29.7
VN_SGN,2017,26.7
VN_SGN,2025,29.9
VN_SGN,2023,27.8
VN_SGN,2020,24.4
VN_SGN,2018,24.3
VN_SGN,2019,28.8
VN_SGN,2022,24.7
VN_SGN,2016,29.6
VN_SGN,2015,25.8
VN_SGN,2015,27.7
VN_SGN,2018,24.2
VN_SGN,2016,33.1
VN_SGN,2020,27.7
VN_SGN,2023,35.5
VN_SGN,2015,30.7
VN_SGN,2017,27.2
VN_SGN,2019,26.4
VN_SGN,2019,30.1
VN_SGN,2016,26.5
VN_SGN,2021,28.1
VN_SGN,2025,33.2
VN_SGN,2025,27.8
VN_SGN,2023,29.9
VN_SGN,2017,29.0
VN_SGN,2021,25.1
VN_SGN,2021,24.8
VN_SGN,2015,31.5
VN_SGN,2024,26.6
VN_SGN,2021,26.5
VN_SGN,2022,31.7
VN_SGN,2017,27.0
VN_SGN,2023,34.6
VN_SGN,2020,25.4
VN_SGN,2023,27.1
VN_SGN,2018,23.5
VN_SGN,2022,29.2
VN_SGN,2017,27.2
VN_SGN,2021,28.7
VN_SGN,2024,30.4
VN_SGN,2024,25.3
VN_SGN,2021,25.8
VN_SGN,2024,27.4
VN_SGN,2021,27.2
VN_SGN,2016,33.9
VN_SGN,2021,28.4
VN_SGN,2015,27.4
VN_SGN,2025,28.6
VN_SGN,2015,32.2
VN_SGN,2025,23.4
VN_SGN,2017,25.2
VN_SGN,2016,26.4
VN_SGN,2015,26.4
VN_SGN,2022,25.3
VN_SGN,2024,27.6
VN_SGN,2018,33.6
VN_SGN,2015,28.3
VN_SGN,2015,27.3
VN_SGN,2016,30.8
VN_SGN,2020,26.7
VN_SGN,2022,24.6
VN_SGN,2018,22.5
VN_SGN,2024,29.6
VN_SGN,2021,25.8
VN_SGN,2025,25.4
VN_SGN,2017,24.4
VN_SGN,2020,25.2
VN_SGN,2020,26.6
VN_SGN,2021,26.7
VN_SGN,2023,30.7
VN_SGN,2019,26.8
VN_SGN,2018,32.1
VN_SGN,2023,26.9
VN_SGN,2018,23.7
VN_SGN,2021,32.5
VN_SGN,2022,32.4
VN_SGN,2024,27.3
VN_SGN,2021,26.8
VN_SGN,2023,27.7
VN_SGN,2018,27.9
VN_SGN,2020,28.5
VN_SGN,2019,28.5
VN_SGN,2017,31.1
VN_SGN,2016,27.7
VN_SGN,2018,29.0
VN_SGN,2017,28.4
VN_SGN,2022,30.2
VN_SGN,2025,28.3
VN_SGN,2019,22.3
VN_SGN,2017,26.7
VN_SGN,2022,29.5
VN_SGN,2020,20.7
VN_SGN,2024,30.4
VN_SGN,2023,24.0
VN_SGN,2021,29.6
VN_SGN,2018,34.6
VN_SGN,2025,25.9
VN_SGN,2017,24.5
VN_SGN,2023,29.4
VN_SGN,2024,29.4
VN_SGN,2023,24.0
VN_SGN,2025,24.4
VN_SGN,2017,27.1
VN_SGN,2017,34.2
VN_SGN,2024,28.0
VN_SGN,2024,30.6
VN_SGN,2015,26.6
VN_SGN,2017,28.6
VN_SGN,2021,24.8
VN_SGN,2016,29.2
VN_SGN,2025,28.6
VN_SGN,2017,30.3
VN_SGN,2015,25.8
VN_SGN,2022,25.1
VN_SGN,2020,29.7
VN_SGN,2023,27.5
VN_SGN,2022,34.9
VN_SGN,2020,26.7
VN_SGN,2023,32.1
VN_SGN,2025,27.7
VN_SGN,2016,33.4
VN_SGN,2016,28.8
VN_SGN,2018,27.8
VN_SGN,2024,34.4
VN_SGN,2024,29.3
VN_SGN,2016,28.5
VN_SGN,2021,31.6
VN_SGN,2024,27.4
VN_SGN,2025,24.5
VN_SGN,2021,24.4
VN_SGN,2020,23.6
VN_SGN,2018,28.9
VN_SGN,2020,32.8
VN_SGN,2019,27.7
VN_SGN,2021,22.3
VN_SGN,2018,28.3
VN_SGN,2018,29.7
VN_SGN,2019,23.7
VN_SGN,2025,23.3
VN_SGN,2015,28.0
VN_SGN,2023,26.1
VN_SGN,2023,28.2
VN_SGN,2022,27.2
VN_SGN,2017,33.2
VN_SGN,2023,31.6
VN_SGN,2025,30.2
VN_SGN,2025,28.2
VN_SGN,2025,32.6
VN_SGN,2016,33.6
VN_SGN,2022,24.0
VN_SGN,2021,33.7
VN_SGN,2016,27.4
VN_SGN,2016,28.2
VN_SGN,2022,27.9
VN_SGN,2021,31.0
VN_SGN,2021,32.7
VN_SGN,2021,28.0
VN_SGN,2025,31.4
VN_SGN,2024,28.0
VN_SGN,2022,25.0
VN_SGN,2016,29.6
VN_SGN,2018,29.7
VN_SGN,2024,21.7
VN_SGN,2023,32.8
VN_SGN,2016,27.5
VN_SGN,2021,29.9
VN_SGN,2024,30.5
VN_SGN,2020,28.3
VN_SGN,2024,30.4
VN_SGN,2015,34.8
VN_SGN,2022,30.6
VN_SGN,2023,34.5
VN_SGN,2015,27.7
VN_SGN,2015,27.9
VN_SGN,2020,30.0
VN_SGN,2023,31.7
VN_SGN,2021,27.4
VN_SGN,2018,28.0
VN_SGN,2021,30.3
VN_SGN,2018,28.5
VN_SGN,2019,30.1
VN_SGN,2020,29.1
VN_SGN,2023,25.3
VN_SGN,2024,29.4
VN_SGN,2018,30.6
VN_SGN,2018,24.2
VN_SGN,2021,26.3
VN_SGN,2017,26.8
VN_SGN,2022,27.9
VN_SGN,2019,31.4
VN_SGN,2021,27.4
VN_SGN,2021,25.3
VN_SGN,2021,29.1
VN_SGN,2024,27.6
VN_SGN,2025,27.4
VN_SGN,2022,25.9
VN_SGN,2022,30.1
VN_SGN,2020,30.4
VN_SGN,2024,27.5
VN_SGN,2015,31.4
VN_SGN,2015,27.6
VN_SGN,2015,27.0
VN_SGN,2017,29.5
VN_SGN,2023,33.0
VN_SGN,2021,24.7
VN_SGN,2019,26.8
VN_SGN,2020,26.8
VN_SGN,2017,32.6
VN_SGN,2020,25.6
VN_SGN,2021,27.6
VN_SGN,2022,32.8
VN_SGN,2019,26.0
VN_SGN,2022,26.1
VN_SGN,2025,36.3
VN_SGN,2025,29.1
VN_SGN,2017,30.5
VN_SGN,2016,23.8
VN_SGN,2021,26.5
VN_SGN,2016,24.3
VN_SGN,2020,32.0
VN_SGN,2017,26.4
VN_SGN,2019,25.7
VN_SGN,2016,28.6
VN_SGN,2016,24.4
VN_SGN,2021,30.6
VN_SGN,2021,36.3
VN_SGN,2025,25.0
VN_SGN,2023,22.2
VN_SGN,2017,26.5
VN_SGN,2017,27.6
VN_SGN,2017,28.7
VN_SGN,2018,30.5
VN_SGN,2021,28.6
VN_SGN,2024,29.4
VN_SGN,2018,26.7
VN_SGN,2022,29.3
VN_SGN,2018,32.5
VN_SGN,2018,25.4
VN_SGN,2020,24.7
VN_SGN,2018,26.2
VN_SGN,2021,25.7
VN_SGN,2023,26.5
VN_SGN,2018,30.1
VN_SGN,2016,29.1
VN_SGN,2015,26.5
VN_SGN,2021,23.6
VN_SGN,2022,25.1
VN_SGN,2019,36.0
VN_SGN,2017,21.8
VN_SGN,2022,22.8
VN_SGN,2016,26.2
VN_SGN,2015,28.8
VN_SGN,2023,30.2
VN_SGN,2017,29.1
VN_SGN,2022,28.7
VN_SGN,2017,25.3
VN_SGN,2024,29.2
VN_SGN,2025,29.6
VN_SGN,2019,26.4
VN_SGN,2024,29.2
VN_SGN,2021,26.0
VN_SGN,2021,21.4
VN_SGN,2024,24.8
VN_SGN,2019,30.6
VN_SGN,2025,25.8
VN_SGN,2020,27.3
VN_SGN,2024,27.0
VN_SGN,2016,24.3
VN_SGN,2023,27.1
VN_SGN,2017,32.1
VN_SGN,2020,29.8
VN_SGN,2022,30.8
VN_SGN,2025,29.6
VN_SGN,2023,34.6
VN_SGN,2015,28.2
VN_SGN,2019,26.7
VN_SGN,2017,28.5
VN_SGN,2023,25.2
VN_SGN,2024,28.9
VN_SGN,2025,27.2
VN_SGN,2020,33.1
VN_SGN,2021,33.5
VN_SGN,2023,25.9
VN_SGN,2015,27.1
VN_SGN,2022,28.4
VN_SGN,2025,32.0
VN_SGN,2015,27.2
VN_SGN,2018,35.2
VN_SGN,2025,31.0
VN_SGN,2020,29.1
VN_SGN,2023,31.2
VN_SGN,2017,25.6
VN_SGN,2023,28.5
VN_SGN,2023,25.1
VN_SGN,2024,31.0
VN_SGN,2020,30.2
VN_SGN,2021,25.9
VN_SGN,2021,28.9
VN_SGN,2015,32.4
VN_SGN,2015,30.5
VN_SGN,2023,22.8
VN_SGN,2021,26.0
VN_SGN,2022,27.5
VN_SGN,2018,26.4
VN_SGN,2019,29.5
VN_SGN,2021,28.3
VN_SGN,2022,32.7
VN_SGN,2023,30.1
VN_SGN,2025,28.3
VN_SGN,2017,26.9
VN_SGN,2017,29.9
VN_SGN,2015,30.4
VN_SGN,2015,27.4
VN_SGN,2024,27.9
VN_SGN,2020,27.0
VN_SGN,2019,26.9
VN_SGN,2019,26.3
VN_SGN,2016,29.0
VN_SGN,2023,31.9
VN_SGN,2016,29.3
VN_SGN,2015,27.6
VN_SGN,2023,26.6
VN_SGN,2023,28.3
VN_SGN,2017,27.3
VN_SGN,2024,27.7
VN_SGN,2018,36.6
VN_SGN,2020,30.7
VN_SGN,2016,28.4
VN_SGN,2018,33.6
VN_SGN,2016,26.2
VN_SGN,2017,27.9
VN_SGN,2020,27.3
VN_SGN,2021,32.7
VN_SGN,2025,34.0
VN_SGN,2015,30.6
VN_SGN,2018,31.1
VN_SGN,2021,27.0
VN_SGN,2025,26.8
VN_SGN,2024,32.3
VN_SGN,2020,30.1
VN_SGN,2018,23.7
VN_SGN,2021,26.9
VN_SGN,2022,34.7
VN_SGN,2025,27.8
VN_SGN,2023,33.4
VN_SGN,2016,34.2
VN_SGN,2024,28.4
VN_SGN,2024,26.2
VN_SGN,2019,30.5
VN_SGN,2017,30.1
VN_SGN,2015,27.1
VN_SGN,2016,29.0
VN_SGN,2019,29.8
VN_SGN,2018,31.7
VN_SGN,2016,28.1
VN_SGN,2016,29.0
VN_SGN,2019,29.2
VN_SGN,2017,27.8
VN_SGN,2018,30.4
VN_SGN,2024,25.7
VN_SGN,2018,27.2
VN_SGN,2022,34.4
VN_SGN,2015,29.8
VN_SGN,2021,29.3
VN_SGN,2020,25.8
VN_SGN,2021,27.0
VN_SGN,2021,31.9
VN_SGN,2024,31.1
VN_SGN,2024,33.3
VN_SGN,2025,26.2
VN_SGN,2020,32.8
VN_SGN,2024,26.2
VN_SGN,2021,26.8
VN_SGN,2016,26.5
VN_SGN,2021,30.2
VN_SGN,2015,32.9
VN_SGN,2019,26.8
VN_SGN,2017,27.1
VN_SGN,2022,30.4
VN_SGN,2015,28.9
VN_SGN,2017,27.3
VN_SGN,2020,30.4
VN_SGN,2018,21.4
VN_SGN,2020,29.8
VN_SGN,2021,25.0
VN_SGN,2024,26.1
VN_SGN,2017,32.0
VN_SGN,2021,26.4
VN_SGN,2020,25.5
VN_SGN,2023,22.6
VN_SGN,2017,25.0
VN_SGN,2025,26.7
VN_SGN,2023,34.6
VN_SGN,2018,22.4
VN_SGN,2023,31.0
VN_SGN,2015,32.0
VN_SGN,2025,30.6
VN_SGN,2021,23.9
VN_SGN,2025,25.3
VN_SGN,2016,27.6
VN_SGN,2025,28.6
VN_SGN,2021,30.1
VN_SGN,2016,26.2
VN_SGN,2017,29.0
VN_SGN,2021,31.0
VN_SGN,2019,33.5
VN_SGN,2025,27.6
VN_SGN,2015,24.2
VN_SGN,2021,23.9
VN_SGN,2022,28.2
VN_SGN,2017,31.0
VN_SGN,2023,31.6
VN_SGN,2020,32.7
VN_SGN,2025,34.6
VN_SGN,2017,31.3
VN_SGN,2015,25.0
VN_SGN,2025,28.8
VN_SGN,2018,29.2
VN_SGN,2023,23.5
VN_SGN,2015,31.3
VN_SGN,2023,22.5
VN_SGN,2015,24.3
VN_SGN,2021,24.3
VN_SGN,2020,29.0
VN_SGN,2015,27.9
VN_SGN,2019,27.6
VN_SGN,2022,31.0
VN_SGN,2017,26.6
VN_SGN,2017,31.1
VN_SGN,2018,34.8
VN_SGN,2022,22.9
VN_SGN,2015,29.5
VN_SGN,2019,31.5
VN_SGN,2019,26.9
VN_SGN,2024,31.5
VN_SGN,2015,24.4
VN_SGN,2017,26.6
VN_SGN,2024,26.7
VN_SGN,2019,19.2
VN_SGN,2021,27.3
VN_SGN,2022,27.6
VN_SGN,2024,28.3
VN_SGN,2021,30.0
VN_SGN,2015,26.9
VN_SGN,2018,27.4
VN_SGN,2024,31.8
VN_SGN,2019,31.6
VN_SGN,2016,26.9
VN_SGN,2024,23.8
VN_SGN,2019,22.5
VN_SGN,2015,30.8
VN_SGN,2017,29.7
VN_SGN,2023,26.4
VN_SGN,2021,25.6
VN_SGN,2025,31.1
VN_SGN,2019,26.4
VN_SGN,2019,32.9
VN_SGN,2021,29.4
VN_SGN,2022,30.3
VN_SGN,2015,27.8
VN_SGN,2018,28.8
VN_SGN,2015,28.6
VN_SGN,2019,24.9
VN_SGN,2017,31.6
VN_SGN,2018,26.0
VN_SGN,2021,28.7
VN_SGN,2024,30.9
VN_SGN,2020,33.4
VN_SGN,2017,25.8
VN_SGN,2022,32.2
VN_SGN,2025,23.5
VN_SGN,2015,30.5
VN_SGN,2017,29.7
VN_SGN,2015,21.7
VN_SGN,2018,29.6
VN_SGN,2020,28.9
VN_SGN,2015,29.7
VN_SGN,2019,26.1
VN_SGN,2022,23.7
VN_SGN,2024,34.8
VN_SGN,2024,25.5
VN_SGN,2017,27.4
VN_SGN,2017,30.0
VN_SGN,2023,25.5
VN_SGN,2019,29.8
VN_SGN,2018,31.3
VN_SGN,2015,22.0
VN_SGN,2021,31.0
VN_SGN,2020,29.1
VN_SGN,2024,27.1
VN_SGN,2018,31.8
VN_SGN,2022,27.3
VN_SGN,2017,32.3
VN_SGN,2016,33.6
VN_SGN,2023,28.7
VN_SGN,2023,32.2
VN_SGN,2023,25.6
VN_SGN,2019,23.0
VN_SGN,2017,27.5
VN_SGN,2025,31.9
VN_SGN,2022,33.0
VN_SGN,2020,27.7
VN_SGN,2015,28.8
VN_SGN,2019,29.4
VN_SGN,2022,31.1
VN_SGN,2019,31.3
VN_SGN,2017,29.7
VN_SGN,2021,29.3
VN_SGN,2020,31.0
VN_SGN,2022,27.9
VN_SGN,2016,28.2
VN_SGN,2025,28.9
VN_SGN,2017,23.6
VN_SGN,2025,23.0
VN_SGN,2021,31.9
VN_SGN,2018,31.8
VN_SGN,2019,31.9
VN_SGN,2022,30.0
VN_SGN,2017,26.3
VN_SGN,2018,29.0
VN_SGN,2017,29.2
VN_SGN,2016,30.5
VN_SGN,2015,32.0
VN_SGN,2015,25.2
VN_SGN,2022,38.7
VN_SGN,2025,30.9
VN_SGN,2015,29.5
VN_SGN,2017,22.9
VN_SGN,2015,31.3
VN_SGN,2018,31.0
VN_SGN,2022,29.7
VN_SGN,2015,24.2
VN_SGN,2022,31.5
VN_SGN,2023,25.7
VN_SGN,2021,27.7
VN_SGN,2015,26.5
VN_SGN,2015,29.3
VN_SGN,2020,24.2
VN_SGN,2017,30.1
VN_SGN,2018,32.2
VN_SGN,2021,30.3
VN_SGN,2016,31.5
VN_SGN,2015,26.0
VN_SGN,2021,30.2
VN_SGN,2023,29.4
VN_SGN,2025,28.1
VN_SGN,2023,29.5
VN_SGN,2020,26.7
VN_SGN,2021,31.4
VN_SGN,2024,26.0
VN_SGN,2025,24.9
VN_SGN,2020,28.0
VN_SGN,2015,25.0
VN_SGN,2019,32.5
VN_SGN,2019,22.3
VN_SGN,2016,29.0
VN_SGN,2021,26.9
VN_SGN,2017,30.3
VN_SGN,2019,27.4
VN_SGN,2018,27.2
VN_SGN,2022,28.9
VN_SGN,2017,25.5
VN_SGN,2024,22.7
VN_SGN,2021,27.0
VN_SGN,2021,27.9
VN_SGN,2019,27.8
VN_SGN,2019,25.8
VN_SGN,2017,27.6
VN_SGN,2020,29.4
VN_SGN,2025,33.5
VN_SGN,2015,26.3
VN_SGN,2017,28.7
VN_SGN,2020,26.7
VN_SGN,2020,34.9
VN_SGN,2023,31.3
VN_SGN,2019,33.0
VN_SGN,2025,22.9
VN_SGN,2016,27.2
VN_SGN,2025,24.3
VN_SGN,2025,31.9
VN_SGN,2016,26.3
VN_SGN,2024,32.7
VN_SGN,2015,28.9
VN_SGN,2022,37.1
VN_SGN,2025,24.9
VN_SGN,2022,26.9
VN_SGN,2024,29.5
VN_SGN,2021,27.7
VN_SGN,2025,32.1
VN_SGN,2015,28.6
VN_SGN,2021,36.0
VN_SGN,2015,29.7
VN_SGN,2021,29.6
VN_SGN,2018,28.2
VN_SGN,2022,28.4
VN_SGN,2015,27.3
VN_SGN,2017,26.8
VN_SGN,2016,33.1
VN_SGN,2023,26.9
VN_SGN,2015,23.0
VN_SGN,2015,29.2
VN_SGN,2021,27.8
VN_SGN,2022,28.9
VN_SGN,2018,27.6
VN_SGN,2021,28.9
VN_SGN,2024,31.6
VN_SGN,2015,31.6
VN_SGN,2017,27.7
VN_SGN,2017,32.0
VN_SGN,2019,30.0
VN_SGN,2025,26.4
VN_SGN,2019,29.7
VN_SGN,2017,26.9
VN_SGN,2023,27.1
VN_SGN,2015,33.2
VN_SGN,2023,27.0
VN_SGN,2021,26.2
VN_SGN,2024,27.7
VN_SGN,2021,28.2
VN_SGN,2025,26.3
VN_SGN,2024,29.9
VN_SGN,2020,33.7
VN_SGN,2021,26.6
VN_SGN,2022,29.2
VN_SGN,2021,26.2
VN_SGN,2023,33.3
VN_SGN,2025,29.2
VN_SGN,2024,29.7
VN_SGN,2025,30.3
VN_SGN,2022,30.0
VN_SGN,2025,30.1
VN_SGN,2023,26.7
VN_SGN,2022,31.0
VN_SGN,2020,31.5
VN_SGN,2015,25.3
VN_SGN,2022,28.4
VN_SGN,2016,28.3
VN_SGN,2016,25.2
VN_SGN,2024,28.1
VN_SGN,2017,30.1
VN_SGN,2021,30.9
VN_SGN,2018,28.1
VN_SGN,2022,29.7
VN_SGN,2024,31.4
VN_SGN,2016,26.5
VN_SGN,2025,30.5
VN_SGN,2016,32.8
VN_SGN,2025,30.4
VN_SGN,2022,27.8
VN_SGN,2023,26.5
VN_SGN,2017,32.8
VN_SGN,2023,29.3
VN_SGN,2022,28.4
VN_SGN,2017,28.9
VN_SGN,2018,28.7
VN_SGN,2023,28.8
VN_SGN,2022,28.4
VN_SGN,2017,26.9
VN_SGN,2024,26.5
VN_SGN,2020,26.2
VN_SGN,2024,24.1
VN_SGN,2022,28.3
VN_SGN,2019,26.1
VN_SGN,2018,30.4
VN_SGN,2019,22.8
VN_SGN,2016,24.5
VN_SGN,2021,27.2
VN_SGN,2023,22.8
VN_SGN,2019,27.3
VN_SGN,2018,32.9
VN_SGN,2025,28.7
VN_SGN,2018,28.9
VN_SGN,2018,31.2
VN_SGN,2019,30.1
VN_SGN,2017,31.8
VN_SGN,2025,31.8
VN_SGN,2017,28.1
VN_SGN,2019,27.6
VN_SGN,2024,25.8
VN_SGN,2018,26.7
VN_SGN,2019,27.5
VN_SGN,2020,20.6
VN_SGN,2016,31.1
VN_SGN,2017,25.1
VN_SGN,2015,33.3
VN_SGN,2017,24.4
VN_SGN,2022,24.6
VN_SGN,2017,30.8
VN_SGN,2022,22.0
VN_SGN,2019,29.0
VN_SGN,2019,26.6
VN_SGN,2019,29.9
VN_SGN,2018,29.7
VN_SGN,2022,26.0
VN_SGN,2018,24.1
VN_SGN,2021,25.5
VN_SGN,2022,30.2
VN_SGN,2021,25.0
VN_SGN,2025,26.6
VN_SGN,2020,23.9
VN_SGN,2022,25.7
VN_SGN,2022,27.5
VN_SGN,2020,30.2
VN_SGN,2024,28.5
VN_SGN,2022,28.2
VN_SGN,2023,25.4
VN_SGN,2024,28.3
VN_SGN,2024,26.0
VN_SGN,2019,34.3
VN_SGN,2017,31.9
VN_SGN,2022,28.7
VN_SGN,2022,27.5
VN_SGN,2024,30.7
VN_SGN,2020,28.6
VN_SGN,2023,27.3
VN_SGN,2023,25.1
VN_SGN,2016,26.6
VN_SGN,2016,29.3
VN_SGN,2018,24.9
VN_SGN,2015,34.5
VN_SGN,2020,27.7
VN_SGN,2020,27.1
VN_SGN,2025,30.1
VN_SGN,2019,29.9
VN_SGN,2020,34.0
VN_SGN,2023,30.6
VN_SGN,2020,27.3
VN_SGN,2015,28.5
VN_SGN,2018,31.4
VN_SGN,2015,27.0
VN_SGN,2019,23.5
VN_SGN,2015,31.2
VN_SGN,2020,25.8
VN_SGN,2017,26.6
VN_SGN,2019,30.0
VN_SGN,2023,28.0
VN_SGN,2024,29.1
VN_SGN,2022,29.0
VN_SGN,2020,30.3
VN_SGN,2022,31.3
VN_SGN,2019,28.0
VN_SGN,2025,35.9
VN_SGN,2017,24.8
VN_SGN,2023,28.0
VN_SGN,2016,27.6
VN_SGN,2021,30.5
VN_SGN,2018,27.4
VN_SGN,2015,31.0
VN_SGN,2022,28.9
VN_SGN,2020,32.5
VN_SGN,2015,26.9
VN_SGN,2023,30.1
VN_SGN,2015,25.2
VN_SGN,2015,29.2
VN_SGN,2016,32.5
VN_SGN,2019,25.8
VN_SGN,2024,31.3
VN_SGN,2023,28.0
VN_SGN,2017,29.8
VN_SGN,2025,27.4
VN_SGN,2021,26.3
VN_SGN,2019,30.3
VN_SGN,2025,21.9
VN_SGN,2022,26.6
VN_SGN,2017,31.7
VN_SGN,2019,30.9
VN_SGN,2015,27.1
VN_SGN,2018,32.4
VN_SGN,2024,29.2
VN_SGN,2024,30.2
VN_SGN,2023,29.3
VN_SGN,2018,29.0
VN_SGN,2016,30.2
VN_SGN,2018,31.0
VN_SGN,2015,29.7
VN_SGN,2018,30.0
VN_SGN,2025,30.7
VN_SGN,2016,28.2
VN_SGN,2015,33.0
VN_SGN,2022,26.6
VN_SGN,2018,24.4
VN_SGN,2015,28.0
VN_SGN,2019,20.3
VN_SGN,2019,24.8
VN_SGN,2019,24.2
VN_SGN,2022,28.1
VN_SGN,2025,21.2
VN_SGN,2017,22.9
VN_SGN,2017,29.9
VN_SGN,2021,22.4
VN_SGN,2016,26.0
VN_SGN,2022,32.9
VN_SGN,2024,29.2
VN_SGN,2025,27.6
VN_SGN,2016,28.1
VN_SGN,2024,27.5
VN_SGN,2017,29.6
VN_SGN,2015,35.3
VN_SGN,2021,31.4
VN_SGN,2019,27.6
VN_SGN,2022,33.1
VN_SGN,2024,29.4
VN_SGN,2015,32.8
VN_SGN,2016,29.5
VN_SGN,2022,23.1
VN_SGN,2021,29.6
VN_SGN,2025,29.1
VN_SGN,2021,34.4
VN_SGN,2023,25.7
VN_SGN,2023,25.7
VN_SGN,2017,30.9
VN_SGN,2019,30.2
VN_SGN,2023,30.8
VN_SGN,2020,30.3
VN_SGN,2022,29.9
VN_SGN,2021,31.5
VN_SGN,2020,32.5
VN_SGN,2016,33.0
VN_SGN,2024,30.4
VN_SGN,2020,29.0
VN_SGN,2017,27.1
VN_SGN,2015,34.1
VN_SGN,2025,27.5
VN_SGN,2018,22.9
VN_SGN,2018,28.1
VN_SGN,2020,27.3
VN_SGN,2024,29.1
VN_SGN,2024,28.4
VN_SGN,2018,34.4
VN_SGN,2017,32.0
VN_SGN,2015,26.0
VN_SGN,2023,30.0
VN_SGN,2024,29.8
VN_SGN,2025,22.4
VN_SGN,2015,29.9
VN_SGN,2025,32.8
VN_SGN,2016,28.3
VN_SGN,2015,27.0
VN_SGN,2025,29.1
VN_SGN,2016,23.9
VN_SGN,2015,34.0
VN_SGN,2020,26.0
VN_SGN,2017,27.5
VN_SGN,2024,27.7
VN_SGN,2020,31.9
VN_SGN,2016,29.3
VN_SGN,2018,27.6
VN_SGN,2018,27.6
VN_SGN,2024,28.0
VN_SGN,2019,27.9
VN_SGN,2024,24.1
VN_SGN,2024,33.5
VN_SGN,2018,33.4
VN_SGN,2020,29.0
VN_SGN,2022,30.0
VN_SGN,2024,20.8
VN_SGN,2020,28.9
VN_SGN,2022,30.6
VN_SGN,2019,31.6
VN_SGN,2016,28.2
VN_SGN,2024,26.1
VN_SGN,2021,30.4
VN_SGN,2016,27.7
VN_SGN,2015,28.8
VN_SGN,2023,26.9
VN_SGN,2020,22.6
VN_SGN,2017,27.5
VN_SGN,2021,32.9
VN_SGN,2023,34.4
VN_SGN,2015,30.4
VN_SGN,2015,26.4
VN_SGN,2019,27.8
VN_SGN,2016,29.2
VN_SGN,2025,29.6
VN_SGN,2023,24.1
VN_SGN,2015,31.3
VN_SGN,2016,32.0
VN_SGN,2015,34.9
VN_SGN,2022,28.8
VN_SGN,2018,27.1
VN_SGN,2016,26.8
VN_SGN,2021,31.3
VN_SGN,2018,29.0
VN_SGN,2016,30.1
VN_SGN,2019,23.6
VN_SGN,2015,29.9
VN_SGN,2015,26.7
VN_SGN,2019,35.3
VN_SGN,2024,29.4
VN_SGN,2015,26.9
VN_SGN,2022,28.3
VN_SGN,2015,27.6
VN_SGN,2024,25.4
VN_SGN,2020,32.4
VN_SGN,2021,28.2
VN_SGN,2024,26.9
VN_SGN,2019,25.1
VN_SGN,2020,23.5
VN_SGN,2020,26.4
VN_SGN,2024,31.2
VN_SGN,2019,29.0
VN_SGN,2020,27.0
VN_SGN,2025,21.5
VN_SGN,2021,26.9
VN_SGN,2015,32.6
VN_SGN,2025,25.6
VN_SGN,2021,31.8
VN_SGN,2021,30.6
VN_SGN,2020,25.4
VN_SGN,2022,27.4
VN_SGN,2025,30.1
VN_SGN,2020,27.7
VN_SGN,2023,30.7
VN_SGN,2016,34.1
VN_SGN,2019,29.9
VN_SGN,2024,28.5
VN_SGN,2018,34.1
VN_SGN,2015,29.3
VN_SGN,2020,24.8
VN_SGN,2016,32.8
VN_SGN,2020,24.6
VN_SGN,2023,24.8
VN_SGN,2023,32.2
VN_SGN,2023,30.5
VN_SGN,2022,27.7
VN_SGN,2024,30.6
VN_SGN,2016,24.7
VN_SGN,2020,28.7
VN_SGN,2024,25.3
VN_SGN,2019,29.1
VN_SGN,2015,32.9
VN_SGN,2015,30.1
VN_SGN,2018,28.7
VN_SGN,2020,27.1
VN_SGN,2019,26.6
VN_SGN,2022,27.7
VN_SGN,2019,26.6
VN_SGN,2019,20.1
VN_SGN,2018,26.5
VN_SGN,2015,33.6
VN_SGN,2022,31.1
VN_SGN,2020,22.7
VN_SGN,2020,27.6
VN_SGN,2024,32.9
VN_SGN,2018,24.7
VN_SGN,2022,28.7
VN_SGN,2021,24.5
VN_SGN,2017,31.1
VN_SGN,2024,28.6
VN_SGN,2018,26.0
VN_CTO,2019,24.0
VN_CTO,2018,31.0
VN_CTO,2015,31.1
VN_CTO,2021,25.2
VN_CTO,2024,28.1
VN_CTO,2021,23.3
VN_CTO,2021,33.2
VN_CTO,2015,29.7
VN_CTO,2021,31.7
VN_CTO,2020,29.9
VN_CTO,2018,28.2
VN_CTO,2021,29.8
VN_CTO,2016,29.2
VN_CTO,2020,28.8
VN_CTO,2021,25.9
VN_CTO,2025,29.9
VN_CTO,2025,29.1
VN_CTO,2016,30.4
VN_CTO,2016,21.9
VN_CTO,2017,28.0
VN_CTO,2016,31.4
VN_CTO,2022,31.6
VN_CTO,2025,26.1
VN_CTO,2017,26.4
VN_CTO,2015,26.2
VN_CTO,2018,26.9
VN_CTO,2024,22.0
VN_CTO,2020,25.1
VN_CTO,2025,23.8
VN_CTO,2022,24.2
VN_CTO,2020,29.1
VN_CTO,2024,30.1
VN_CTO,2019,20.9
VN_CTO,2023,29.7
VN_CTO,2017,27.4
VN_CTO,2015,25.8
VN_CTO,2017,22.4
VN_CTO,2022,28.7
VN_CTO,2018,28.4
VN_CTO,2019,22.8
VN_CTO,2019,26.6
VN_CTO,2025,23.8
VN_CTO,2018,35.9
VN_CTO,2021,27.0
VN_CTO,2025,27.6
VN_CTO,2018,33.1
VN_CTO,2020,23.6
VN_CTO,2023,28.0
VN_CTO,2021,31.2
VN_CTO,2023,27.5
VN_CTO,2015,26.0
VN_CTO,2024,32.4
VN_CTO,2016,33.2
VN_CTO,2024,31.1
VN_CTO,2021,24.5
VN_CTO,2020,26.9
VN_CTO,2015,29.3
VN_CTO,2023,30.8
VN_CTO,2016,27.4
VN_CTO,2016,31.9
VN_CTO,2015,28.0
VN_CTO,2022,28.3
VN_CTO,2015,28.3
VN_CTO,2016,28.4
VN_CTO,2021,28.5
VN_CTO,2020,27.4
VN_CTO,2025,29.2
VN_CTO,2020,32.6
VN_CTO,2023,24.3
VN_CTO,2021,24.0
VN_CTO,2025,31.0
VN_CTO,2019,27.3
VN_CTO,2024,28.2
VN_CTO,2020,24.7
VN_CTO,2016,23.7
VN_CTO,2021,29.8
VN_CTO,2015,25.4
VN_CTO,2021,24.6
VN_CTO,2025,23.9
VN_CTO,2018,23.7
VN_CTO,2024,22.4
VN_CTO,2021,29.2
VN_CTO,2015,28.4
VN_CTO,2024,35.5
VN_CTO,2021,29.2
VN_CTO,2024,31.9
VN_CTO,2019,30.4
VN_CTO,2015,27.9
VN_CTO,2017,32.4
VN_CTO,2023,27.3
VN_CTO,2017,31.5
VN_CTO,2018,29.9
VN_CTO,2024,28.3
VN_CTO,2017,24.5
VN_CTO,2022,25.8
VN_CTO,2023,29.8
VN_CTO,2020,31.3
VN_CTO,2022,27.9
VN_CTO,2025,26.2
VN_CTO,2021,31.8
VN_CTO,2015,24.5
VN_CTO,2021,26.9
VN_CTO,2025,32.5
VN_CTO,2018,29.5
VN_CTO,2020,28.2
VN_CTO,2022,28.2
VN_CTO,2020,27.2
VN_CTO,2015,30.5
VN_CTO,2017,28.1
VN_CTO,2016,26.7
VN_CTO,2023,28.1
VN_CTO,2025,29.3
VN_CTO,2015,28.5
VN_CTO,2024,27.6
VN_CTO,2017,24.2
VN_CTO,2017,23.7
VN_CTO,2024,24.0
VN_CTO,2023,25.8
VN_CTO,2019,28.6
VN_CTO,2022,27.2
VN_CTO,2025,27.7
VN_CTO,2017,22.6
VN_CTO,2025,24.9
VN_CTO,2015,25.4
VN_CTO,2020,26.7
VN_CTO,2016,25.1
VN_CTO,2020,28.4
VN_CTO,2016,26.8
VN_CTO,2017,27.1
VN_CTO,2022,23.2
VN_CTO,2016,25.5
VN_CTO,2020,24.7
VN_CTO,2020,32.4
VN_CTO,2019,30.9
VN_CTO,2019,21.9
VN_CTO,2020,27.9
VN_CTO,2015,28.2
VN_CTO,2019,28.0
VN_CTO,2021,29.1
VN_CTO,2017,26.9
VN_CTO,2017,29.2
VN_CTO,2020,28.3
VN_CTO,2021,25.3
VN_CTO,2018,26.8
VN_CTO,2016,32.1
VN_CTO,2021,26.4
VN_CTO,2015,21.5
VN_CTO,2019,28.0
VN_CTO,2023,25.0
VN_CTO,2022,31.2
VN_CTO,2017,26.8
VN_CTO,2019,23.2
VN_CTO,2016,26.4
VN_CTO,2018,30.1
VN_CTO,2022,28.3
VN_CTO,2023,29.4
VN_CTO,2015,32.0
VN_CTO,2021,27.5
VN_CTO,2023,21.8
VN_CTO,2018,27.7
VN_CTO,2020,28.6
VN_CTO,2018,28.2
VN_CTO,2016,29.5
VN_CTO,2024,25.2
VN_CTO,2023,28.8
VN_CTO,2017,29.2
VN_CTO,2019,29.1
VN_CTO,2016,31.6
VN_CTO,2019,31.6
VN_CTO,2015,35.6
VN_CTO,2017,26.0
VN_CTO,2016,27.2
VN_CTO,2019,30.4
VN_CTO,2024,26.0
VN_CTO,2016,29.9
VN_CTO,2021,29.8
VN_CTO,2015,30.7
VN_CTO,2019,23.6
VN_CTO,2016,29.4
VN_CTO,2016,26.9
VN_CTO,2019,30.7
VN_CTO,2017,31.8
VN_CTO,2017,24.5
VN_CTO,2025,33.5
VN_CTO,2022,28.6
VN_CTO,2023,31.0
VN_CTO,2022,25.0
VN_CTO,2024,23.5
VN_CTO,2021,31.4
VN_CTO,2022,27.5
VN_CTO,2022,27.8
VN_CTO,2021,27.6
VN_CTO,2025,27.8
VN_CTO,2020,30.2
VN_CTO,2017,28.2
VN_CTO,2017,21.8
VN_CTO,2022,30.1
VN_CTO,2025,29.3
VN_CTO,2019,29.1
VN_CTO,2022,24.7
VN_CTO,2021,29.0
VN_CTO,2016,29.6
VN_CTO,2022,34.5
VN_CTO,2023,30.5
VN_CTO,2016,26.4
VN_CTO,2020,24.1
VN_CTO,2016,26.2
VN_CTO,2025,29.5
VN_CTO,2021,33.8
VN_CTO,2021,25.5
VN_CTO,2018,29.6
VN_CTO,2018,32.5
VN_CTO,2015,27.0
VN_CTO,2025,28.0
VN_CTO,2022,29.4
VN_CTO,2016,32.2
VN_CTO,2023,26.5
VN_CTO,2025,26.9
VN_CTO,2018,24.1
VN_CTO,2025,30.8
VN_CTO,2021,30.1
VN_CTO,2022,29.0
VN_CTO,2016,28.2
VN_CTO,2015,26.0
VN_CTO,2025,28.2
VN_CTO,2022,29.8
VN_CTO,2018,27.6
VN_CTO,2019,28.9
VN_CTO,2021,19.7
VN_CTO,2021,30.4
VN_CTO,2020,29.1
VN_CTO,2019,27.1
VN_CTO,2021,26.6
VN_CTO,2019,25.5
VN_CTO,2021,25.2
VN_CTO,2022,29.2
VN_CTO,2016,29.8
VN_CTO,2016,26.2
VN_CTO,2022,26.5
VN_CTO,2024,29.3
VN_CTO,2017,30.0
VN_CTO,2021,27.6
VN_CTO,2023,27.3
VN_CTO,2021,26.4
VN_CTO,2019,26.4
VN_CTO,2016,28.9
VN_CTO,2025,30.2
VN_CTO,2022,23.0
VN_CTO,2017,25.0
VN_CTO,2020,32.0
VN_CTO,2022,29.9
VN_CTO,2017,26.2
VN_CTO,2020,31.5
VN_CTO,2021,25.8
VN_CTO,2017,25.8
VN_CTO,2018,23.8
VN_CTO,2020,30.2
VN_CTO,2023,28.6
VN_CTO,2020,23.4
VN_CTO,2015,27.3
VN_CTO,2023,32.0
VN_CTO,2023,30.3
VN_CTO,2025,27.2
VN_CTO,2019,28.1
VN_CTO,2019,28.7
VN_CTO,2024,28.3
VN_CTO,2023,23.5
VN_CTO,2019,34.1
VN_CTO,2020,25.4
VN_CTO,2025,25.2
VN_CTO,2017,29.9
VN_CTO,2024,27.6
VN_CTO,2020,30.1
VN_CTO,2017,27.6
VN_CTO,2024,28.5
VN_CTO,2024,28.2
VN_CTO,2022,29.1
VN_CTO,2018,28.1
VN_CTO,2024,28.7
VN_CTO,2023,30.7
VN_CTO,2015,23.8
VN_CTO,2015,28.3
VN_CTO,2021,35.4
VN_CTO,2019,29.8
VN_CTO,2018,29.7
VN_CTO,2025,22.9
VN_CTO,2018,31.3
VN_CTO,2021,29.4
VN_CTO,2021,23.3
VN_CTO,2018,29.5
VN_CTO,2021,25.0
VN_CTO,2017,27.8
VN_CTO,2023,27.5
VN_CTO,2015,25.0
VN_CTO,2017,27.9
VN_CTO,2023,25.9
VN_CTO,2017,28.1
VN_CTO,2015,27.7
VN_CTO,2024,25.7
VN_CTO,2021,26.7
VN_CTO,2022,27.0
VN_CTO,2018,28.2
VN_CTO,2025,30.9
VN_CTO,2022,27.6
VN_CTO,2024,29.4
VN_CTO,2018,28.5
VN_CTO,2019,28.5
VN_CTO,2019,28.3
VN_CTO,2018,27.7
VN_CTO,2023,27.2
VN_CTO,2022,31.7
VN_CTO,2021,24.5
VN_CTO,2023,29.3
VN_CTO,2016,27.1
VN_CTO,2017,26.3
VN_CTO,2023,32.1
VN_CTO,2019,24.5
VN_CTO,2015,27.1
VN_CTO,2019,26.4
VN_CTO,2023,28.5
VN_CTO,2025,25.6
VN_CTO,2019,29.9
VN_CTO,2025,25.5
VN_CTO,2018,22.9
VN_CTO,2022,30.7
VN_CTO,2023,23.7
VN_CTO,2022,27.5
VN_CTO,2022,33.8
VN_CTO,2024,26.9
VN_CTO,2018,24.3
VN_CTO,2015,28.8
VN_CTO,2022,31.1
VN_CTO,2018,32.2
VN_CTO,2022,23.9
VN_CTO,2023,28.3
VN_CTO,2015,29.3
VN_CTO,2017,27.4
VN_CTO,2017,27.3
VN_CTO,2023,26.5
VN_CTO,2023,26.6
VN_CTO,2025,34.7
VN_CTO,2025,29.2
VN_CTO,2020,31.9
VN_CTO,2016,27.2
VN_CTO,2017,27.7
VN_CTO,2020,28.1
VN_CTO,2020,32.1
VN_CTO,2019,23.9
VN_CTO,2020,23.2
VN_CTO,2018,27.7
VN_CTO,2015,24.4
VN_CTO,2019,29.8
VN_CTO,2024,32.8
VN_CTO,2016,28.7
VN_CTO,2024,28.5
VN_CTO,2020,26.9
VN_CTO,2019,24.9
VN_CTO,2023,24.9
VN_CTO,2023,31.0
VN_CTO,2020,28.3
VN_CTO,2021,28.8
VN_CTO,2021,29.2
VN_CTO,2025,25.9
VN_CTO,2023,29.8
VN_CTO,2020,28.0
VN_CTO,2018,22.2
VN_CTO,2025,28.2
VN_CTO,2015,30.2
VN_CTO,2024,33.3
VN_CTO,2018,28.7
VN_CTO,2024,28.7
VN_CTO,2023,24.7
VN_CTO,2025,26.3
VN_CTO,2016,28.2
VN_CTO,2018,28.9
VN_CTO,2015,27.7
VN_CTO,2025,26.3
VN_CTO,2017,23.1
VN_CTO,2016,28.7
VN_CTO,2025,28.7
VN_CTO,2015,26.5
VN_CTO,2019,31.6
VN_CTO,2025,29.6
VN_CTO,2019,29.0
VN_CTO,2020,28.0
VN_CTO,2025,24.6
VN_CTO,2023,25.4
VN_CTO,2017,33.9
VN_CTO,2018,34.2
VN_CTO,2018,25.7
VN_CTO,2020,34.8
VN_CTO,2023,23.4
VN_CTO,2019,30.0
VN_CTO,2024,23.6
VN_CTO,2025,28.7
VN_CTO,2021,29.7
VN_CTO,2021,29.3
VN_CTO,2019,28.4
VN_CTO,2018,33.0
VN_CTO,2017,28.6
VN_CTO,2020,29.6
VN_CTO,2016,27.3
VN_CTO,2024,31.6
VN_CTO,2018,26.2
VN_CTO,2025,28.0
VN_CTO,2021,33.5
VN_CTO,2019,29.0
VN_CTO,2016,27.2
VN_CTO,2024,25.5
VN_CTO,2015,24.9
VN_CTO,2023,31.5
VN_CTO,2015,28.1
VN_CTO,2015,28.6
VN_CTO,2018,29.7
VN_CTO,2023,24.3
VN_CTO,2020,25.9
VN_CTO,2015,26.9
VN_CTO,2016,25.3
VN_CTO,2022,25.4
VN_CTO,2022,27.1
VN_CTO,2021,29.8
VN_CTO,2022,25.0
VN_CTO,2018,29.3
VN_CTO,2015,25.6
VN_CTO,2021,26.6
VN_CTO,2022,26.7
VN_CTO,2015,28.6
VN_CTO,2018,29.8
VN_CTO,2022,32.1
VN_CTO,2016,27.9
VN_CTO,2015,35.2
VN_CTO,2024,27.4
VN_CTO,2018,25.8
VN_CTO,2022,27.9
VN_CTO,2024,28.3
VN_CTO,2024,32.6
VN_CTO,2022,26.9
VN_CTO,2021,25.5
VN_CTO,2018,28.6
VN_CTO,2019,30.2
VN_CTO,2020,25.1
VN_CTO,2018,28.4
VN_CTO,2018,28.0
VN_CTO,2023,28.6
VN_CTO,2025,27.3
VN_CTO,2015,25.5
VN_CTO,2018,25.1
VN_CTO,2018,30.8
VN_CTO,2016,32.7
VN_CTO,2024,28.3
VN_CTO,2021,27.5
VN_CTO,2017,33.6
VN_CTO,2016,29.8
VN_CTO,2020,25.8
VN_CTO,2016,27.0
VN_CTO,2017,27.5
VN_CTO,2022,29.9
VN_CTO,2022,31.1
VN_CTO,2023,28.3
VN_CTO,2020,29.3
VN_CTO,2022,29.5
VN_CTO,2017,27.1
VN_CTO,2020,27.4
VN_CTO,2021,34.2
VN_CTO,2019,25.8
VN_CTO,2016,24.3
VN_CTO,2016,31.6
VN_CTO,2016,30.8
VN_CTO,2017,25.3
VN_CTO,2023,26.6
VN_CTO,2023,24.4
VN_CTO,2017,25.8
VN_CTO,2022,29.2
VN_CTO,2017,26.3
VN_CTO,2025,30.7
VN_CTO,2021,25.5
VN_CTO,2025,32.1
VN_CTO,2017,33.4
VN_CTO,2018,31.1
VN_CTO,2019,28.5
VN_CTO,2024,33.8
VN_CTO,2023,26.0
VN_CTO,2017,25.3
VN_CTO,2021,24.9
VN_CTO,2019,22.9
VN_CTO,2020,25.2
VN_CTO,2025,28.8
VN_CTO,2022,29.9
VN_CTO,2017,25.4
VN_CTO,2025,26.8
VN_CTO,2023,23.3
VN_CTO,2020,28.4
VN_CTO,2019,25.8
VN_CTO,2022,29.4
VN_CTO,2023,28.3
VN_CTO,2019,22.5
VN_CTO,2023,25.4
VN_CTO,2019,22.3
VN_CTO,2018,28.5
VN_CTO,2022,28.3
VN_CTO,2019,31.0
VN_CTO,2019,29.6
VN_CTO,2024,28.0
VN_CTO,2017,32.8
VN_CTO,2015,28.5
VN_CTO,2018,27.5
VN_CTO,2021,24.5
VN_CTO,2016,27.9
VN_CTO,2015,29.6
VN_CTO,2015,32.0
VN_CTO,2023,30.6
VN_CTO,2016,32.8
VN_CTO,2023,29.5
VN_CTO,2025,27.6
VN_CTO,2017,30.9
VN_CTO,2022,24.4
VN_CTO,2015,30.0
VN_CTO,2025,23.6
VN_CTO,2018,25.3
VN_CTO,2018,28.0
VN_CTO,2022,23.6
VN_CTO,2022,28.8
VN_CTO,2025,32.0
VN_CTO,2025,29.0
VN_CTO,2015,30.9
VN_CTO,2022,30.4
VN_CTO,2021,24.3
VN_CTO,2020,26.0
VN_CTO,2017,28.4
VN_CTO,2024,28.2
VN_CTO,2019,29.1
VN_CTO,2019,25.2
VN_CTO,2015,25.7
VN_CTO,2015,30.1
VN_CTO,2023,27.9
VN_CTO,2016,27.8
VN_CTO,2025,29.6
VN_CTO,2015,30.5
VN_CTO,2017,26.6
VN_CTO,2025,27.0
VN_CTO,2023,24.5
VN_CTO,2018,27.3
VN_CTO,2023,23.7
VN_CTO,2025,29.1
VN_CTO,2022,22.8
VN_CTO,2015,28.6
VN_CTO,2022,32.2
VN_CTO,2020,29.1
VN_CTO,2015,22.7
VN_CTO,2018,30.6
VN_CTO,2022,29.3
VN_CTO,2024,26.3
VN_CTO,2025,27.3
VN_CTO,2023,26.6
VN_CTO,2024,33.4
VN_CTO,2017,21.6
VN_CTO,2021,30.3
VN_CTO,2018,28.4
VN_CTO,2020,23.1
VN_CTO,2019,30.7
VN_CTO,2023,24.0
VN_CTO,2016,31.2
VN_CTO,2025,30.1
VN_CTO,2015,26.0
VN_CTO,2025,24.1
VN_CTO,2016,25.1
VN_CTO,2018,28.6
VN_CTO,2024,33.7
VN_CTO,2024,25.5
VN_CTO,2024,27.5
VN_CTO,2017,29.2
VN_CTO,2017,30.1
VN_CTO,2023,30.9
VN_CTO,2021,24.6
VN_CTO,2017,25.8
VN_CTO,2021,22.7
VN_CTO,2024,21.8
VN_CTO,2025,25.4
VN_CTO,2015,25.0
VN_CTO,2023,26.1
VN_CTO,2022,29.9
VN_CTO,2015,27.8
VN_CTO,2018,27.5
VN_CTO,2016,28.6
VN_CTO,2020,18.1
VN_CTO,2020,27.4
VN_CTO,2019,29.6
VN_CTO,2022,27.8
VN_CTO,2023,29.7
VN_CTO,2023,31.3
VN_CTO,2020,26.2
VN_CTO,2019,36.8
VN_CTO,2024,30.1
VN_CTO,2022,24.9
VN_CTO,2018,31.3
VN_CTO,2019,30.3
VN_CTO,2017,31.0
VN_CTO,2019,27.0
VN_CTO,2020,25.9
VN_CTO,2017,28.7
VN_CTO,2017,28.2
VN_CTO,2016,32.4
VN_CTO,2016,27.4
VN_CTO,2016,30.4
VN_CTO,2015,27.8
VN_CTO,2018,24.6
VN_CTO,2017,26.5
VN_CTO,2024,25.4
VN_CTO,2017,28.0
VN_CTO,2015,30.5
VN_CTO,2017,31.9
VN_CTO,2019,29.1
VN_CTO,2024,28.1
VN_CTO,2018,26.3
VN_CTO,2019,20.6
VN_CTO,2019,27.6
VN_CTO,2016,29.4
VN_CTO,2025,26.8
VN_CTO,2017,33.4
VN_CTO,2023,28.5
VN_CTO,2024,25.5
VN_CTO,2022,28.2
VN_CTO,2025,27.7
VN_CTO,2019,28.2
VN_CTO,2019,23.1
VN_CTO,2020,22.5
VN_CTO,2019,31.9
VN_CTO,2016,27.4
VN_CTO,2022,27.0
VN_CTO,2016,27.8
VN_CTO,2015,26.2
VN_CTO,2022,30.4
VN_CTO,2018,28.2
VN_CTO,2016,26.6
VN_CTO,2025,31.3
VN_CTO,2023,29.0
VN_CTO,2025,27.9
VN_CTO,2024,25.4
VN_CTO,2023,27.7
VN_CTO,2018,27.5
VN_CTO,2017,30.1
VN_CTO,2017,26.2
VN_CTO,2018,27.5
VN_CTO,2021,31.3
VN_CTO,2018,26.7
VN_CTO,2018,31.1
VN_CTO,2024,26.4
VN_CTO,2016,30.1
VN_CTO,2015,26.5
VN_CTO,2016,29.0
VN_CTO,2017,28.1
VN_CTO,2021,19.1
VN_CTO,2023,29.0
VN_CTO,2024,30.4
VN_CTO,2025,27.1
VN_CTO,2017,33.8
VN_CTO,2022,23.2
VN_CTO,2018,25.1
VN_CTO,2025,27.8
VN_CTO,2015,26.3
VN_CTO,2016,29.3
VN_CTO,2019,29.2
VN_CTO,2023,27.8
VN_CTO,2017,28.9
VN_CTO,2023,25.9
VN_CTO,2023,28.7
VN_CTO,2015,27.5
VN_CTO,2020,26.6
VN_CTO,2025,22.9
VN_CTO,2024,26.2
VN_CTO,2019,28.9
VN_CTO,2020,30.2
VN_CTO,2018,27.9
VN_CTO,2018,31.1
VN_CTO,2022,23.2
VN_CTO,2023,29.7
VN_CTO,2019,30.8
VN_CTO,2020,24.4
VN_CTO,2017,27.8
VN_CTO,2021,26.8
VN_CTO,2025,30.5
VN_CTO,2015,28.8
VN_CTO,2020,24.2
VN_CTO,2021,27.1
VN_CTO,2022,26.0
VN_CTO,2019,28.6
VN_CTO,2019,28.4
VN_CTO,2015,26.3
VN_CTO,2022,33.4
VN_CTO,2019,25.8
VN_CTO,2015,29.5
VN_CTO,2015,31.1
VN_CTO,2023,29.5
VN_CTO,2025,27.7
VN_CTO,2023,31.2
VN_CTO,2017,26.3
VN_CTO,2022,33.0
VN_CTO,2016,27.8
VN_CTO,2022,23.2
VN_CTO,2022,27.8
VN_CTO,2018,21.9
VN_CTO,2020,28.9
VN_CTO,2021,31.2
VN_CTO,2024,32.6
VN_CTO,2019,30.5
VN_CTO,2020,25.8
VN_CTO,2021,28.5
VN_CTO,2021,25.5
VN_CTO,2020,27.9
VN_CTO,2019,27.3
VN_CTO,2024,32.8
VN_CTO,2016,29.1
VN_CTO,2021,25.0
VN_CTO,2023,24.2
VN_CTO,2025,23.4
VN_CTO,2015,26.8
VN_CTO,2019,30.7
VN_CTO,2025,33.8
VN_CTO,2016,31.9
VN_CTO,2023,32.1
VN_CTO,2025,27.9
VN_CTO,2022,27.9
VN_CTO,2025,27.7
VN_CTO,2021,26.4
VN_CTO,2021,32.8
VN_CTO,2020,28.2
VN_CTO,2023,31.2
VN_CTO,2025,29.3
VN_CTO,2023,29.3
VN_CTO,2017,24.4
VN_CTO,2019,25.4
VN_CTO,2018,25.1
VN_CTO,2020,28.1
VN_CTO,2022,25.2
VN_CTO,2022,28.6
VN_CTO,2022,29.5
VN_CTO,2025,32.2
VN_CTO,2019,25.4
VN_CTO,2015,24.3
VN_CTO,2019,27.8
VN_CTO,2021,27.3
VN_CTO,2020,26.9
VN_CTO,2017,28.6
VN_CTO,2016,32.0
VN_CTO,2018,23.8
VN_CTO,2025,30.9
VN_CTO,2021,23.9
VN_CTO,2023,34.0
VN_CTO,2019,30.5
VN_CTO,2018,21.1
VN_CTO,2017,28.6
VN_CTO,2021,25.2
VN_CTO,2016,28.5
VN_CTO,2018,22.3
VN_CTO,2017,19.4
VN_CTO,2020,29.0
VN_CTO,2025,29.5
VN_CTO,2025,31.3
VN_CTO,2025,27.7
VN_CTO,2020,26.2
VN_CTO,2024,28.2
VN_CTO,2015,27.2
VN_CTO,2021,25.7
VN_CTO,2020,25.2
VN_CTO,2023,25.3
VN_CTO,2017,25.8
VN_CTO,2015,29.8
VN_CTO,2022,33.7
VN_CTO,2017,26.0
VN_CTO,2023,31.3
VN_CTO,2018,26.2
VN_CTO,2023,28.3
VN_CTO,2021,28.1
VN_CTO,2017,25.9
VN_CTO,2015,23.4
VN_CTO,2020,29.3
VN_CTO,2020,27.9
VN_CTO,2024,22.4
VN_CTO,2018,25.1
VN_CTO,2022,28.9
VN_CTO,2023,28.6
VN_CTO,2023,33.6
VN_CTO,2018,25.9
VN_CTO,2017,29.0
VN_CTO,2018,27.4
VN_CTO,2015,25.9
VN_CTO,2023,26.8
VN_CTO,2016,29.8
VN_CTO,2019,32.1
VN_CTO,2016,30.6
VN_CTO,2017,29.3
VN_CTO,2023,30.0
VN_CTO,2020,29.9
VN_CTO,2025,24.3
VN_CTO,2023,25.3
VN_CTO,2015,29.9
VN_CTO,2021,31.2
VN_CTO,2018,24.8
VN_CTO,2021,29.2
VN_CTO,2017,26.6
VN_CTO,2025,27.3
VN_CTO,2020,24.6
VN_CTO,2025,26.5
VN_CTO,2025,23.8
VN_CTO,2018,27.3
VN_CTO,2020,30.1
VN_CTO,2018,29.0
VN_CTO,2022,27.6
VN_CTO,2022,31.5
VN_CTO,2024,33.6
VN_CTO,2017,32.0
VN_CTO,2024,25.8
VN_CTO,2023,24.1
VN_CTO,2023,28.9
VN_CTO,2020,31.2
VN_CTO,2017,27.4
VN_CTO,2015,25.5
VN_CTO,2024,25.2
VN_CTO,2021,32.4
VN_CTO,2020,34.4
VN_CTO,2021,25.9
VN_CTO,2015,27.9
VN_CTO,2024,26.2
VN_CTO,2016,25.0
VN_CTO,2025,20.0
VN_CTO,2015,32.0
VN_CTO,2023,27.5
VN_CTO,2015,27.7
VN_CTO,2016,27.2
VN_CTO,2016,27.2
VN_CTO,2023,31.0
VN_CTO,2025,27.9
VN_CTO,2020,28.1
VN_CTO,2018,27.5
VN_CTO,2019,25.0
VN_CTO,2015,35.9
VN_CTO,2016,31.5
VN_CTO,2020,26.7
VN_CTO,2024,30.6
VN_CTO,2015,25.2
VN_CTO,2020,28.9
VN_CTO,2022,26.3
VN_CTO,2025,26.2
VN_CTO,2023,26.1
VN_CTO,2025,28.7
VN_CTO,2021,20.9
VN_CTO,2023,31.4
VN_CTO,2025,31.3
VN_CTO,2020,22.9
VN_CTO,2025,27.7
VN_CTO,2021,21.4
VN_CTO,2022,26.3
VN_CTO,2018,25.7
VN_CTO,2018,32.2
VN_CTO,2018,19.2
VN_CTO,2018,25.7
VN_CTO,2023,21.3
VN_CTO,2017,31.2
VN_CTO,2018,24.0
VN_CTO,2016,24.5
VN_CTO,2024,26.4
VN_CTO,2019,24.9
VN_CTO,2018,26.9
VN_CTO,2016,29.6
VN_CTO,2022,20.8
VN_CTO,2025,26.2
VN_CTO,2021,22.6
VN_CTO,2018,25.2
VN_CTO,2023,30.9
VN_CTO,2024,25.0
VN_CTO,2024,30.1
VN_CTO,2023,28.6
VN_CTO,2015,28.3
VN_CTO,2018,28.8
VN_CTO,2016,27.5
VN_CTO,2018,29.2
VN_CTO,2023,28.5
VN_CTO,2016,25.9
VN_CTO,2017,29.8
VN_CTO,2021,30.1
VN_CTO,2021,27.3
VN_CTO,2019,25.1
VN_CTO,2021,32.1
VN_CTO,2015,22.0
VN_CTO,2020,25.0
VN_CTO,2020,29.1
VN_CTO,2019,26.6
VN_CTO,2020,26.9
VN_CTO,2025,32.7
VN_CTO,2017,31.2
VN_CTO,2019,29.4
VN_CTO,2024,28.7
VN_CTO,2015,27.9
VN_CTO,2016,24.6
VN_CTO,2021,27.9
VN_CTO,2016,27.6
VN_CTO,2024,29.2
VN_CTO,2017,29.7
VN_CTO,2018,25.7
VN_CTO,2025,24.5
VN_CTO,2021,27.2
VN_CTO,2019,29.9
VN_CTO,2020,30.1
VN_CTO,2019,27.9
VN_CTO,2024,32.9
VN_CTO,2018,23.7
VN_CTO,2019,19.9
VN_CTO,2017,25.8
VN_CTO,2019,27.3
VN_CTO,2024,32.7
VN_CTO,2023,29.4
VN_CTO,2025,27.0
VN_CTO,2019,25.5
VN_CTO,2025,28.7
VN_CTO,2015,29.0
VN_CTO,2025,32.5
VN_CTO,2023,23.0
VN_CTO,2018,24.4
VN_CTO,2018,27.3
VN_CTO,2017,21.9
VN_CTO,2018,22.6
VN_CTO,2019,23.2
VN_CTO,2017,27.7
VN_CTO,2015,31.3
VN_CTO,2023,29.7
VN_CTO,2017,26.3
VN_CTO,2020,32.0
VN_CTO,2024,25.3
VN_CTO,2021,22.5
VN_CTO,2021,28.1
VN_CTO,2021,25.5
VN_CTO,2016,26.8
VN_CTO,2023,25.3
VN_CTO,2018,27.0
VN_CTO,2025,29.5
VN_CTO,2015,30.1
VN_CTO,2021,30.2
VN_CTO,2024,26.6
VN_CTO,2022,29.3
VN_CTO,2019,23.7
VN_CTO,2025,30.0
VN_CTO,2019,28.8
VN_CTO,2022,29.3
VN_CTO,2019,27.0
VN_CTO,2016,25.6
VN_CTO,2017,25.2
VN_CTO,2018,27.4
VN_CTO,2023,32.6
VN_CTO,2021,28.8
VN_CTO,2015,27.2
VN_CTO,2021,28.9
VN_CTO,2019,28.2
VN_CTO,2022,25.5
VN_CTO,2016,27.7
VN_CTO,2023,27.6
VN_CTO,2020,34.4
VN_CTO,2017,30.8
VN_CTO,2023,23.0
VN_CTO,2018,34.4
VN_CTO,2020,20.7
VN_CTO,2015,29.4
VN_CTO,2017,26.6
VN_CTO,2021,26.0
VN_CTO,2024,34.3
VN_CTO,2021,28.5
VN_CTO,2024,25.9
VN_CTO,2022,29.8
VN_CTO,2016,34.0
VN_CTO,2021,31.2
VN_CTO,2022,30.2
VN_CTO,2023,28.3
VN_CTO,2025,23.8
VN_CTO,2020,27.4
VN_CTO,2020,29.4
VN_CTO,2017,29.5
VN_CTO,2024,31.4
VN_CTO,2021,22.1
VN_CTO,2017,29.8
VN_CTO,2025,29.4
VN_CTO,2015,28.0
VN_CTO,2022,27.3
VN_CTO,2018,25.2
VN_CTO,2021,25.2
VN_CTO,2015,27.0
VN_CTO,2025,28.2
VN_CTO,2022,24.1
VN_CTO,2024,29.2
VN_CTO,2020,23.3
VN_CTO,2022,29.2
VN_CTO,2022,25.4
VN_CTO,2019,28.7
VN_CTO,2022,26.0
VN_CTO,2022,31.3
VN_CTO,2024,32.0
VN_CTO,2021,27.1
VN_CTO,2022,29.3
VN_CTO,2020,31.3
VN_CTO,2025,33.3
VN_CTO,2016,27.1
VN_CTO,2017,31.6
VN_CTO,2020,27.1
VN_CTO,2023,25.7
VN_CTO,2019,24.7
VN_CTO,2019,32.0
VN_CTO,2023,23.7
VN_CTO,2017,27.7
VN_CTO,2015,22.4
VN_CTO,2019,24.9
VN_CTO,2021,27.0
VN_CTO,2016,27.9
VN_CTO,2022,30.8
VN_CTO,2016,27.7
VN_CTO,2017,31.5
VN_CTO,2019,25.7
VN_CTO,2023,25.7
VN_CTO,2025,24.8
VN_CTO,2018,32.2
VN_CTO,2024,29.4
VN_CTO,2017,28.3
VN_CTO,2015,26.9
VN_CTO,2018,23.4
VN_CTO,2025,32.4
VN_CTO,2025,24.5
VN_CTO,2018,22.9
VN_CTO,2017,28.9
VN_CTO,2021,24.1
VN_CTO,2020,28.6
VN_CTO,2017,26.9
VN_CTO,2022,28.9
VN_CTO,2021,23.3
VN_CTO,2023,30.6
VN_CTO,2016,25.2
VN_CTO,2021,27.6
VN_CTO,2025,24.1
VN_CTO,2016,29.1
VN_CTO,2018,27.7
VN_CTO,2022,32.4
VN_CTO,2023,29.8
VN_CTO,2022,31.1
VN_CTO,2017,31.5
VN_CTO,2022,24.1
VN_CTO,2024,28.6
VN_CTO,2015,28.2
VN_CTO,2016,30.5
VN_CTO,2016,33.0
VN_CTO,2024,26.7
VN_CTO,2022,28.3
VN_CTO,2016,26.3
VN_CTO,2025,28.1
VN_CTO,2022,28.7
VN_CTO,2016,27.0
VN_CTO,2018,26.6
VN_CTO,2017,27.7
VN_CTO,2020,26.8
VN_CTO,2020,27.3
VN_CTO,2018,21.4
VN_CTO,2021,27.9
VN_CTO,2022,28.5
VN_CTO,2018,26.9
VN_CTO,2019,30.8
VN_CTO,2023,26.3
VN_CTO,2025,28.5
VN_CTO,2023,27.8
VN_CTO,2025,28.6
VN_CTO,2018,28.0
VN_CTO,2024,29.5
VN_CTO,2023,26.1
VN_CTO,2019,24.8
VN_CTO,2018,31.0
VN_CTO,2015,31.7
VN_CTO,2017,22.4
VN_CTO,2019,30.2
VN_CTO,2016,25.0
VN_CTO,2018,26.2
VN_CTO,2020,29.6
VN_CTO,2020,32.7
VN_CTO,2019,28.3
VN_CTO,2024,33.4
VN_CTO,2015,22.9
VN_CTO,2016,27.5
VN_CTO,2019,27.8
VN_CTO,2016,31.6
VN_CTO,2015,28.0
VN_CTO,2022,19.7
VN_CTO,2020,29.9
VN_CTO,2021,28.8
VN_CTO,2020,25.9
VN_CTO,2021,31.7
VN_CTO,2020,29.0
VN_CTO,2021,29.6
VN_CTO,2025,24.5
VN_CTO,2024,33.1
VN_CTO,2021,31.6
VN_CTO,2021,28.4
VN_CTO,2025,25.9
VN_CTO,2021,30.0
VN_CTO,2021,27.8
VN_CTO,2017,24.2
VN_CTO,2016,30.9
VN_CTO,2015,22.2
VN_CTO,2021,28.6
VN_CTO,2024,22.4
VN_CTO,2019,27.4
VN_CTO,2023,32.3
VN_CTO,2025,27.7
VN_CTO,2019,27.1
VN_CTO,2020,28.2
VN_CTO,2016,28.2
VN_CTO,2019,27.7
VN_CTO,2015,26.2
VN_CTO,2022,22.9
VN_CTO,2024,27.9
VN_CTO,2025,24.5
VN_CTO,2016,24.4
VN_CTO,2021,29.4
VN_CTO,2020,23.7
VN_CTO,2019,24.5
VN_CTO,2022,27.7
VN_CTO,2016,22.2
VN_CTO,2025,28.7
VN_CTO,2017,27.7
VN_CTO,2022,32.7
VN_CTO,2023,25.7
VN_CTO,2021,29.8
VN_CTO,2016,30.0
VN_CTO,2022,26.7
VN_CTO,2022,26.4
VN_CTO,2015,31.0
VN_CTO,2024,29.0
VN_CTO,2021,25.4
VN_CTO,2019,33.2
VN_CTO,2019,28.3
VN_CTO,2023,23.1
VN_CTO,2023,34.7
VN_CTO,2024,26.7
VN_CTO,2024,23.9
VN_CTO,2025,27.3
VN_CTO,2015,28.4
VN_CTO,2016,29.3
VN_CTO,2016,28.9
VN_CTO,2022,29.5
VN_CTO,2021,25.7
VN_CTO,2017,32.7
VN_CTO,2018,27.6
VN_CTO,2015,29.9
VN_CTO,2024,26.9
VN_CTO,2023,33.4
VN_CTO,2025,28.8
VN_CTO,2016,30.2
VN_CTO,2024,27.8
VN_CTO,2015,27.6
VN_CTO,2021,28.6
VN_CTO,2019,27.2
VN_CTO,2020,28.6
VN_CTO,2023,29.6
VN_CTO,2017,29.2
VN_CTO,2017,25.5
VN_CTO,2023,22.1
VN_CTO,2019,24.6
VN_CTO,2024,25.2
VN_CTO,2017,22.3
VN_CTO,2020,32.5
VN_CTO,2021,26.9
VN_CTO,2023,25.3
VN_CTO,2016,26.5
VN_CTO,2022,33.1
VN_CTO,2025,28.5
VN_CTO,2025,28.7
VN_CTO,2017,26.0
VN_CTO,2023,24.8
VN_CTO,2022,23.2
VN_CTO,2022,28.7
VN_CTO,2025,27.7
VN_CTO,2022,26.4
VN_CTO,2023,25.8
VN_CTO,2022,32.1
VN_CTO,2024,28.6
VN_CTO,2019,31.8
VN_CTO,2015,31.8
VN_CTO,2016,28.8
VN_CTO,2025,24.4
VN_CTO,2017,28.7
VN_CTO,2024,23.7
VN_CTO,2016,26.8
VN_CTO,2018,34.7
VN_CTO,2020,30.4
VN_CTO,2019,28.3
VN_CTO,2024,26.0
VN_CTO,2022,32.9
VN_CTO,2021,24.9
VN_CTO,2017,28.9
VN_CTO,2020,29.2
VN_CTO,2017,24.0
VN_CTO,2023,27.4
VN_CTO,2016,31.2
VN_CTO,2024,28.3
VN_CTO,2016,25.6
VN_CTO,2015,30.1
VN_CTO,2020,23.5
VN_CTO,2018,30.0
VN_CTO,2025,27.5
VN_CTO,2022,27.7
VN_CTO,2022,25.4
VN_CTO,2019,25.4
VN_CTO,2019,28.6
VN_PQC,2019,29.6
VN_PQC,2021,27.2
VN_PQC,2022,27.2
VN_PQC,2022,28.8
VN_PQC,2024,24.6
VN_PQC,2017,29.9
VN_PQC,2015,32.7
VN_PQC,2020,25.5
VN_PQC,2019,26.3
VN_PQC,2017,32.5
VN_PQC,2025,25.3
VN_PQC,2018,26.6
VN_PQC,2025,26.2
VN_PQC,2024,30.1
VN_PQC,2015,25.9
VN_PQC,2025,30.4
VN_PQC,2025,34.7
VN_PQC,2022,34.0
VN_PQC,2020,31.8
VN_PQC,2025,25.4
VN_PQC,2019,25.3
VN_PQC,2015,26.1
VN_PQC,2019,28.9
VN_PQC,2023,20.1
VN_PQC,2020,29.5
VN_PQC,2022,27.1
VN_PQC,2019,24.3
VN_PQC,2020,25.9
VN_PQC,2025,26.0
VN_PQC,2020,29.1
VN_PQC,2021,31.0
VN_PQC,2021,25.8
VN_PQC,2019,20.8
VN_PQC,2021,30.3
VN_PQC,2022,22.2
VN_PQC,2015,23.7
VN_PQC,2016,33.4
VN_PQC,2021,27.6
VN_PQC,2025,25.2
VN_PQC,2020,26.1
VN_PQC,2025,27.7
VN_PQC,2019,30.7
VN_PQC,2025,25.5
VN_PQC,2023,25.6
VN_PQC,2017,28.7
VN_PQC,2023,23.9
VN_PQC,2022,25.3
VN_PQC,2025,27.2
VN_PQC,2020,30.0
VN_PQC,2016,27.9
VN_PQC,2016,25.8
VN_PQC,2022,30.0
VN_PQC,2022,27.2
VN_PQC,2017,26.2
VN_PQC,2022,30.5
VN_PQC,2022,31.3
VN_PQC,2023,25.1
VN_PQC,2020,25.3
VN_PQC,2018,23.3
VN_PQC,2021,21.4
VN_PQC,2016,25.4
VN_PQC,2016,26.0
VN_PQC,2023,28.3
VN_PQC,2017,29.9
VN_PQC,2015,24.6
VN_PQC,2018,25.7
VN_PQC,2021,24.3
VN_PQC,2024,24.9
VN_PQC,2017,25.3
VN_PQC,2024,21.3
VN_PQC,2022,28.9
VN_PQC,2021,33.3
VN_PQC,2019,32.5
VN_PQC,2019,26.7
VN_PQC,2023,31.5
VN_PQC,2016,28.5
VN_PQC,2024,29.5
VN_PQC,2025,29.2
VN_PQC,2017,24.6
VN_PQC,2021,27.3
VN_PQC,2017,29.6
VN_PQC,2024,30.3
VN_PQC,2024,27.0
VN_PQC,2016,25.5
VN_PQC,2015,24.6
VN_PQC,2023,27.3
VN_PQC,2017,35.3
VN_PQC,2016,29.5
VN_PQC,2017,30.4
VN_PQC,2015,27.4
VN_PQC,2024,27.2
VN_PQC,2020,30.8
VN_PQC,2017,35.7
VN_PQC,2023,27.2
VN_PQC,2022,27.5
VN_PQC,2020,31.0
VN_PQC,2025,31.9
VN_PQC,2020,21.7
VN_PQC,2018,26.8
VN_PQC,2018,23.5
VN_PQC,2022,29.7
VN_PQC,2022,30.4
VN_PQC,2019,31.8
VN_PQC,2022,26.7
VN_PQC,2025,24.2
VN_PQC,2017,23.6
VN_PQC,2019,30.9
VN_PQC,2025,31.6
VN_PQC,2017,26.4
VN_PQC,2018,32.2
VN_PQC,2022,21.4
VN_PQC,2025,29.8
VN_PQC,2016,30.2
VN_PQC,2019,23.4
VN_PQC,2018,24.7
VN_PQC,2019,22.8
VN_PQC,2020,24.2
VN_PQC,2018,27.1
VN_PQC,2024,25.9
VN_PQC,2020,21.6
VN_PQC,2020,27.7
VN_PQC,2021,23.1
VN_PQC,2020,25.6
VN_PQC,2017,26.3
VN_PQC,2022,24.4
VN_PQC,2024,28.4
VN_PQC,2018,24.2
VN_PQC,2025,25.5
VN_PQC,2024,28.3
VN_PQC,2017,24.7
VN_PQC,2024,32.3
VN_PQC,2020,28.6
VN_PQC,2020,28.3
VN_PQC,2015,34.1
VN_PQC,2016,28.2
VN_PQC,2017,28.2
VN_PQC,2015,31.4
VN_PQC,2015,31.2
VN_PQC,2017,21.7
VN_PQC,2023,24.2
VN_PQC,2016,32.3
VN_PQC,2015,30.7
VN_PQC,2021,28.2
VN_PQC,2016,27.4
VN_PQC,2019,27.8
VN_PQC,2022,30.5
VN_PQC,2019,31.2
VN_PQC,2015,30.8
VN_PQC,2016,28.0
VN_PQC,2016,23.1
VN_PQC,2025,31.7
VN_PQC,2016,28.8
VN_PQC,2022,24.6
VN_PQC,2024,28.5
VN_PQC,2015,30.5
VN_PQC,2017,30.8
VN_PQC,2018,29.9
VN_PQC,2016,28.9
VN_PQC,2017,28.1
VN_PQC,2019,27.6
VN_PQC,2025,36.0
VN_PQC,2019,26.7
VN_PQC,2017,28.7
VN_PQC,2025,25.8
VN_PQC,2019,29.5
VN_PQC,2022,28.3
VN_PQC,2024,29.1
VN_PQC,2018,30.7
VN_PQC,2021,24.2
VN_PQC,2025,27.7
VN_PQC,2015,28.7
VN_PQC,2021,27.1
VN_PQC,2020,27.6
VN_PQC,2023,33.2
VN_PQC,2018,31.2
VN_PQC,2018,20.2
VN_PQC,2019,25.6
VN_PQC,2019,25.7
VN_PQC,2021,25.5
VN_PQC,2015,31.7
VN_PQC,2019,33.9
VN_PQC,2022,30.5
VN_PQC,2020,27.2
VN_PQC,2021,38.0
VN_PQC,2023,33.1
VN_PQC,2019,24.9
VN_PQC,2016,29.5
VN_PQC,2016,28.4
VN_PQC,2020,34.0
VN_PQC,2023,25.6
VN_PQC,2022,24.2
VN_PQC,2019,25.7
VN_PQC,2016,29.9
VN_PQC,2018,24.4
VN_PQC,2018,29.1
VN_PQC,2020,27.8
VN_PQC,2021,24.8
VN_PQC,2016,30.8
VN_PQC,2021,27.8
VN_PQC,2017,28.9
VN_PQC,2021,25.9
VN_PQC,2023,26.8
VN_PQC,2023,25.3
VN_PQC,2025,25.1
VN_PQC,2018,23.1
VN_PQC,2020,31.6
VN_PQC,2017,29.8
VN_PQC,2016,22.5
VN_PQC,2018,23.5
VN_PQC,2021,30.7
VN_PQC,2015,35.0
VN_PQC,2023,30.0
VN_PQC,2025,24.7
VN_PQC,2017,25.8
VN_PQC,2018,21.6
VN_PQC,2018,23.6
VN_PQC,2025,27.8
VN_PQC,2024,34.3
VN_PQC,2022,31.4
VN_PQC,2018,28.3
VN_PQC,2024,23.9
VN_PQC,2024,25.4
VN_PQC,2024,25.1
VN_PQC,2023,21.9
VN_PQC,2025,28.6
VN_PQC,2021,28.2
VN_PQC,2024,24.4
VN_PQC,2024,24.6
VN_PQC,2018,27.0
VN_PQC,2018,32.9
VN_PQC,2019,32.7
VN_PQC,2023,30.2
VN_PQC,2016,37.2
VN_PQC,2016,28.4
VN_PQC,2025,32.1
VN_PQC,2021,21.1
VN_PQC,2022,27.8
VN_PQC,2021,28.3
VN_PQC,2019,30.1
VN_PQC,2018,32.2
VN_PQC,2023,21.8
VN_PQC,2016,28.5
VN_PQC,2019,31.7
VN_PQC,2015,31.5
VN_PQC,2025,30.0
VN_PQC,2023,27.6
VN_PQC,2019,29.5
VN_PQC,2016,27.5
VN_PQC,2018,22.2
VN_PQC,2016,21.9
VN_PQC,2022,30.4
VN_PQC,2015,28.4
VN_PQC,2024,22.6
VN_PQC,2025,26.9
VN_PQC,2018,28.4
VN_PQC,2015,30.6
VN_PQC,2020,30.0
VN_PQC,2018,31.2
VN_PQC,2019,28.4
VN_PQC,2017,25.9
VN_PQC,2021,26.8
VN_PQC,2021,29.5
VN_PQC,2022,26.7
VN_PQC,2017,28.8
VN_PQC,2016,28.1
VN_PQC,2024,27.8
VN_PQC,2020,29.4
VN_PQC,2022,31.9
VN_PQC,2018,31.8
VN_PQC,2025,30.8
VN_PQC,2015,24.3
VN_PQC,2023,30.4
VN_PQC,2018,27.8
VN_PQC,2020,28.9
VN_PQC,2024,31.8
VN_PQC,2023,26.7
VN_PQC,2022,30.1
VN_PQC,2016,29.4
VN_PQC,2025,31.5
VN_PQC,2022,21.0
VN_PQC,2016,30.9
VN_PQC,2020,28.5
VN_PQC,2017,27.6
VN_PQC,2017,26.9
VN_PQC,2020,33.0
VN_PQC,2021,24.6
VN_PQC,2019,29.1
VN_PQC,2023,29.6
VN_PQC,2018,31.3
VN_PQC,2024,28.4
VN_PQC,2017,29.8
VN_PQC,2018,28.4
VN_PQC,2018,31.2
VN_PQC,2022,23.9
VN_PQC,2018,29.7
VN_PQC,2016,28.3
VN_PQC,2025,26.5
VN_PQC,2015,27.9
VN_PQC,2024,27.0
VN_PQC,2015,27.4
VN_PQC,2024,25.2
VN_PQC,2015,28.5
VN_PQC,2025,27.6
VN_PQC,2023,32.5
VN_PQC,2024,30.0
VN_PQC,2016,28.0
VN_PQC,2020,27.6
VN_PQC,2018,23.0
VN_PQC,2017,26.5
VN_PQC,2018,28.6
VN_PQC,2016,22.2
VN_PQC,2020,31.9
VN_PQC,2023,29.2
VN_PQC,2022,25.5
VN_PQC,2025,30.7
VN_PQC,2016,25.3
VN_PQC,2018,28.0
VN_PQC,2016,29.1
VN_PQC,2022,32.3
VN_PQC,2023,27.4
VN_PQC,2021,30.4
VN_PQC,2024,28.6
VN_PQC,2015,24.7
VN_PQC,2025,24.7
VN_PQC,2020,26.1
VN_PQC,2017,27.4
VN_PQC,2016,26.0
VN_PQC,2018,27.4
VN_PQC,2023,36.9
VN_PQC,2024,27.7
VN_PQC,2025,27.7
VN_PQC,2018,28.7
VN_PQC,2023,27.3
VN_PQC,2015,23.5
VN_PQC,2022,27.3
VN_PQC,2015,25.8
VN_PQC,2025,33.1
VN_PQC,2015,26.6
VN_PQC,2016,29.1
VN_PQC,2016,31.5
VN_PQC,2019,28.7
VN_PQC,2015,33.2
VN_PQC,2016,35.1
VN_PQC,2016,28.9
VN_PQC,2019,30.0
VN_PQC,2020,27.2
VN_PQC,2018,36.1
VN_PQC,2021,33.2
VN_PQC,2023,26.8
VN_PQC,2017,25.6
VN_PQC,2020,27.8
VN_PQC,2024,30.0
VN_PQC,2018,31.5
VN_PQC,2021,25.8
VN_PQC,2022,28.8
VN_PQC,2024,30.9
VN_PQC,2022,28.4
VN_PQC,2020,26.4
VN_PQC,2025,25.3
VN_PQC,2022,34.9
VN_PQC,2018,28.0
VN_PQC,2024,25.4
VN_PQC,2022,24.1
VN_PQC,2024,29.2
VN_PQC,2023,27.8
VN_PQC,2018,26.5
VN_PQC,2018,27.0
VN_PQC,2017,31.4
VN_PQC,2016,28.2
VN_PQC,2021,30.7
VN_PQC,2020,20.4
VN_PQC,2016,26.7
VN_PQC,2016,26.1
VN_PQC,2020,31.4
VN_PQC,2019,26.6
VN_PQC,2015,25.1
VN_PQC,2019,29.6
VN_PQC,2025,29.2
VN_PQC,2025,27.6
VN_PQC,2025,23.8
VN_PQC,2024,28.9
VN_PQC,2022,30.1
VN_PQC,2016,27.6
VN_PQC,2023,23.9
VN_PQC,2024,24.6
VN_PQC,2016,30.0
VN_PQC,2020,21.6
VN_PQC,2017,34.2
VN_PQC,2020,28.5
VN_PQC,2015,26.3
VN_PQC,2017,32.5
VN_PQC,2023,29.4
VN_PQC,2023,27.2
VN_PQC,2023,24.3
VN_PQC,2015,33.3
VN_PQC,2022,26.8
VN_PQC,2023,32.4
VN_PQC,2023,28.3
VN_PQC,2020,28.6
VN_PQC,2025,26.6
VN_PQC,2021,30.1
VN_PQC,2023,23.1
VN_DAD,2018,19.5
VN_DAD,2019,18.7
VN_DAD,2019,29.3
VN_DAD,2021,27.6
VN_DAD,2016,25.3
VN_DAD,2015,27.9
VN_DAD,2018,29.7
VN_DAD,2021,21.8
VN_DAD,2024,26.4
VN_DAD,2019,29.5
VN_DAD,2022,25.8
VN_DAD,2020,25.6
VN_DAD,2020,32.8
VN_DAD,2017,29.6
VN_DAD,2023,29.2
VN_DAD,2017,32.9
VN_DAD,2022,24.5
VN_DAD,2021,28.5
VN_DAD,2025,32.8
VN_DAD,2021,24.0
VN_DAD,2024,25.8
VN_DAD,2016,22.9
VN_DAD,2019,22.5
VN_DAD,2020,21.1
VN_DAD,2025,27.3
VN_DAD,2023,25.1
VN_DAD,2024,26.7
VN_DAD,2018,24.8
VN_DAD,2015,24.3
VN_DAD,2020,29.5
VN_DAD,2019,28.1
VN_DAD,2023,23.7
VN_DAD,2025,19.2
VN_DAD,2023,25.7
VN_DAD,2022,24.8
VN_DAD,2025,30.3
VN_DAD,2024,25.0
VN_DAD,2020,29.7
VN_DAD,2019,29.8
VN_DAD,2017,25.5
VN_DAD,2017,24.5
VN_DAD,2021,26.7
VN_DAD,2016,27.0
VN_DAD,2023,29.4
VN_DAD,2023,28.6
VN_DAD,2018,21.2
VN_DAD,2020,28.9
VN_DAD,2021,27.5
VN_DAD,2020,28.8
VN_DAD,2021,24.3
VN_DAD,2019,27.8
VN_DAD,2015,31.1
VN_DAD,2024,28.2
VN_DAD,2021,33.5
VN_DAD,2024,26.5
VN_DAD,2017,28.5
VN_DAD,2016,25.5
VN_DAD,2022,27.8
VN_DAD,2019,27.2
VN_DAD,2023,26.1
VN_DAD,2025,30.1
VN_DAD,2019,27.2
VN_DAD,2020,26.9
VN_DAD,2022,23.9
VN_DAD,2021,25.2
VN_DAD,2023,24.1
VN_DAD,2015,25.4
VN_DAD,2015,28.3
VN_DAD,2018,23.4
VN_DAD,2020,24.6
VN_DAD,2017,24.9
VN_DAD,2018,24.9
VN_DAD,2023,19.5
VN_DAD,2018,27.7
VN_DAD,2022,27.7
VN_DAD,2015,28.6
VN_DAD,2024,20.4
VN_DAD,2020,21.3
VN_DAD,2025,26.9
VN_DAD,2019,21.9
VN_DAD,2025,24.7
VN_DAD,2024,28.4
VN_DAD,2023,25.9
VN_DAD,2022,29.1
VN_DAD,2017,29.8
VN_DAD,2015,23.9
VN_DAD,2022,30.2
VN_DAD,2022,31.8
VN_DAD,2021,25.8
VN_DAD,2025,29.1
VN_DAD,2021,22.8
VN_DAD,2021,24.0
VN_DAD,2022,26.8
VN_DAD,2024,22.0
VN_DAD,2017,18.5
VN_DAD,2023,26.9
VN_DAD,2016,25.7
VN_DAD,2017,26.3
VN_DAD,2016,24.5
VN_DAD,2019,30.6
VN_DAD,2020,31.3
VN_DAD,2025,19.3
VN_DAD,2021,33.9
VN_DAD,2024,26.1
VN_DAD,2019,27.1
VN_DAD,2024,23.3
VN_DAD,2023,24.1
VN_DAD,2018,35.9
VN_DAD,2019,22.2
VN_DAD,2020,28.6
VN_DAD,2022,25.2
VN_DAD,2018,25.8
VN_DAD,2023,30.3
VN_DAD,2025,27.0
VN_DAD,2023,28.6
VN_DAD,2017,30.1
VN_DAD,2020,27.7
VN_DAD,2016,30.3
VN_DAD,2020,21.5
VN_DAD,2019,27.8
VN_DAD,2019,29.6
VN_DAD,2025,27.3
VN_DAD,2016,21.9
VN_DAD,2019,26.0
VN_DAD,2020,27.8
VN_DAD,2019,31.1
VN_DAD,2017,25.0
VN_DAD,2018,27.1
VN_DAD,2020,24.6
VN_DAD,2020,24.1
VN_DAD,2023,27.3
VN_DAD,2016,27.3
VN_DAD,2023,25.4
VN_DAD,2018,23.7
VN_DAD,2018,30.6
VN_DAD,2022,26.1
VN_DAD,2019,24.4
VN_DAD,2017,25.8
VN_DAD,2016,25.4
VN_DAD,2017,26.7
VN_DAD,2017,21.8
VN_DAD,2021,25.7
VN_DAD,2019,23.8
VN_DAD,2020,28.6
VN_DAD,2021,25.4
VN_DAD,2024,24.9
VN_DAD,2025,27.8
VN_DAD,2023,25.6
VN_DAD,2019,24.0
VN_DAD,2023,30.3
VN_DAD,2021,20.6
VN_DAD,2022,27.8
VN_DAD,2022,26.4
VN_DAD,2018,25.0
VN_DAD,2021,29.6
VN_DAD,2015,27.0
VN_DAD,2023,26.4
VN_DAD,2024,24.2
VN_DAD,2019,27.0
VN_DAD,2016,23.5
VN_DAD,2018,20.9
VN_DAD,2020,25.2
VN_DAD,2020,25.5
VN_DAD,2025,24.6
VN_DAD,2021,28.2
VN_DAD,2016,30.9
VN_DAD,2025,24.7
VN_DAD,2021,25.8
VN_DAD,2024,26.9
VN_DAD,2022,24.7
VN_DAD,2025,26.0
VN_DAD,2018,27.7
VN_DAD,2017,26.3
VN_DAD,2018,30.0
VN_DAD,2017,23.5
VN_DAD,2025,31.4
VN_DAD,2018,25.4
VN_DAD,2017,28.4
VN_DAD,2022,26.2
VN_DAD,2017,35.3
VN_DAD,2016,25.1
VN_DAD,2019,29.4
VN_DAD,2019,29.4
VN_DAD,2024,23.1
VN_DAD,2025,23.9
VN_DAD,2024,28.7
VN_DAD,2021,29.6
VN_DAD,2015,28.9
VN_DAD,2022,22.0
VN_DAD,2021,26.2
VN_DAD,2025,24.2
VN_DAD,2019,23.9
VN_DAD,2018,22.5
VN_DAD,2025,31.9
VN_DAD,2025,24.6
VN_DAD,2023,23.2
VN_DAD,2023,29.1
VN_DAD,2021,27.8
VN_DAD,2021,24.7
VN_DAD,2016,25.6
VN_DAD,2023,32.4
VN_HAN,2023,22.5
VN_HAN,2019,21.7
VN_HAN,2015,25.2
VN_HAN,2016,23.8
VN_HAN,2017,25.4
VN_HAN,2021,20.6
VN_HAN,2016,24.7
VN_HAN,2023,28.5
VN_HAN,2018,22.5
VN_HAN,2022,26.2
VN_HAN,2017,19.6
VN_HAN,2018,22.7
VN_HAN,2019,23.1
VN_HAN,2015,24.2
VN_HAN,2018,22.4
VN_HAN,2018,25.2
VN_HAN,2025,20.9
VN_HAN,2024,23.2
VN_HAN,2024,21.0
VN_HAN,2015,23.0
VN_HAN,2018,24.2
VN_HAN,2019,27.6
VN_HAN,2015,25.3
VN_HAN,2018,21.9
VN_HAN,2024,25.3
VN_HAN,2019,20.7
VN_HAN,2020,21.0
VN_HAN,2017,23.1
VN_HAN,2020,22.6
VN_HAN,2025,20.3
VN_HAN,2021,22.5
VN_HAN,2023,23.2
VN_HAN,2015,23.1
VN_HAN,2021,18.8
VN_HAN,2021,20.6
VN_HAN,2022,23.4
VN_HAN,2024,20.8
VN_HAN,2019,19.9
VN_HAN,2018,24.2
VN_HAN,2020,25.7
VN_HAN,2016,21.8
VN_HAN,2017,24.2
VN_HAN,2025,25.7
VN_HAN,2017,27.0
VN_HAN,2023,25.6
VN_HAN,2024,18.0
VN_HAN,2018,26.0
VN_HAN,2018,22.1
VN_HAN,2023,23.1
VN_HAN,2023,19.3
VN_HAN,2016,26.7
VN_HAN,2018,24.9
VN_HAN,2017,22.6
VN_HAN,2023,26.5
VN_HAN,2021,17.6
VN_HAN,2018,20.9
VN_HAN,2021,18.5
VN_HAN,2020,23.9
VN_HAN,2021,22.4
VN_HAN,2016,19.8
VN_HAN,2023,21.1
VN_HAN,2021,23.2
VN_HAN,2020,25.9
VN_HAN,2018,22.9
VN_HAN,2015,26.8
VN_HAN,2020,23.1
VN_HAN,2020,22.8
VN_HAN,2017,26.2
VN_HAN,2020,22.8
VN_HAN,2019,27.1
VN_HAN,2023,21.5
VN_HAN,2015,24.9
VN_HAN,2021,21.9
VN_HAN,2025,21.4
VN_HAN,2024,27.0
VN_HAN,2019,26.1
VN_HAN,2023,24.3
VN_HAN,2024,24.1
VN_HAN,2022,24.3
VN_HAN,2020,24.4
VN_HAN,2016,18.9
VN_HAN,2015,19.0
VN_HAN,2022,22.3
VN_HAN,2022,20.2
VN_HAN,2020,22.1
VN_HAN,2019,22.8
VN_HAN,2024,25.4
VN_HAN,2016,23.0
VN_HAN,2021,29.1
VN_HAN,2018,23.6
VN_HAN,2024,21.8
VN_HAN,2024,23.9
VN_HAN,2016,27.4
VN_HAN,2022,19.0
VN_HAN,2019,28.7
VN_HAN,2024,23.8
VN_HAN,2025,25.1
VN_HAN,2022,28.1
VN_HAN,2019,22.7
VN_HAN,2016,27.8
VN_HAN,2018,25.4
VN_HAN,2015,22.3
VN_HAN,2020,23.0
VN_HAN,2023,20.6
VN_HAN,2017,23.2
VN_HAN,2015,24.0
VN_HAN,2018,24.9
VN_HAN,2023,28.5
VN_HAN,2019,24.1
VN_HAN,2020,25.9
VN_HAN,2024,25.9
VN_HAN,2023,28.6
VN_HAN,2023,20.9
VN_HAN,2023,25.7
VN_HAN,2015,23.9
VN_HAN,2025,24.5
VN_HAN,2024,24.4
VN_HAN,2019,22.2
VN_HAN,2018,27.8
VN_HAN,2023,21.7
VN_HAN,2020,26.6
VN_DLT,2019,16.2
VN_DLT,2016,18.8
VN_DLT,2016,16.8
VN_DLT,2020,19.2
VN_DLT,2024,15.1
VN_DLT,2020,19.6
VN_DLT,2018,16.6
VN_DLT,2016,17.8
VN_DLT,2025,16.0
VN_DLT,2017,13.9
VN_DLT,2016,20.8
VN_DLT,2016,16.4
VN_DLT,2022,18.6
VN_DLT,2015,21.7
VN_DLT,2019,16.1
VN_DLT,2019,14.4
VN_DLT,2023,19.7
VN_DLT,2020,17.5
VN_DLT,2023,23.6
VN_DLT,2015,13.6
VN_DLT,2024,20.2
VN_DLT,2019,18.7
VN_DLT,2020,17.7
VN_DLT,2019,15.4
VN_DLT,2016,21.1
VN_DLT,2017,15.4
VN_DLT,2023,17.6
VN_DLT,2021,20.1
VN_DLT,2015,17.7
VN_DLT,2023,21.4
VN_DLT,2019,18.1
VN_DLT,2019,18.6
VN_DLT,2018,14.8
VN_DLT,2023,23.6
VN_DLT,2021,14.8
VN_DLT,2025,18.0
VN_DLT,2025,16.5
VN_DLT,2017,17.4
VN_DLT,2025,19.1
VN_DLT,2018,16.3
VN_SPA,2019,10.9
VN_SPA,2025,17.0
VN_SPA,2025,17.6
VN_SPA,2018,19.4
VN_SPA,2021,18.8
VN_SPA,2023,9.4
VN_SPA,2022,15.6
VN_SPA,2017,18.7
VN_SPA,2019,19.9
VN_SPA,2020,13.6
VN_SPA,2018,17.4
VN_SPA,2021,14.9
VN_FAN,2020,11.0
VN_FAN,2015,11.7
VN_FAN,2020,4.2
